season,round,race_name,circuit_id,driver_id,driver_code,constructor_id,grid_position,finish_position,points,status,podium,dnf,quali_position,front_row,driver_champ_pos_pre,driver_points_pre,driver_wins_pre,con_champ_pos_pre,con_points_pre,con_wins_pre,rolling_avg_3,rolling_avg_5,points_momentum,dnf_rate_5,teammate_gap_3,con_pts_momentum,circuit_avg_finish,circuit_win_rate,num_pit_stops,fastest_lap_rank,avg_speed_kph,home_race
2019,1,Australian Grand Prix,albert_park,bottas,BOT,mercedes,2,1,26.0,Finished,1,0,2,1,10.0,0.0,0.0,5.0,0.0,0.0,,,,,0.0,0.0,10.0,0.0,1,1,223.075,0
2019,1,Australian Grand Prix,albert_park,hamilton,HAM,mercedes,1,2,18.0,Finished,1,0,1,1,10.0,0.0,0.0,5.0,0.0,0.0,,,,,0.0,0.0,10.0,0.0,1,2,221.839,0
2019,1,Australian Grand Prix,albert_park,max_verstappen,VER,red_bull,4,3,15.0,Finished,1,0,4,0,10.0,0.0,0.0,5.0,0.0,0.0,,,,,0.0,0.0,10.0,0.0,1,3,221.327,0
2019,1,Australian Grand Prix,albert_park,vettel,VET,ferrari,3,4,12.0,Finished,0,0,3,0,10.0,0.0,0.0,5.0,0.0,0.0,,,,,0.0,0.0,10.0,0.0,1,8,217.054,0
2019,1,Australian Grand Prix,albert_park,leclerc,LEC,ferrari,5,5,10.0,Finished,0,0,5,0,10.0,0.0,0.0,5.0,0.0,0.0,,,,,0.0,0.0,10.0,0.0,1,4,219.621,0
2019,1,Australian Grand Prix,albert_park,kevin_magnussen,MAG,haas,7,6,8.0,Finished,0,0,7,0,10.0,0.0,0.0,5.0,0.0,0.0,,,,,0.0,0.0,10.0,0.0,1,9,216.493,0
2019,1,Australian Grand Prix,albert_park,hulkenberg,HUL,renault,11,7,6.0,+1 Lap,0,0,11,0,10.0,0.0,0.0,5.0,0.0,0.0,,,,,0.0,0.0,10.0,0.0,1,12,215.851,0
2019,1,Australian Grand Prix,albert_park,raikkonen,RAI,alfa,9,8,4.0,+1 Lap,0,0,9,0,10.0,0.0,0.0,5.0,0.0,0.0,,,,,0.0,0.0,10.0,0.0,1,11,216.277,0
2019,1,Australian Grand Prix,albert_park,stroll,STR,racing_point,16,9,2.0,+1 Lap,0,0,16,0,10.0,0.0,0.0,5.0,0.0,0.0,,,,,0.0,0.0,10.0,0.0,1,7,218.011,0
2019,1,Australian Grand Prix,albert_park,kvyat,KVY,toro_rosso,15,10,1.0,+1 Lap,0,0,15,0,10.0,0.0,0.0,5.0,0.0,0.0,,,,,0.0,0.0,10.0,0.0,1,6,218.31,0
2019,1,Australian Grand Prix,albert_park,gasly,GAS,red_bull,17,11,0.0,+1 Lap,0,0,17,0,10.0,0.0,0.0,5.0,0.0,0.0,,,,,0.0,0.0,10.0,0.0,1,5,218.858,0
2019,1,Australian Grand Prix,albert_park,norris,NOR,mclaren,8,12,0.0,+1 Lap,0,0,8,0,10.0,0.0,0.0,5.0,0.0,0.0,,,,,0.0,0.0,10.0,0.0,1,16,215.581,0
2019,1,Australian Grand Prix,albert_park,perez,PER,racing_point,10,13,0.0,+1 Lap,0,0,10,0,10.0,0.0,0.0,5.0,0.0,0.0,,,,,0.0,0.0,10.0,0.0,1,15,215.751,0
2019,1,Australian Grand Prix,albert_park,albon,ALB,toro_rosso,13,14,0.0,+1 Lap,0,0,13,0,10.0,0.0,0.0,5.0,0.0,0.0,,,,,0.0,0.0,10.0,0.0,1,10,216.478,0
2019,1,Australian Grand Prix,albert_park,giovinazzi,GIO,alfa,14,15,0.0,+1 Lap,0,0,14,0,10.0,0.0,0.0,5.0,0.0,0.0,,,,,0.0,0.0,10.0,0.0,1,14,215.766,0
2019,1,Australian Grand Prix,albert_park,russell,RUS,williams,19,16,0.0,+2 Laps,0,0,19,0,10.0,0.0,0.0,5.0,0.0,0.0,,,,,0.0,0.0,10.0,0.0,2,17,215.197,0
2019,1,Australian Grand Prix,albert_park,kubica,KUB,williams,20,17,0.0,+3 Laps,0,0,20,0,10.0,0.0,0.0,5.0,0.0,0.0,,,,,0.0,0.0,10.0,0.0,3,18,213.821,0
2019,1,Australian Grand Prix,albert_park,grosjean,GRO,haas,6,18,0.0,Wheel,0,1,6,0,10.0,0.0,0.0,5.0,0.0,0.0,,,,,0.0,0.0,10.0,0.0,1,13,215.807,0
2019,1,Australian Grand Prix,albert_park,ricciardo,RIC,renault,12,19,0.0,Damage,0,1,12,0,10.0,0.0,0.0,5.0,0.0,0.0,,,,,0.0,0.0,10.0,0.0,1,19,212.478,1
2019,1,Australian Grand Prix,albert_park,sainz,SAI,mclaren,18,20,0.0,Engine,0,1,18,0,10.0,0.0,0.0,5.0,0.0,0.0,,,,,0.0,0.0,10.0,0.0,2,20,210.022,0
2019,2,Bahrain Grand Prix,bahrain,hamilton,HAM,mercedes,3,1,25.0,Finished,1,0,3,0,2.0,18.0,0.0,1.0,44.0,1.0,2.0,2.0,18.0,0.0,0.5,0.0,10.0,0.0,2,2,208.314,0
2019,2,Bahrain Grand Prix,bahrain,bottas,BOT,mercedes,4,2,18.0,Finished,1,0,4,0,1.0,26.0,1.0,1.0,44.0,1.0,1.0,1.0,26.0,0.0,-0.5,0.0,10.0,0.0,2,3,206.808,0
2019,2,Bahrain Grand Prix,bahrain,leclerc,LEC,ferrari,1,3,16.0,Finished,1,0,1,1,5.0,10.0,0.0,2.0,22.0,0.0,5.0,5.0,10.0,0.0,0.5,0.0,10.0,0.0,2,1,208.575,0
2019,2,Bahrain Grand Prix,bahrain,max_verstappen,VER,red_bull,5,4,12.0,Finished,0,0,5,0,3.0,15.0,0.0,3.0,15.0,0.0,3.0,3.0,15.0,0.0,-4.0,0.0,10.0,0.0,2,9,204.417,0
2019,2,Bahrain Grand Prix,bahrain,vettel,VET,ferrari,2,5,10.0,Finished,0,0,2,1,4.0,12.0,0.0,2.0,22.0,0.0,4.0,4.0,12.0,0.0,-0.5,0.0,10.0,0.0,3,4,205.313,0
2019,2,Bahrain Grand Prix,bahrain,norris,NOR,mclaren,9,6,8.0,Finished,0,0,10,0,16.0,0.0,0.0,9.0,0.0,0.0,12.0,12.0,0.0,0.0,-4.0,0.0,10.0,0.0,2,12,203.422,0
2019,2,Bahrain Grand Prix,bahrain,raikkonen,RAI,alfa,8,7,6.0,Finished,0,0,9,0,8.0,4.0,0.0,6.0,4.0,0.0,8.0,8.0,4.0,0.0,-3.5,0.0,10.0,0.0,2,11,203.822,0
2019,2,Bahrain Grand Prix,bahrain,gasly,GAS,red_bull,13,8,4.0,Finished,0,0,13,0,12.0,0.0,0.0,3.0,15.0,0.0,11.0,11.0,0.0,0.0,4.0,0.0,10.0,0.0,2,8,204.46,0
2019,2,Bahrain Grand Prix,bahrain,albon,ALB,toro_rosso,12,9,2.0,Finished,0,0,12,0,11.0,0.0,0.0,8.0,1.0,0.0,14.0,14.0,0.0,0.0,2.0,0.0,10.0,0.0,2,16,201.372,0
2019,2,Bahrain Grand Prix,bahrain,perez,PER,racing_point,14,10,1.0,Finished,0,0,14,0,18.0,0.0,0.0,7.0,2.0,0.0,13.0,13.0,0.0,0.0,2.0,0.0,10.0,0.0,2,14,202.254,0
2019,2,Bahrain Grand Prix,bahrain,giovinazzi,GIO,alfa,16,11,0.0,Finished,0,0,16,0,13.0,0.0,0.0,6.0,4.0,0.0,15.0,15.0,0.0,0.0,3.5,0.0,10.0,0.0,2,7,204.575,0
2019,2,Bahrain Grand Prix,bahrain,kvyat,KVY,toro_rosso,15,12,0.0,+1 Lap,0,0,15,0,10.0,1.0,0.0,8.0,1.0,0.0,10.0,10.0,1.0,0.0,-2.0,0.0,10.0,0.0,2,5,205.228,0
2019,2,Bahrain Grand Prix,bahrain,kevin_magnussen,MAG,haas,6,13,0.0,+1 Lap,0,0,6,0,6.0,8.0,0.0,4.0,8.0,0.0,6.0,6.0,8.0,0.0,-6.0,0.0,10.0,0.0,2,13,203.178,0
2019,2,Bahrain Grand Prix,bahrain,stroll,STR,racing_point,18,14,0.0,+1 Lap,0,0,18,0,9.0,2.0,0.0,7.0,2.0,0.0,9.0,9.0,2.0,0.0,-2.0,0.0,10.0,0.0,2,17,200.781,0
2019,2,Bahrain Grand Prix,bahrain,russell,RUS,williams,19,15,0.0,+1 Lap,0,0,19,0,20.0,0.0,0.0,10.0,0.0,0.0,16.0,16.0,0.0,0.0,-0.5,0.0,10.0,0.0,2,19,200.211,0
2019,2,Bahrain Grand Prix,bahrain,kubica,KUB,williams,20,16,0.0,+2 Laps,0,0,20,0,15.0,0.0,0.0,10.0,0.0,0.0,17.0,17.0,0.0,0.0,0.5,0.0,10.0,0.0,2,20,199.005,0
2019,2,Bahrain Grand Prix,bahrain,hulkenberg,HUL,renault,17,17,0.0,Engine,0,1,17,0,7.0,6.0,0.0,5.0,6.0,0.0,7.0,7.0,6.0,0.0,-6.0,0.0,10.0,0.0,2,6,204.623,0
2019,2,Bahrain Grand Prix,bahrain,ricciardo,RIC,renault,10,18,0.0,Out of fuel,0,1,11,0,17.0,0.0,0.0,5.0,6.0,0.0,19.0,19.0,0.0,1.0,6.0,0.0,10.0,0.0,1,15,201.487,0
2019,2,Bahrain Grand Prix,bahrain,sainz,SAI,mclaren,7,19,0.0,Collision damage,0,1,7,0,19.0,0.0,0.0,9.0,0.0,0.0,20.0,20.0,0.0,1.0,4.0,0.0,10.0,0.0,3,10,203.829,0
2019,2,Bahrain Grand Prix,bahrain,grosjean,GRO,haas,11,20,0.0,Retired,0,1,8,0,14.0,0.0,0.0,4.0,8.0,0.0,18.0,18.0,0.0,1.0,6.0,0.0,10.0,0.0,1,18,200.316,0
2019,3,Chinese Grand Prix,shanghai,hamilton,HAM,mercedes,2,1,25.0,Finished,1,0,2,1,2.0,43.0,1.0,1.0,87.0,2.0,1.5,1.5,43.0,0.0,0.0,0.0,10.0,0.0,2,5,204.642,0
2019,3,Chinese Grand Prix,shanghai,bottas,BOT,mercedes,1,2,18.0,Finished,1,0,1,1,1.0,44.0,1.0,1.0,87.0,2.0,1.5,1.5,44.0,0.0,0.0,0.0,10.0,0.0,2,4,206.842,0
2019,3,Chinese Grand Prix,shanghai,vettel,VET,ferrari,3,3,15.0,Finished,1,0,3,0,5.0,22.0,0.0,2.0,48.0,0.0,4.5,4.5,22.0,0.0,0.25,0.0,10.0,0.0,2,2,206.921,0
2019,3,Chinese Grand Prix,shanghai,max_verstappen,VER,red_bull,5,4,12.0,Finished,0,0,5,0,3.0,27.0,0.0,3.0,31.0,0.0,3.5,3.5,27.0,0.0,-3.0,0.0,10.0,0.0,2,6,204.108,0
2019,3,Chinese Grand Prix,shanghai,leclerc,LEC,ferrari,4,5,10.0,Finished,0,0,4,0,4.0,26.0,0.0,2.0,48.0,0.0,4.0,4.0,26.0,0.0,-0.25,0.0,10.0,0.0,2,3,206.869,0
2019,3,Chinese Grand Prix,shanghai,gasly,GAS,red_bull,6,6,9.0,Finished,0,0,6,0,10.0,4.0,0.0,3.0,31.0,0.0,9.5,9.5,4.0,0.0,3.0,0.0,10.0,0.0,3,1,207.126,0
2019,3,Chinese Grand Prix,shanghai,ricciardo,RIC,renault,7,7,6.0,+1 Lap,0,0,7,0,18.0,0.0,0.0,7.0,6.0,0.0,18.5,18.5,0.0,1.0,3.25,0.0,10.0,0.0,1,16,198.957,0
2019,3,Chinese Grand Prix,shanghai,perez,PER,racing_point,12,8,4.0,+1 Lap,0,0,12,0,14.0,1.0,0.0,8.0,3.0,0.0,11.5,11.5,1.0,0.0,0.0,0.0,10.0,0.0,1,17,198.816,0
2019,3,Chinese Grand Prix,shanghai,raikkonen,RAI,alfa,13,9,2.0,+1 Lap,0,0,13,0,6.0,10.0,0.0,4.0,10.0,0.0,7.5,7.5,10.0,0.0,-2.75,0.0,10.0,0.0,1,12,200.625,0
2019,3,Chinese Grand Prix,shanghai,albon,ALB,toro_rosso,0,10,1.0,+1 Lap,0,0,20,0,12.0,2.0,0.0,9.0,3.0,0.0,11.5,11.5,2.0,0.0,0.25,0.0,10.0,0.0,1,18,198.416,0
2019,3,Chinese Grand Prix,shanghai,grosjean,GRO,haas,10,11,0.0,+1 Lap,0,0,10,0,16.0,0.0,0.0,6.0,8.0,0.0,19.0,19.0,0.0,1.0,4.75,0.0,10.0,0.0,2,8,202.57,0
2019,3,Chinese Grand Prix,shanghai,stroll,STR,racing_point,16,12,0.0,+1 Lap,0,0,16,0,11.0,2.0,0.0,8.0,3.0,0.0,11.5,11.5,2.0,0.0,0.0,0.0,10.0,0.0,2,7,202.978,0
2019,3,Chinese Grand Prix,shanghai,kevin_magnussen,MAG,haas,9,13,0.0,+1 Lap,0,0,9,0,7.0,8.0,0.0,6.0,8.0,0.0,9.5,9.5,8.0,0.0,-4.75,0.0,10.0,0.0,2,10,201.327,0
2019,3,Chinese Grand Prix,shanghai,sainz,SAI,mclaren,14,14,0.0,+1 Lap,0,0,14,0,19.0,0.0,0.0,5.0,8.0,0.0,19.5,19.5,0.0,1.0,5.25,0.0,10.0,0.0,2,11,201.263,0
2019,3,Chinese Grand Prix,shanghai,giovinazzi,GIO,alfa,19,15,0.0,+1 Lap,0,0,20,0,15.0,0.0,0.0,4.0,10.0,0.0,13.0,13.0,0.0,0.0,2.75,0.0,10.0,0.0,2,14,200.142,0
2019,3,Chinese Grand Prix,shanghai,russell,RUS,williams,17,16,0.0,+2 Laps,0,0,17,0,20.0,0.0,0.0,10.0,0.0,0.0,15.5,15.5,0.0,0.0,-0.5,0.0,10.0,0.0,2,9,201.716,0
2019,3,Chinese Grand Prix,shanghai,kubica,KUB,williams,18,17,0.0,+2 Laps,0,0,18,0,17.0,0.0,0.0,10.0,0.0,0.0,16.5,16.5,0.0,0.0,0.5,0.0,10.0,0.0,1,20,196.684,0
2019,3,Chinese Grand Prix,shanghai,norris,NOR,mclaren,15,18,0.0,Collision,0,1,15,0,8.0,8.0,0.0,5.0,8.0,0.0,9.0,9.0,8.0,0.0,-5.25,0.0,10.0,0.0,3,15,199.536,0
2019,3,Chinese Grand Prix,shanghai,kvyat,KVY,toro_rosso,11,19,0.0,Collision,0,1,11,0,13.0,1.0,0.0,9.0,3.0,0.0,11.0,11.0,1.0,0.0,-0.25,0.0,10.0,0.0,3,13,200.291,0
2019,3,Chinese Grand Prix,shanghai,hulkenberg,HUL,renault,8,20,0.0,Power Unit,0,1,8,0,9.0,6.0,0.0,7.0,6.0,0.0,12.0,12.0,6.0,0.5,-3.25,0.0,10.0,0.0,1,19,196.871,0
2019,4,Azerbaijan Grand Prix,baku,bottas,BOT,mercedes,1,1,25.0,Finished,1,0,1,1,2.0,62.0,1.0,1.0,130.0,3.0,1.6666666666666667,1.6666666666666667,62.0,0.0,0.16666666666666674,129.0,10.0,0.0,1,2,207.748,0
2019,4,Azerbaijan Grand Prix,baku,hamilton,HAM,mercedes,2,2,18.0,Finished,1,0,2,1,1.0,68.0,2.0,1.0,130.0,3.0,1.3333333333333333,1.3333333333333333,68.0,0.0,-0.16666666666666674,129.0,10.0,0.0,1,3,207.465,0
2019,4,Azerbaijan Grand Prix,baku,vettel,VET,ferrari,3,3,15.0,Finished,1,0,3,0,4.0,37.0,0.0,2.0,73.0,0.0,4.0,4.0,37.0,0.0,-0.16666666666666696,77.0,10.0,0.0,1,4,206.546,0
2019,4,Azerbaijan Grand Prix,baku,max_verstappen,VER,red_bull,4,4,12.0,Finished,0,0,4,0,3.0,39.0,0.0,3.0,52.0,0.0,3.6666666666666665,3.6666666666666665,39.0,0.0,-2.3333333333333335,49.0,10.0,0.0,1,5,206.221,0
2019,4,Azerbaijan Grand Prix,baku,leclerc,LEC,ferrari,8,5,11.0,Finished,0,0,9,0,5.0,36.0,0.0,2.0,73.0,0.0,4.333333333333333,4.333333333333333,36.0,0.0,0.16666666666666607,77.0,10.0,0.0,2,1,209.795,0
2019,4,Azerbaijan Grand Prix,baku,perez,PER,racing_point,5,6,8.0,Finished,0,0,5,0,12.0,5.0,0.0,8.0,7.0,0.0,10.333333333333334,10.333333333333334,5.0,0.0,-0.6666666666666661,15.0,10.0,0.0,1,7,204.795,0
2019,4,Azerbaijan Grand Prix,baku,sainz,SAI,mclaren,9,7,6.0,Finished,0,0,10,0,19.0,0.0,0.0,7.0,8.0,0.0,17.666666666666668,17.666666666666668,0.0,0.6666666666666666,2.833333333333334,18.0,10.0,0.0,1,10,204.247,0
2019,4,Azerbaijan Grand Prix,baku,norris,NOR,mclaren,7,8,4.0,Finished,0,0,7,0,8.0,8.0,0.0,7.0,8.0,0.0,12.0,12.0,8.0,0.3333333333333333,-2.833333333333334,18.0,10.0,0.0,2,6,205.047,0
2019,4,Azerbaijan Grand Prix,baku,stroll,STR,racing_point,13,9,2.0,Finished,0,0,14,0,14.0,2.0,0.0,8.0,7.0,0.0,11.666666666666666,11.666666666666666,2.0,0.0,0.6666666666666661,15.0,10.0,0.0,1,12,203.858,0
2019,4,Azerbaijan Grand Prix,baku,raikkonen,RAI,alfa,0,10,1.0,+1 Lap,0,0,19,0,7.0,12.0,0.0,4.0,12.0,0.0,8.0,8.0,12.0,0.0,-2.833333333333334,9.0,10.0,0.0,1,13,202.958,0
2019,4,Azerbaijan Grand Prix,baku,albon,ALB,toro_rosso,11,11,0.0,+1 Lap,0,0,12,0,13.0,3.0,0.0,9.0,4.0,0.0,11.0,11.0,3.0,0.0,-1.333333333333334,3.0,10.0,0.0,1,9,204.349,0
2019,4,Azerbaijan Grand Prix,baku,giovinazzi,GIO,alfa,17,12,0.0,+1 Lap,0,0,8,0,16.0,0.0,0.0,4.0,12.0,0.0,13.666666666666666,13.666666666666666,0.0,0.0,2.833333333333332,9.0,10.0,0.0,1,11,203.935,0
2019,4,Azerbaijan Grand Prix,baku,kevin_magnussen,MAG,haas,12,13,0.0,+1 Lap,0,0,13,0,9.0,8.0,0.0,6.0,8.0,0.0,10.666666666666666,10.666666666666666,8.0,0.0,-2.833333333333334,0.0,10.0,0.0,2,14,202.572,0
2019,4,Azerbaijan Grand Prix,baku,hulkenberg,HUL,renault,15,14,0.0,+1 Lap,0,0,16,0,10.0,6.0,0.0,5.0,12.0,0.0,14.666666666666666,14.666666666666666,6.0,0.6666666666666666,0.0,6.0,10.0,0.0,2,17,201.204,0
2019,4,Azerbaijan Grand Prix,baku,russell,RUS,williams,16,15,0.0,+2 Laps,0,0,17,0,20.0,0.0,0.0,10.0,0.0,0.0,15.666666666666666,15.666666666666666,0.0,0.0,-0.5000000000000018,0.0,10.0,0.0,2,16,201.497,0
2019,4,Azerbaijan Grand Prix,baku,kubica,KUB,williams,0,16,0.0,+2 Laps,0,0,18,0,17.0,0.0,0.0,10.0,0.0,0.0,16.666666666666668,16.666666666666668,0.0,0.0,0.5,0.0,10.0,0.0,3,19,200.64,0
2019,4,Azerbaijan Grand Prix,baku,gasly,GAS,red_bull,0,17,0.0,Transmission,0,1,20,0,6.0,13.0,0.0,3.0,52.0,0.0,8.333333333333334,8.333333333333334,13.0,0.0,2.333333333333334,49.0,10.0,0.0,2,8,204.43,0
2019,4,Azerbaijan Grand Prix,baku,grosjean,GRO,haas,14,18,0.0,Brakes,0,1,15,0,18.0,0.0,0.0,6.0,8.0,0.0,16.333333333333332,16.333333333333332,0.0,0.6666666666666666,2.833333333333332,0.0,10.0,0.0,1,20,199.146,0
2019,4,Azerbaijan Grand Prix,baku,kvyat,KVY,toro_rosso,6,19,0.0,Collision,0,1,6,0,15.0,1.0,0.0,9.0,4.0,0.0,13.666666666666666,13.666666666666666,1.0,0.3333333333333333,1.3333333333333321,3.0,10.0,0.0,1,18,200.692,0
2019,4,Azerbaijan Grand Prix,baku,ricciardo,RIC,renault,10,20,0.0,Collision,0,1,11,0,11.0,6.0,0.0,5.0,12.0,0.0,14.666666666666666,14.666666666666666,6.0,0.6666666666666666,0.0,6.0,10.0,0.0,1,15,202.41,0
2019,5,Spanish Grand Prix,catalunya,hamilton,HAM,mercedes,2,1,26.0,Finished,1,0,2,1,2.0,86.0,2.0,1.0,173.0,4.0,1.3333333333333333,1.5,68.0,0.0,-0.16666666666666674,130.0,10.0,0.0,2,1,213.499,0
2019,5,Spanish Grand Prix,catalunya,bottas,BOT,mercedes,1,2,18.0,Finished,1,0,1,1,1.0,87.0,2.0,1.0,173.0,4.0,1.6666666666666667,1.5,61.0,0.0,0.16666666666666674,130.0,10.0,0.0,2,2,212.835,0
2019,5,Spanish Grand Prix,catalunya,max_verstappen,VER,red_bull,4,3,15.0,Finished,1,0,4,0,4.0,51.0,0.0,3.0,64.0,0.0,4.0,3.75,36.0,0.0,-3.166666666666667,56.0,10.0,0.0,2,3,210.081,0
2019,5,Spanish Grand Prix,catalunya,vettel,VET,ferrari,3,4,12.0,Finished,0,0,3,0,3.0,52.0,0.0,2.0,99.0,0.0,3.6666666666666665,3.75,40.0,0.0,-0.3333333333333335,73.0,10.0,0.0,2,4,209.947,0
2019,5,Spanish Grand Prix,catalunya,leclerc,LEC,ferrari,5,5,10.0,Finished,0,0,5,0,5.0,47.0,0.0,2.0,99.0,0.0,4.333333333333333,4.5,37.0,0.0,0.33333333333333304,73.0,10.0,0.0,2,5,209.469,0
2019,5,Spanish Grand Prix,catalunya,gasly,GAS,red_bull,6,6,8.0,Finished,0,0,6,0,7.0,13.0,0.0,3.0,64.0,0.0,10.333333333333334,10.5,13.0,0.25,3.166666666666667,56.0,10.0,0.0,2,6,208.08,0
2019,5,Spanish Grand Prix,catalunya,kevin_magnussen,MAG,haas,8,7,6.0,Finished,0,0,8,0,10.0,8.0,0.0,8.0,8.0,0.0,13.0,11.25,0.0,0.0,-1.666666666666666,7.0,10.0,0.0,2,9,207.478,0
2019,5,Spanish Grand Prix,catalunya,sainz,SAI,mclaren,12,8,4.0,Finished,0,0,13,0,12.0,6.0,0.0,4.0,18.0,0.0,13.333333333333334,15.0,6.0,0.5,1.333333333333334,14.0,10.0,0.0,2,10,207.249,1
2019,5,Spanish Grand Prix,catalunya,kvyat,KVY,toro_rosso,9,9,2.0,Finished,0,0,9,0,16.0,1.0,0.0,9.0,4.0,0.0,16.666666666666668,15.0,0.0,0.5,3.333333333333334,3.0,10.0,0.0,2,8,207.591,0
2019,5,Spanish Grand Prix,catalunya,grosjean,GRO,haas,7,10,1.0,Finished,0,0,7,0,18.0,0.0,0.0,8.0,8.0,0.0,16.333333333333332,16.75,0.0,0.75,1.666666666666666,7.0,10.0,0.0,2,12,206.743,0
2019,5,Spanish Grand Prix,catalunya,albon,ALB,toro_rosso,11,11,0.0,Finished,0,0,12,0,15.0,3.0,0.0,9.0,4.0,0.0,10.0,11.0,3.0,0.0,-3.333333333333334,3.0,10.0,0.0,2,11,206.817,0
2019,5,Spanish Grand Prix,catalunya,ricciardo,RIC,renault,13,12,0.0,Finished,0,0,10,0,11.0,6.0,0.0,7.0,12.0,0.0,15.0,16.0,6.0,0.75,-1.0,6.0,10.0,0.0,2,7,207.876,0
2019,5,Spanish Grand Prix,catalunya,hulkenberg,HUL,renault,0,13,0.0,Finished,0,0,16,0,13.0,6.0,0.0,7.0,12.0,0.0,17.0,14.5,0.0,0.5,1.0,6.0,10.0,0.0,1,13,206.171,0
2019,5,Spanish Grand Prix,catalunya,raikkonen,RAI,alfa,14,14,0.0,Finished,0,0,14,0,8.0,13.0,0.0,6.0,13.0,0.0,8.666666666666666,8.5,9.0,0.0,-2.0,3.0,10.0,0.0,2,14,205.917,0
2019,5,Spanish Grand Prix,catalunya,perez,PER,racing_point,15,15,0.0,Finished,0,0,15,0,6.0,13.0,0.0,5.0,17.0,0.0,8.0,9.25,13.0,0.0,-1.833333333333334,14.0,10.0,0.0,2,16,204.717,0
2019,5,Spanish Grand Prix,catalunya,giovinazzi,GIO,alfa,18,16,0.0,Finished,0,0,18,0,17.0,0.0,0.0,6.0,13.0,0.0,12.666666666666666,13.25,0.0,0.0,2.0,3.0,10.0,0.0,2,15,204.782,0
2019,5,Spanish Grand Prix,catalunya,russell,RUS,williams,19,17,0.0,+1 Lap,0,0,19,0,20.0,0.0,0.0,10.0,0.0,0.0,15.333333333333334,15.5,0.0,0.0,-0.5,0.0,10.0,0.0,2,17,203.418,0
2019,5,Spanish Grand Prix,catalunya,kubica,KUB,williams,17,18,0.0,+1 Lap,0,0,20,0,19.0,0.0,0.0,10.0,0.0,0.0,16.333333333333332,16.5,0.0,0.0,0.4999999999999982,0.0,10.0,0.0,2,19,201.413,0
2019,5,Spanish Grand Prix,catalunya,stroll,STR,racing_point,16,19,0.0,Collision,0,1,17,0,14.0,4.0,0.0,5.0,17.0,0.0,11.666666666666666,11.0,2.0,0.0,1.8333333333333321,14.0,10.0,0.0,1,20,201.355,0
2019,5,Spanish Grand Prix,catalunya,norris,NOR,mclaren,10,20,0.0,Collision,0,1,11,0,9.0,12.0,0.0,4.0,18.0,0.0,10.666666666666666,11.0,12.0,0.25,-1.333333333333334,14.0,10.0,0.0,1,18,202.977,0
2019,6,Monaco Grand Prix,monaco,hamilton,HAM,mercedes,1,1,25.0,Finished,1,0,1,1,1.0,112.0,3.0,1.0,217.0,5.0,1.3333333333333333,1.4,69.0,0.0,-0.16666666666666674,127.0,10.0,0.0,1,6,157.721,0
2019,6,Monaco Grand Prix,monaco,vettel,VET,ferrari,4,2,18.0,Finished,1,0,4,0,4.0,64.0,0.0,2.0,121.0,0.0,3.3333333333333335,3.8,42.0,0.0,-0.8333333333333335,66.0,10.0,0.0,1,9,157.494,0
2019,6,Monaco Grand Prix,monaco,bottas,BOT,mercedes,2,3,15.0,Finished,1,0,2,1,2.0,105.0,2.0,1.0,217.0,5.0,1.6666666666666667,1.6,61.0,0.0,0.16666666666666674,127.0,10.0,0.0,2,2,159.828,0
2019,6,Monaco Grand Prix,monaco,max_verstappen,VER,red_bull,3,4,12.0,Finished,0,0,3,0,3.0,66.0,0.0,3.0,87.0,0.0,3.6666666666666665,3.6,39.0,0.0,-3.0000000000000004,58.0,10.0,0.0,1,7,157.593,0
2019,6,Monaco Grand Prix,monaco,gasly,GAS,red_bull,8,5,11.0,Finished,0,0,5,0,6.0,21.0,0.0,3.0,87.0,0.0,9.666666666666666,9.6,17.0,0.2,2.999999999999999,58.0,10.0,0.0,2,1,161.73,0
2019,6,Monaco Grand Prix,monaco,sainz,SAI,mclaren,9,6,8.0,Finished,0,0,9,0,11.0,10.0,0.0,4.0,22.0,0.0,9.666666666666666,13.6,10.0,0.4,-2.833333333333334,22.0,10.0,0.0,1,5,158.295,0
2019,6,Monaco Grand Prix,monaco,kvyat,KVY,toro_rosso,7,7,6.0,Finished,0,0,8,0,15.0,3.0,0.0,9.0,6.0,0.0,15.666666666666666,13.8,2.0,0.4,2.5,12.0,10.0,0.0,1,10,157.471,0
2019,6,Monaco Grand Prix,monaco,albon,ALB,toro_rosso,10,8,4.0,Finished,0,0,10,0,16.0,3.0,0.0,9.0,6.0,0.0,10.666666666666666,11.0,1.0,0.0,-2.5,12.0,10.0,0.0,1,3,158.89,0
2019,6,Monaco Grand Prix,monaco,ricciardo,RIC,renault,6,9,2.0,Finished,0,0,7,0,12.0,6.0,0.0,8.0,12.0,0.0,13.0,15.2,6.0,0.6,-1.333333333333334,2.0,10.0,0.0,1,4,158.701,0
2019,6,Monaco Grand Prix,monaco,grosjean,GRO,haas,13,10,1.0,Finished,0,0,13,0,17.0,1.0,0.0,6.0,15.0,0.0,13.0,15.4,1.0,0.6,1.0,8.0,10.0,0.0,1,16,156.531,0
2019,6,Monaco Grand Prix,monaco,norris,NOR,mclaren,12,11,0.0,Finished,0,0,12,0,10.0,12.0,0.0,4.0,22.0,0.0,15.333333333333334,12.8,4.0,0.4,2.833333333333334,22.0,10.0,0.0,1,13,157.214,0
2019,6,Monaco Grand Prix,monaco,perez,PER,racing_point,16,12,0.0,+1 Lap,0,0,17,0,8.0,13.0,0.0,5.0,17.0,0.0,9.666666666666666,10.4,12.0,0.0,-1.833333333333334,10.0,10.0,0.0,1,15,156.803,0
2019,6,Monaco Grand Prix,monaco,hulkenberg,HUL,renault,11,13,0.0,+1 Lap,0,0,11,0,13.0,6.0,0.0,8.0,12.0,0.0,15.666666666666666,14.2,0.0,0.4,1.3333333333333321,2.0,10.0,0.0,1,8,157.496,0
2019,6,Monaco Grand Prix,monaco,kevin_magnussen,MAG,haas,5,14,0.0,+1 Lap,0,0,6,0,7.0,14.0,0.0,6.0,15.0,0.0,11.0,10.4,6.0,0.0,-1.0,8.0,10.0,0.0,1,17,156.031,0
2019,6,Monaco Grand Prix,monaco,russell,RUS,williams,19,15,0.0,+1 Lap,0,0,19,0,20.0,0.0,0.0,10.0,0.0,0.0,16.0,15.8,0.0,0.0,-0.5,0.0,10.0,0.0,1,18,155.938,0
2019,6,Monaco Grand Prix,monaco,stroll,STR,racing_point,17,16,0.0,+1 Lap,0,0,18,0,14.0,4.0,0.0,5.0,17.0,0.0,13.333333333333334,12.6,2.0,0.2,1.833333333333334,10.0,10.0,0.0,1,12,157.284,0
2019,6,Monaco Grand Prix,monaco,raikkonen,RAI,alfa,14,17,0.0,+1 Lap,0,0,14,0,9.0,13.0,0.0,7.0,13.0,0.0,11.0,9.6,3.0,0.0,-1.666666666666666,1.0,10.0,0.0,1,14,157.166,0
2019,6,Monaco Grand Prix,monaco,kubica,KUB,williams,20,18,0.0,+1 Lap,0,0,20,0,19.0,0.0,0.0,10.0,0.0,0.0,17.0,16.8,0.0,0.0,0.5,0.0,10.0,0.0,1,19,155.233,0
2019,6,Monaco Grand Prix,monaco,giovinazzi,GIO,alfa,18,19,0.0,+2 Laps,0,0,15,0,18.0,0.0,0.0,7.0,13.0,0.0,14.333333333333334,13.8,0.0,0.0,1.6666666666666679,1.0,10.0,0.0,1,11,157.448,0
2019,6,Monaco Grand Prix,monaco,leclerc,LEC,ferrari,15,20,0.0,Collision,0,1,16,0,5.0,57.0,0.0,2.0,121.0,0.0,5.0,4.6,31.0,0.0,0.833333333333333,66.0,10.0,0.0,2,20,151.775,1
2019,7,Canadian Grand Prix,villeneuve,hamilton,HAM,mercedes,2,1,25.0,Finished,1,0,2,1,1.0,137.0,4.0,1.0,257.0,6.0,1.3333333333333333,1.2,69.0,0.0,-0.3333333333333335,122.0,10.0,0.0,1,4,209.851,0
2019,7,Canadian Grand Prix,villeneuve,vettel,VET,ferrari,1,2,18.0,Finished,1,0,1,1,3.0,82.0,0.0,2.0,139.0,0.0,3.0,3.4,45.0,0.0,-3.5,73.0,10.0,0.0,1,5,209.677,0
2019,7,Canadian Grand Prix,villeneuve,leclerc,LEC,ferrari,3,3,15.0,Finished,1,0,3,0,5.0,57.0,0.0,2.0,139.0,0.0,10.0,7.6,21.0,0.2,3.5,73.0,10.0,0.0,1,2,211.14,0
2019,7,Canadian Grand Prix,villeneuve,bottas,BOT,mercedes,6,4,13.0,Finished,0,0,6,0,2.0,120.0,2.0,1.0,257.0,6.0,2.0,2.0,58.0,0.0,0.33333333333333326,122.0,10.0,0.0,2,1,214.833,0
2019,7,Canadian Grand Prix,villeneuve,max_verstappen,VER,red_bull,9,5,10.0,Finished,0,0,11,0,4.0,78.0,0.0,3.0,110.0,0.0,3.6666666666666665,3.8,39.0,0.0,-2.8333333333333335,60.0,10.0,0.0,1,3,209.98,0
2019,7,Canadian Grand Prix,villeneuve,ricciardo,RIC,renault,4,6,8.0,+1 Lap,0,0,4,0,13.0,8.0,0.0,8.0,14.0,0.0,13.666666666666666,13.2,2.0,0.4,0.16666666666666607,16.0,10.0,0.0,1,9,206.37,0
2019,7,Canadian Grand Prix,villeneuve,hulkenberg,HUL,renault,7,7,6.0,+1 Lap,0,0,7,0,15.0,6.0,0.0,8.0,14.0,0.0,13.333333333333334,15.4,0.0,0.4,-0.16666666666666607,16.0,10.0,0.0,1,7,206.587,0
2019,7,Canadian Grand Prix,villeneuve,gasly,GAS,red_bull,5,8,4.0,+1 Lap,0,0,5,0,6.0,32.0,0.0,3.0,110.0,0.0,9.333333333333334,8.4,19.0,0.2,2.833333333333334,60.0,10.0,0.0,1,10,206.147,0
2019,7,Canadian Grand Prix,villeneuve,stroll,STR,racing_point,17,9,2.0,+1 Lap,0,0,18,0,16.0,4.0,0.0,5.0,17.0,0.0,14.666666666666666,14.0,2.0,0.2,1.8333333333333321,2.0,10.0,0.0,1,8,206.456,1
2019,7,Canadian Grand Prix,villeneuve,kvyat,KVY,toro_rosso,10,10,1.0,+1 Lap,0,0,12,0,12.0,9.0,0.0,7.0,16.0,0.0,11.666666666666666,13.2,8.0,0.4,0.8333333333333321,13.0,10.0,0.0,1,11,206.036,0
2019,7,Canadian Grand Prix,villeneuve,sainz,SAI,mclaren,11,11,0.0,+1 Lap,0,0,9,0,7.0,18.0,0.0,4.0,30.0,0.0,7.0,10.8,18.0,0.2,-3.0,12.0,10.0,0.0,1,15,205.301,0
2019,7,Canadian Grand Prix,villeneuve,perez,PER,racing_point,15,12,0.0,+1 Lap,0,0,16,0,10.0,13.0,0.0,5.0,17.0,0.0,11.0,10.2,8.0,0.0,-1.833333333333334,2.0,10.0,0.0,1,13,205.723,0
2019,7,Canadian Grand Prix,villeneuve,giovinazzi,GIO,alfa,12,13,0.0,+1 Lap,0,0,13,0,18.0,0.0,0.0,9.0,13.0,0.0,15.666666666666666,14.6,0.0,0.0,1.0,0.0,10.0,0.0,1,14,205.586,0
2019,7,Canadian Grand Prix,villeneuve,grosjean,GRO,haas,14,14,0.0,+1 Lap,0,0,15,0,17.0,2.0,0.0,6.0,16.0,0.0,12.666666666666666,13.8,2.0,0.4,0.6666666666666661,8.0,10.0,0.0,1,12,205.909,0
2019,7,Canadian Grand Prix,villeneuve,raikkonen,RAI,alfa,16,15,0.0,+1 Lap,0,0,17,0,9.0,13.0,0.0,9.0,13.0,0.0,13.666666666666666,11.4,1.0,0.0,-1.0,0.0,10.0,0.0,2,6,208.101,0
2019,7,Canadian Grand Prix,villeneuve,russell,RUS,williams,18,16,0.0,+2 Laps,0,0,19,0,20.0,0.0,0.0,10.0,0.0,0.0,15.666666666666666,15.6,0.0,0.0,-0.8333333333333339,0.0,10.0,0.0,1,17,203.254,0
2019,7,Canadian Grand Prix,villeneuve,kevin_magnussen,MAG,haas,0,17,0.0,+2 Laps,0,0,10,0,8.0,14.0,0.0,6.0,16.0,0.0,11.333333333333334,12.0,6.0,0.0,-0.6666666666666661,8.0,10.0,0.0,1,19,203.075,0
2019,7,Canadian Grand Prix,villeneuve,kubica,KUB,williams,19,18,0.0,+3 Laps,0,0,20,0,19.0,0.0,0.0,10.0,0.0,0.0,17.333333333333332,17.0,0.0,0.0,0.8333333333333321,0.0,10.0,0.0,2,18,203.139,0
2019,7,Canadian Grand Prix,villeneuve,albon,ALB,toro_rosso,13,19,0.0,Collision damage,0,1,14,0,14.0,7.0,0.0,7.0,16.0,0.0,10.0,9.8,4.0,0.0,-0.8333333333333339,13.0,10.0,0.0,1,16,203.491,0
2019,7,Canadian Grand Prix,villeneuve,norris,NOR,mclaren,8,20,0.0,Suspension,0,1,8,0,11.0,12.0,0.0,4.0,30.0,0.0,13.0,12.6,4.0,0.4,3.0,12.0,10.0,0.0,2,20,201.217,0
2019,8,French Grand Prix,ricard,hamilton,HAM,mercedes,1,1,25.0,Finished,1,0,1,1,1.0,162.0,5.0,1.0,295.0,7.0,1.0,1.2,76.0,0.0,-1.0,121.0,10.0,0.0,1,2,226.717,0
2019,8,French Grand Prix,ricard,bottas,BOT,mercedes,2,2,18.0,Finished,1,0,2,1,2.0,133.0,2.0,1.0,295.0,7.0,3.0,2.4,46.0,0.0,1.0,121.0,10.0,0.0,1,3,224.725,0
2019,8,French Grand Prix,ricard,leclerc,LEC,ferrari,3,3,15.0,Finished,1,0,3,0,5.0,72.0,0.0,2.0,172.0,0.0,9.333333333333334,7.6,25.0,0.2,3.333333333333334,77.0,10.0,0.0,1,4,224.146,0
2019,8,French Grand Prix,ricard,max_verstappen,VER,red_bull,4,4,12.0,Finished,0,0,4,0,4.0,88.0,0.0,3.0,124.0,0.0,4.0,4.0,37.0,0.0,-1.166666666666667,50.0,10.0,0.0,1,5,223.351,0
2019,8,French Grand Prix,ricard,vettel,VET,ferrari,7,5,11.0,Finished,0,0,7,0,3.0,100.0,0.0,2.0,172.0,0.0,2.6666666666666665,2.8,48.0,0.0,-3.3333333333333335,77.0,10.0,0.0,2,1,226.775,0
2019,8,French Grand Prix,ricard,sainz,SAI,mclaren,6,6,8.0,Finished,0,0,6,0,7.0,18.0,0.0,4.0,30.0,0.0,8.333333333333334,9.2,12.0,0.0,-4.333333333333332,18.0,10.0,0.0,1,6,222.408,0
2019,8,French Grand Prix,ricard,raikkonen,RAI,alfa,12,7,6.0,+1 Lap,0,0,12,0,11.0,13.0,0.0,9.0,13.0,0.0,15.333333333333334,13.0,0.0,0.0,-0.33333333333333215,6.0,10.0,0.0,1,8,221.677,0
2019,8,French Grand Prix,ricard,hulkenberg,HUL,renault,13,8,4.0,+1 Lap,0,0,13,0,13.0,12.0,0.0,5.0,28.0,0.0,11.0,13.4,6.0,0.2,1.0,20.0,10.0,0.0,1,10,221.497,0
2019,8,French Grand Prix,ricard,norris,NOR,mclaren,5,9,2.0,+1 Lap,0,0,5,0,12.0,12.0,0.0,4.0,30.0,0.0,17.0,15.4,0.0,0.6,4.333333333333334,18.0,10.0,0.0,1,7,221.955,0
2019,8,French Grand Prix,ricard,gasly,GAS,red_bull,9,10,1.0,+1 Lap,0,0,9,0,6.0,36.0,0.0,3.0,124.0,0.0,6.333333333333333,8.4,23.0,0.2,1.166666666666666,50.0,10.0,0.0,1,15,220.922,0
2019,8,French Grand Prix,ricard,ricciardo,RIC,renault,8,11,0.0,+1 Lap,0,0,8,0,8.0,16.0,0.0,5.0,28.0,0.0,9.0,10.8,10.0,0.2,-1.0,20.0,10.0,0.0,1,14,221.032,0
2019,8,French Grand Prix,ricard,perez,PER,racing_point,14,12,0.0,+1 Lap,0,0,14,0,10.0,13.0,0.0,6.0,19.0,0.0,13.0,10.6,0.0,0.0,-0.8333333333333339,2.0,10.0,0.0,1,11,221.348,0
2019,8,French Grand Prix,ricard,stroll,STR,racing_point,17,13,0.0,+1 Lap,0,0,18,0,16.0,6.0,0.0,6.0,19.0,0.0,14.666666666666666,13.0,2.0,0.2,0.8333333333333321,2.0,10.0,0.0,1,9,221.558,0
2019,8,French Grand Prix,ricard,kvyat,KVY,toro_rosso,19,14,0.0,+1 Lap,0,0,16,0,14.0,10.0,0.0,7.0,17.0,0.0,8.666666666666666,12.8,9.0,0.4,-2.0,11.0,10.0,0.0,1,16,220.857,0
2019,8,French Grand Prix,ricard,albon,ALB,toro_rosso,11,15,0.0,+1 Lap,0,0,11,0,15.0,7.0,0.0,7.0,17.0,0.0,12.666666666666666,11.8,4.0,0.2,2.0,11.0,10.0,0.0,1,12,221.313,0
2019,8,French Grand Prix,ricard,giovinazzi,GIO,alfa,10,16,0.0,+1 Lap,0,0,10,0,18.0,0.0,0.0,9.0,13.0,0.0,16.0,15.0,0.0,0.0,0.3333333333333339,6.0,10.0,0.0,2,13,221.113,0
2019,8,French Grand Prix,ricard,kevin_magnussen,MAG,haas,15,17,0.0,+1 Lap,0,0,15,0,9.0,14.0,0.0,8.0,16.0,0.0,12.666666666666666,12.8,6.0,0.0,0.6666666666666661,1.0,10.0,0.0,1,18,219.78,0
2019,8,French Grand Prix,ricard,kubica,KUB,williams,18,18,0.0,+2 Laps,0,0,20,0,19.0,0.0,0.0,10.0,0.0,0.0,18.0,17.4,0.0,0.0,1.0,0.0,10.0,0.0,1,20,217.696,0
2019,8,French Grand Prix,ricard,russell,RUS,williams,20,19,0.0,+2 Laps,0,0,19,0,20.0,0.0,0.0,10.0,0.0,0.0,16.0,15.8,0.0,0.0,-1.0,0.0,10.0,0.0,2,19,219.463,0
2019,8,French Grand Prix,ricard,grosjean,GRO,haas,16,20,0.0,Retired,0,1,17,0,17.0,2.0,0.0,8.0,16.0,0.0,11.333333333333334,12.6,2.0,0.2,-0.6666666666666661,1.0,10.0,0.0,1,17,219.782,0
2019,9,Austrian Grand Prix,red_bull_ring,max_verstappen,VER,red_bull,2,1,26.0,Finished,1,0,3,0,4.0,100.0,0.0,3.0,137.0,0.0,4.333333333333333,4.0,34.0,0.0,-1.666666666666667,59.0,10.0,0.0,1,1,230.378,0
2019,9,Austrian Grand Prix,red_bull_ring,leclerc,LEC,ferrari,1,2,18.0,Finished,1,0,1,1,5.0,87.0,0.0,2.0,198.0,0.0,8.666666666666666,7.2,30.0,0.2,2.833333333333333,89.0,10.0,0.0,1,3,228.62,0
2019,9,Austrian Grand Prix,red_bull_ring,bottas,BOT,mercedes,3,3,15.0,Finished,1,0,4,0,2.0,151.0,2.0,1.0,338.0,8.0,3.0,2.4,46.0,0.0,1.0,106.0,10.0,0.0,1,7,226.716,0
2019,9,Austrian Grand Prix,red_bull_ring,vettel,VET,ferrari,9,4,12.0,Finished,0,0,10,0,3.0,111.0,0.0,2.0,198.0,0.0,3.0,3.2,47.0,0.0,-2.833333333333333,89.0,10.0,0.0,2,2,229.694,0
2019,9,Austrian Grand Prix,red_bull_ring,hamilton,HAM,mercedes,4,5,10.0,Finished,0,0,2,1,1.0,187.0,6.0,1.0,338.0,8.0,1.0,1.2,75.0,0.0,-1.0,106.0,10.0,0.0,1,5,228.432,0
2019,9,Austrian Grand Prix,red_bull_ring,norris,NOR,mclaren,5,6,8.0,+1 Lap,0,0,6,0,11.0,14.0,0.0,4.0,40.0,0.0,13.333333333333334,13.6,2.0,0.4,2.833333333333334,22.0,10.0,0.0,1,8,226.274,0
2019,9,Austrian Grand Prix,red_bull_ring,gasly,GAS,red_bull,8,7,6.0,+1 Lap,0,0,9,0,6.0,37.0,0.0,3.0,137.0,0.0,7.666666666666667,9.2,16.0,0.2,1.666666666666667,59.0,10.0,0.0,1,9,225.974,0
2019,9,Austrian Grand Prix,red_bull_ring,sainz,SAI,mclaren,19,8,4.0,+1 Lap,0,0,15,0,7.0,26.0,0.0,4.0,40.0,0.0,7.666666666666667,7.6,16.0,0.0,-2.833333333333333,22.0,10.0,0.0,1,6,228.207,0
2019,9,Austrian Grand Prix,red_bull_ring,raikkonen,RAI,alfa,6,9,2.0,+1 Lap,0,0,7,0,8.0,19.0,0.0,6.0,19.0,0.0,13.0,12.6,6.0,0.0,-1.5,9.0,10.0,0.0,1,15,224.876,0
2019,9,Austrian Grand Prix,red_bull_ring,giovinazzi,GIO,alfa,7,10,1.0,+1 Lap,0,0,8,0,18.0,0.0,0.0,6.0,19.0,0.0,16.0,15.2,0.0,0.0,1.5,9.0,10.0,0.0,1,13,225.12,0
2019,9,Austrian Grand Prix,red_bull_ring,perez,PER,racing_point,13,11,0.0,+1 Lap,0,0,16,0,13.0,13.0,0.0,7.0,19.0,0.0,12.0,11.4,0.0,0.0,-0.3333333333333339,2.0,10.0,0.0,1,14,225.087,0
2019,9,Austrian Grand Prix,red_bull_ring,ricciardo,RIC,renault,12,12,0.0,+1 Lap,0,0,14,0,9.0,16.0,0.0,5.0,32.0,0.0,8.666666666666666,11.6,10.0,0.2,-0.3333333333333339,18.0,10.0,0.0,1,4,228.536,0
2019,9,Austrian Grand Prix,red_bull_ring,hulkenberg,HUL,renault,15,13,0.0,+1 Lap,0,0,12,0,10.0,16.0,0.0,5.0,32.0,0.0,9.333333333333334,11.0,10.0,0.0,0.3333333333333339,18.0,10.0,0.0,1,16,224.48,0
2019,9,Austrian Grand Prix,red_bull_ring,stroll,STR,racing_point,14,14,0.0,+1 Lap,0,0,17,0,16.0,6.0,0.0,7.0,19.0,0.0,12.666666666666666,13.2,2.0,0.2,0.33333333333333215,2.0,10.0,0.0,1,17,224.35,0
2019,9,Austrian Grand Prix,red_bull_ring,albon,ALB,toro_rosso,18,15,0.0,+1 Lap,0,0,13,0,15.0,7.0,0.0,8.0,17.0,0.0,14.0,12.8,4.0,0.2,1.833333333333334,1.0,10.0,0.0,1,11,225.463,0
2019,9,Austrian Grand Prix,red_bull_ring,grosjean,GRO,haas,11,16,0.0,+1 Lap,0,0,11,0,17.0,2.0,0.0,9.0,16.0,0.0,14.666666666666666,14.4,1.0,0.4,-0.6666666666666679,0.0,10.0,0.0,1,12,225.329,0
2019,9,Austrian Grand Prix,red_bull_ring,kvyat,KVY,toro_rosso,16,17,0.0,+1 Lap,0,0,18,0,14.0,10.0,0.0,8.0,17.0,0.0,10.333333333333334,11.8,7.0,0.2,-1.8333333333333321,1.0,10.0,0.0,1,18,223.672,0
2019,9,Austrian Grand Prix,red_bull_ring,russell,RUS,williams,0,18,0.0,+2 Laps,0,0,19,0,20.0,0.0,0.0,10.0,0.0,0.0,16.666666666666668,16.4,0.0,0.0,-0.6666666666666643,0.0,10.0,0.0,1,19,222.303,0
2019,9,Austrian Grand Prix,red_bull_ring,kevin_magnussen,MAG,haas,10,19,0.0,+2 Laps,0,0,5,0,12.0,14.0,0.0,9.0,16.0,0.0,16.0,13.6,0.0,0.0,0.6666666666666661,0.0,10.0,0.0,3,10,225.604,0
2019,9,Austrian Grand Prix,red_bull_ring,kubica,KUB,williams,17,20,0.0,+3 Laps,0,0,20,0,19.0,0.0,0.0,10.0,0.0,0.0,18.0,17.6,0.0,0.0,0.6666666666666679,0.0,10.0,0.0,1,20,219.051,0
2019,10,British Grand Prix,silverstone,hamilton,HAM,mercedes,2,1,26.0,Finished,1,0,2,1,1.0,197.0,6.0,1.0,363.0,8.0,2.3333333333333335,1.8,60.0,0.0,-0.33333333333333304,112.0,10.0,0.0,1,1,242.735,1
2019,10,British Grand Prix,silverstone,bottas,BOT,mercedes,1,2,18.0,Finished,1,0,1,1,2.0,166.0,2.0,1.0,363.0,8.0,3.0,2.8,46.0,0.0,0.3333333333333335,112.0,10.0,0.0,2,2,242.633,0
2019,10,British Grand Prix,silverstone,leclerc,LEC,ferrari,3,3,15.0,Finished,1,0,3,0,5.0,105.0,0.0,2.0,228.0,0.0,2.6666666666666665,6.6,48.0,0.2,-0.5,71.0,10.0,0.0,2,5,237.452,0
2019,10,British Grand Prix,silverstone,gasly,GAS,red_bull,5,4,12.0,Finished,0,0,5,0,6.0,43.0,0.0,3.0,169.0,1.0,8.333333333333334,7.2,11.0,0.0,2.500000000000001,67.0,10.0,0.0,1,8,236.839,0
2019,10,British Grand Prix,silverstone,max_verstappen,VER,red_bull,4,5,10.0,Finished,0,0,4,0,3.0,126.0,1.0,3.0,169.0,1.0,3.3333333333333335,3.4,48.0,0.0,-2.4999999999999996,67.0,10.0,0.0,2,4,237.561,0
2019,10,British Grand Prix,silverstone,sainz,SAI,mclaren,13,6,8.0,Finished,0,0,13,0,7.0,30.0,0.0,4.0,52.0,0.0,8.333333333333334,7.8,12.0,0.0,-1.666666666666666,30.0,10.0,0.0,1,11,236.277,0
2019,10,British Grand Prix,silverstone,ricciardo,RIC,renault,7,7,6.0,Finished,0,0,7,0,11.0,16.0,0.0,5.0,32.0,0.0,9.666666666666666,10.0,8.0,0.0,0.16666666666666607,11.0,10.0,0.0,2,9,236.628,0
2019,10,British Grand Prix,silverstone,raikkonen,RAI,alfa,12,8,4.0,Finished,0,0,12,0,9.0,21.0,0.0,6.0,22.0,0.0,10.333333333333334,12.4,8.0,0.0,-1.3333333333333321,13.0,10.0,0.0,1,14,235.551,0
2019,10,British Grand Prix,silverstone,kvyat,KVY,toro_rosso,17,9,2.0,Finished,0,0,17,0,14.0,10.0,0.0,8.0,17.0,0.0,13.666666666666666,11.4,1.0,0.0,-1.333333333333334,2.0,10.0,0.0,2,12,235.875,0
2019,10,British Grand Prix,silverstone,hulkenberg,HUL,renault,10,10,1.0,Finished,0,0,10,0,10.0,16.0,0.0,5.0,32.0,0.0,9.333333333333334,10.8,10.0,0.0,-0.16666666666666607,11.0,10.0,0.0,1,13,235.773,0
2019,10,British Grand Prix,silverstone,norris,NOR,mclaren,8,11,0.0,Finished,0,0,8,0,8.0,22.0,0.0,4.0,52.0,0.0,11.666666666666666,13.2,10.0,0.4,1.666666666666666,30.0,10.0,0.0,2,10,236.596,1
2019,10,British Grand Prix,silverstone,albon,ALB,toro_rosso,9,12,0.0,Finished,0,0,9,0,15.0,7.0,0.0,8.0,17.0,0.0,16.333333333333332,13.6,0.0,0.2,1.3333333333333321,2.0,10.0,0.0,1,15,233.378,0
2019,10,British Grand Prix,silverstone,stroll,STR,racing_point,18,13,0.0,Finished,0,0,18,0,16.0,6.0,0.0,7.0,19.0,0.0,12.0,14.2,2.0,0.2,0.16666666666666607,0.0,10.0,0.0,2,6,237.248,0
2019,10,British Grand Prix,silverstone,russell,RUS,williams,19,14,0.0,+1 Lap,0,0,19,0,20.0,0.0,0.0,10.0,0.0,0.0,17.666666666666668,17.0,0.0,0.0,-0.5,0.0,10.0,0.0,1,16,233.017,1
2019,10,British Grand Prix,silverstone,kubica,KUB,williams,20,15,0.0,+1 Lap,0,0,20,0,19.0,0.0,0.0,10.0,0.0,0.0,18.666666666666668,18.4,0.0,0.0,0.5,0.0,10.0,0.0,1,17,231.754,0
2019,10,British Grand Prix,silverstone,vettel,VET,ferrari,6,16,0.0,+1 Lap,0,0,6,0,4.0,123.0,0.0,2.0,228.0,0.0,3.6666666666666665,3.4,41.0,0.0,0.5,71.0,10.0,0.0,2,3,239.004,0
2019,10,British Grand Prix,silverstone,perez,PER,racing_point,15,17,0.0,+1 Lap,0,0,15,0,13.0,13.0,0.0,7.0,19.0,0.0,11.666666666666666,12.4,0.0,0.0,-0.16666666666666785,0.0,10.0,0.0,3,7,237.072,0
2019,10,British Grand Prix,silverstone,giovinazzi,GIO,alfa,11,18,0.0,Spun off,0,1,11,0,18.0,1.0,0.0,6.0,22.0,0.0,13.0,14.8,1.0,0.0,1.333333333333334,13.0,10.0,0.0,2,18,229.36,0
2019,10,British Grand Prix,silverstone,grosjean,GRO,haas,14,19,0.0,Collision,0,1,14,0,17.0,2.0,0.0,9.0,16.0,0.0,16.666666666666668,14.0,0.0,0.2,-0.5,0.0,10.0,0.0,1,20,224.775,0
2019,10,British Grand Prix,silverstone,kevin_magnussen,MAG,haas,16,20,0.0,Collision,0,1,16,0,12.0,14.0,0.0,9.0,16.0,0.0,17.666666666666668,14.8,0.0,0.0,0.5,0.0,10.0,0.0,1,19,227.001,0
2019,11,German Grand Prix,hockenheimring,max_verstappen,VER,red_bull,2,1,26.0,Finished,1,0,2,1,3.0,136.0,1.0,3.0,191.0,1.0,3.3333333333333335,3.8,48.0,0.0,-1.8333333333333335,80.0,10.0,0.0,5,1,214.839,0
2019,11,German Grand Prix,hockenheimring,vettel,VET,ferrari,20,2,18.0,Finished,1,0,20,0,4.0,123.0,0.0,2.0,243.0,0.0,8.333333333333334,5.8,23.0,0.0,2.833333333333334,63.0,10.0,0.0,5,2,214.423,0
2019,11,German Grand Prix,hockenheimring,kvyat,KVY,toro_rosso,14,3,15.0,Finished,1,0,14,0,14.0,12.0,0.0,7.0,19.0,0.0,13.333333333333334,11.4,2.0,0.0,-0.33333333333333215,25.0,10.0,0.0,4,6,211.9,0
2019,11,German Grand Prix,hockenheimring,stroll,STR,racing_point,15,4,12.0,Finished,0,0,15,0,16.0,6.0,0.0,8.0,19.0,0.0,13.333333333333334,13.0,0.0,0.0,0.0,12.0,10.0,0.0,5,8,211.566,0
2019,11,German Grand Prix,hockenheimring,sainz,SAI,mclaren,7,5,10.0,Finished,0,0,7,0,7.0,38.0,0.0,4.0,60.0,0.0,6.666666666666667,7.4,20.0,0.0,-1.0,30.0,10.0,0.0,3,9,211.538,0
2019,11,German Grand Prix,hockenheimring,albon,ALB,toro_rosso,16,6,8.0,Finished,0,0,17,0,15.0,7.0,0.0,7.0,19.0,0.0,14.0,13.8,0.0,0.2,0.3333333333333339,25.0,10.0,0.0,4,10,211.514,0
2019,11,German Grand Prix,hockenheimring,grosjean,GRO,haas,6,7,6.0,Finished,0,0,6,0,17.0,2.0,0.0,9.0,16.0,0.0,18.333333333333332,15.8,0.0,0.4,-0.16666666666666785,10.0,10.0,0.0,5,7,211.797,0
2019,11,German Grand Prix,hockenheimring,kevin_magnussen,MAG,haas,12,8,4.0,Finished,0,0,12,0,12.0,14.0,0.0,9.0,16.0,0.0,18.666666666666668,17.4,0.0,0.2,0.16666666666666785,10.0,10.0,0.0,6,5,212.45,0
2019,11,German Grand Prix,hockenheimring,hamilton,HAM,mercedes,1,9,2.0,Finished,0,0,1,1,1.0,223.0,7.0,1.0,407.0,9.0,2.3333333333333335,1.8,61.0,0.0,0.0,71.0,10.0,0.0,6,12,208.935,0
2019,11,German Grand Prix,hockenheimring,kubica,KUB,williams,18,10,1.0,Finished,0,0,19,0,19.0,0.0,0.0,10.0,0.0,0.0,17.666666666666668,17.8,0.0,0.0,0.3333333333333357,1.0,10.0,0.0,5,13,208.271,0
2019,11,German Grand Prix,hockenheimring,russell,RUS,williams,17,11,0.0,Finished,0,0,18,0,20.0,0.0,0.0,10.0,0.0,0.0,17.0,16.4,0.0,0.0,-0.33333333333333215,1.0,10.0,0.0,5,3,212.51,0
2019,11,German Grand Prix,hockenheimring,raikkonen,RAI,alfa,5,12,0.0,Finished,0,0,5,0,8.0,25.0,0.0,6.0,26.0,0.0,8.0,11.2,12.0,0.0,-3.333333333333334,7.0,10.0,0.0,4,15,206.96,0
2019,11,German Grand Prix,hockenheimring,giovinazzi,GIO,alfa,11,13,0.0,Finished,0,0,11,0,18.0,1.0,0.0,6.0,26.0,0.0,14.666666666666666,15.2,1.0,0.2,3.333333333333332,7.0,10.0,0.0,4,14,207.646,0
2019,11,German Grand Prix,hockenheimring,gasly,GAS,red_bull,4,14,0.0,Collision,0,1,4,0,6.0,55.0,0.0,3.0,191.0,1.0,7.0,6.8,19.0,0.0,1.833333333333333,80.0,10.0,0.0,4,4,212.483,0
2019,11,German Grand Prix,hockenheimring,bottas,BOT,mercedes,3,15,0.0,Accident,0,1,3,0,2.0,184.0,2.0,1.0,407.0,9.0,2.3333333333333335,2.8,51.0,0.0,0.0,71.0,10.0,0.0,4,11,210.374,0
2019,11,German Grand Prix,hockenheimring,hulkenberg,HUL,renault,9,16,0.0,Accident,0,1,9,0,11.0,17.0,0.0,5.0,39.0,0.0,10.333333333333334,10.2,5.0,0.0,0.16666666666666785,7.0,10.0,0.0,3,17,183.826,0
2019,11,German Grand Prix,hockenheimring,leclerc,LEC,ferrari,10,17,0.0,Accident,0,1,10,0,5.0,120.0,0.0,2.0,243.0,0.0,2.6666666666666665,6.2,48.0,0.2,-2.8333333333333335,63.0,10.0,0.0,3,16,187.764,0
2019,11,German Grand Prix,hockenheimring,norris,NOR,mclaren,19,18,0.0,Power loss,0,1,16,0,9.0,22.0,0.0,4.0,60.0,0.0,8.666666666666666,11.4,10.0,0.2,0.9999999999999991,30.0,10.0,0.0,2,18,180.788,0
2019,11,German Grand Prix,hockenheimring,ricciardo,RIC,renault,13,19,0.0,Exhaust,0,1,13,0,10.0,22.0,0.0,5.0,39.0,0.0,10.0,9.0,6.0,0.0,-0.16666666666666607,7.0,10.0,0.0,1,19,177.719,0
2019,11,German Grand Prix,hockenheimring,perez,PER,racing_point,8,20,0.0,Spun off,0,1,8,0,13.0,13.0,0.0,8.0,19.0,0.0,13.333333333333334,12.8,0.0,0.0,0.0,12.0,10.0,0.0,2,10,207.043,0
2019,12,Hungarian Grand Prix,hungaroring,hamilton,HAM,mercedes,3,1,25.0,Finished,1,0,3,0,1.0,225.0,7.0,1.0,409.0,9.0,5.0,3.4,38.0,0.0,-0.833333333333333,75.0,10.0,0.0,2,2,200.84,0
2019,12,Hungarian Grand Prix,hungaroring,max_verstappen,VER,red_bull,1,2,19.0,Finished,1,0,1,1,3.0,162.0,2.0,3.0,217.0,2.0,2.3333333333333335,3.2,62.0,0.0,-2.9999999999999996,75.0,10.0,0.0,2,1,204.552,0
2019,12,Hungarian Grand Prix,hungaroring,vettel,VET,ferrari,5,3,15.0,Finished,1,0,5,0,4.0,141.0,0.0,2.0,261.0,0.0,7.333333333333333,5.8,30.0,0.0,0.0,60.0,10.0,0.0,1,4,197.673,0
2019,12,Hungarian Grand Prix,hungaroring,leclerc,LEC,ferrari,4,4,12.0,Finished,0,0,4,0,5.0,120.0,0.0,2.0,261.0,0.0,7.333333333333333,5.6,33.0,0.2,0.0,60.0,10.0,0.0,1,5,195.937,0
2019,12,Hungarian Grand Prix,hungaroring,sainz,SAI,mclaren,8,5,10.0,+1 Lap,0,0,8,0,7.0,48.0,0.0,4.0,70.0,0.0,6.333333333333333,7.2,22.0,0.0,-2.666666666666667,30.0,10.0,0.0,1,10,194.706,0
2019,12,Hungarian Grand Prix,hungaroring,gasly,GAS,red_bull,6,6,8.0,+1 Lap,0,0,6,0,6.0,55.0,0.0,3.0,217.0,2.0,8.333333333333334,8.6,18.0,0.2,3.000000000000001,75.0,10.0,0.0,1,12,194.602,0
2019,12,Hungarian Grand Prix,hungaroring,raikkonen,RAI,alfa,10,7,6.0,+1 Lap,0,0,10,0,9.0,25.0,0.0,8.0,26.0,0.0,9.666666666666666,10.2,6.0,0.0,-2.0,10.0,10.0,0.0,1,9,195.0,0
2019,12,Hungarian Grand Prix,hungaroring,bottas,BOT,mercedes,2,8,4.0,+1 Lap,0,0,2,1,2.0,184.0,2.0,1.0,409.0,9.0,6.666666666666667,5.2,33.0,0.2,0.8333333333333339,75.0,10.0,0.0,2,3,198.807,0
2019,12,Hungarian Grand Prix,hungaroring,norris,NOR,mclaren,7,9,2.0,+1 Lap,0,0,7,0,10.0,22.0,0.0,4.0,70.0,0.0,11.666666666666666,12.8,8.0,0.4,2.666666666666666,30.0,10.0,0.0,1,13,194.26,0
2019,12,Hungarian Grand Prix,hungaroring,albon,ALB,toro_rosso,12,10,1.0,+1 Lap,0,0,12,0,15.0,15.0,0.0,5.0,42.0,0.0,11.0,13.4,8.0,0.2,0.6666666666666661,26.0,10.0,0.0,1,7,195.626,0
2019,12,Hungarian Grand Prix,hungaroring,perez,PER,racing_point,16,11,0.0,+1 Lap,0,0,17,0,16.0,13.0,0.0,7.0,31.0,0.0,16.0,14.4,0.0,0.2,2.833333333333334,12.0,10.0,0.0,1,15,192.962,0
2019,12,Hungarian Grand Prix,hungaroring,hulkenberg,HUL,renault,11,12,0.0,+1 Lap,0,0,11,0,14.0,17.0,0.0,6.0,39.0,0.0,13.0,10.8,1.0,0.2,0.16666666666666607,7.0,10.0,0.0,1,14,193.161,0
2019,12,Hungarian Grand Prix,hungaroring,kevin_magnussen,MAG,haas,14,13,0.0,+1 Lap,0,0,15,0,13.0,18.0,0.0,9.0,26.0,0.0,15.666666666666666,16.2,4.0,0.2,0.8333333333333321,10.0,10.0,0.0,1,11,194.691,0
2019,12,Hungarian Grand Prix,hungaroring,ricciardo,RIC,renault,20,14,0.0,+1 Lap,0,0,18,0,11.0,22.0,0.0,6.0,39.0,0.0,12.666666666666666,11.0,6.0,0.2,-0.16666666666666785,7.0,10.0,0.0,1,8,195.098,0
2019,12,Hungarian Grand Prix,hungaroring,kvyat,KVY,toro_rosso,13,15,0.0,+2 Laps,0,0,13,0,8.0,27.0,0.0,5.0,42.0,0.0,9.666666666666666,10.6,17.0,0.0,-0.6666666666666679,26.0,10.0,0.0,1,16,192.496,0
2019,12,Hungarian Grand Prix,hungaroring,russell,RUS,williams,15,16,0.0,+2 Laps,0,0,16,0,20.0,0.0,0.0,10.0,1.0,0.0,14.333333333333334,15.6,0.0,0.0,-0.33333333333333215,1.0,10.0,0.0,1,17,191.435,0
2019,12,Hungarian Grand Prix,hungaroring,stroll,STR,racing_point,18,17,0.0,+2 Laps,0,0,19,0,12.0,18.0,0.0,7.0,31.0,0.0,10.333333333333334,10.6,12.0,0.0,-2.833333333333332,12.0,10.0,0.0,2,6,195.67,0
2019,12,Hungarian Grand Prix,hungaroring,giovinazzi,GIO,alfa,17,18,0.0,+2 Laps,0,0,14,0,18.0,1.0,0.0,8.0,26.0,0.0,13.666666666666666,14.0,1.0,0.2,2.0,10.0,10.0,0.0,1,19,189.712,0
2019,12,Hungarian Grand Prix,hungaroring,kubica,KUB,williams,19,19,0.0,+3 Laps,0,0,20,0,19.0,1.0,0.0,10.0,1.0,0.0,15.0,16.2,1.0,0.0,0.3333333333333339,1.0,10.0,0.0,1,20,189.026,0
2019,12,Hungarian Grand Prix,hungaroring,grosjean,GRO,haas,9,20,0.0,Water pressure,0,1,9,0,17.0,8.0,0.0,9.0,26.0,0.0,14.0,15.2,6.0,0.4,-0.8333333333333339,10.0,10.0,0.0,1,18,190.457,0
2019,13,Belgian Grand Prix,spa,leclerc,LEC,ferrari,1,1,25.0,Finished,1,0,1,1,5.0,132.0,0.0,2.0,288.0,0.0,8.0,5.8,27.0,0.2,0.5,83.0,10.0,0.0,1,4,236.39,0
2019,13,Belgian Grand Prix,spa,hamilton,HAM,mercedes,3,2,18.0,Finished,1,0,3,0,1.0,250.0,8.0,1.0,438.0,10.0,3.6666666666666665,3.4,53.0,0.0,-2.3333333333333335,64.0,10.0,0.0,1,3,236.577,0
2019,13,Belgian Grand Prix,spa,bottas,BOT,mercedes,4,3,15.0,Finished,1,0,4,0,2.0,188.0,2.0,1.0,438.0,10.0,8.333333333333334,6.0,22.0,0.2,2.333333333333334,64.0,10.0,0.0,1,2,236.832,0
2019,13,Belgian Grand Prix,spa,vettel,VET,ferrari,2,4,13.0,Finished,0,0,2,1,4.0,156.0,0.0,2.0,288.0,0.0,7.0,6.0,33.0,0.0,-0.5,83.0,10.0,0.0,2,1,236.957,0
2019,13,Belgian Grand Prix,spa,albon,ALB,red_bull,17,5,10.0,Finished,0,0,14,0,15.0,16.0,0.0,3.0,244.0,2.0,9.333333333333334,11.6,9.0,0.0,4.000000000000001,63.0,10.0,0.0,1,5,234.537,0
2019,13,Belgian Grand Prix,spa,perez,PER,racing_point,7,6,8.0,Finished,0,0,9,0,16.0,13.0,0.0,8.0,31.0,0.0,16.0,14.2,0.0,0.2,2.333333333333334,21.0,10.0,0.0,1,13,231.79,0
2019,13,Belgian Grand Prix,spa,kvyat,KVY,toro_rosso,19,7,6.0,Finished,0,0,18,0,9.0,27.0,0.0,5.0,43.0,0.0,9.0,11.6,17.0,0.0,-0.16666666666666607,32.0,10.0,0.0,1,7,233.157,0
2019,13,Belgian Grand Prix,spa,hulkenberg,HUL,renault,12,8,4.0,Finished,0,0,7,0,14.0,17.0,0.0,6.0,39.0,0.0,12.666666666666666,11.8,1.0,0.2,-0.3333333333333339,4.0,10.0,0.0,2,9,232.714,0
2019,13,Belgian Grand Prix,spa,gasly,GAS,toro_rosso,13,9,2.0,Finished,0,0,16,0,6.0,63.0,0.0,5.0,43.0,0.0,8.0,8.2,20.0,0.2,-1.166666666666666,32.0,10.0,0.0,1,17,229.848,0
2019,13,Belgian Grand Prix,spa,stroll,STR,racing_point,16,10,1.0,Finished,0,0,13,0,12.0,18.0,0.0,8.0,31.0,0.0,11.333333333333334,12.2,12.0,0.0,-2.333333333333332,21.0,10.0,0.0,2,10,232.697,0
2019,13,Belgian Grand Prix,spa,norris,NOR,mclaren,11,11,0.0,Engine,0,1,12,0,10.0,24.0,0.0,4.0,82.0,0.0,12.666666666666666,10.6,2.0,0.2,3.666666666666666,22.0,10.0,0.0,1,8,232.774,0
2019,13,Belgian Grand Prix,spa,kevin_magnussen,MAG,haas,8,12,0.0,+1 Lap,0,0,10,0,13.0,18.0,0.0,9.0,26.0,0.0,13.666666666666666,15.4,4.0,0.2,-0.8333333333333339,10.0,10.0,0.0,1,11,232.012,0
2019,13,Belgian Grand Prix,spa,grosjean,GRO,haas,9,13,0.0,+1 Lap,0,0,11,0,17.0,8.0,0.0,9.0,26.0,0.0,15.333333333333334,16.4,6.0,0.6,0.8333333333333339,10.0,10.0,0.0,1,16,230.744,0
2019,13,Belgian Grand Prix,spa,ricciardo,RIC,renault,10,14,0.0,+1 Lap,0,0,6,0,11.0,22.0,0.0,6.0,39.0,0.0,13.333333333333334,12.6,6.0,0.2,0.3333333333333339,4.0,10.0,0.0,1,18,228.285,0
2019,13,Belgian Grand Prix,spa,russell,RUS,williams,14,15,0.0,+1 Lap,0,0,19,0,20.0,0.0,0.0,10.0,1.0,0.0,13.666666666666666,15.6,0.0,0.0,-0.5,1.0,10.0,0.0,1,14,231.622,0
2019,13,Belgian Grand Prix,spa,raikkonen,RAI,alfa,6,16,0.0,+1 Lap,0,0,8,0,8.0,31.0,0.0,7.0,32.0,0.0,9.0,8.6,10.0,0.0,-3.666666666666666,6.0,10.0,0.0,3,12,231.85,0
2019,13,Belgian Grand Prix,spa,kubica,KUB,williams,0,17,0.0,+1 Lap,0,0,20,0,19.0,1.0,0.0,10.0,1.0,0.0,14.666666666666666,16.4,1.0,0.0,0.5,1.0,10.0,0.0,1,15,230.858,0
2019,13,Belgian Grand Prix,spa,giovinazzi,GIO,alfa,18,18,0.0,Accident,0,1,15,0,18.0,1.0,0.0,7.0,32.0,0.0,16.333333333333332,15.0,0.0,0.2,3.666666666666666,6.0,10.0,0.0,1,6,234.421,0
2019,13,Belgian Grand Prix,spa,sainz,SAI,mclaren,15,19,0.0,Power loss,0,1,17,0,7.0,58.0,0.0,4.0,82.0,0.0,5.333333333333333,6.0,28.0,0.0,-3.666666666666667,22.0,10.0,0.0,1,10,207.043,0
2019,13,Belgian Grand Prix,spa,max_verstappen,VER,red_bull,5,20,0.0,Accident,0,1,5,0,3.0,181.0,2.0,3.0,244.0,2.0,2.6666666666666665,2.6,55.0,0.0,-2.6666666666666665,63.0,10.0,0.0,2,10,207.043,0
2019,14,Italian Grand Prix,monza,leclerc,LEC,ferrari,1,1,25.0,Finished,1,0,1,1,5.0,157.0,1.0,2.0,326.0,1.0,7.333333333333333,5.4,37.0,0.2,2.166666666666666,90.0,10.0,0.0,1,4,251.235,0
2019,14,Italian Grand Prix,monza,bottas,BOT,mercedes,3,2,18.0,Finished,1,0,3,0,2.0,203.0,2.0,1.0,471.0,10.0,8.666666666666666,6.2,19.0,0.2,2.333333333333333,96.0,10.0,0.0,1,3,251.69,0
2019,14,Italian Grand Prix,monza,hamilton,HAM,mercedes,2,3,16.0,Finished,1,0,2,1,1.0,268.0,8.0,1.0,471.0,10.0,4.0,3.6,45.0,0.0,-2.333333333333333,96.0,10.0,0.0,2,1,255.014,0
2019,14,Italian Grand Prix,monza,ricciardo,RIC,renault,5,4,12.0,Finished,0,0,5,0,12.0,22.0,0.0,6.0,43.0,0.0,15.666666666666666,13.2,0.0,0.2,1.8333333333333321,26.0,10.0,0.0,1,7,249.859,0
2019,14,Italian Grand Prix,monza,hulkenberg,HUL,renault,6,5,10.0,Finished,0,0,6,0,13.0,21.0,0.0,6.0,43.0,0.0,12.0,11.8,4.0,0.2,-1.833333333333334,26.0,10.0,0.0,1,8,249.337,0
2019,14,Italian Grand Prix,monza,albon,ALB,red_bull,8,6,8.0,Finished,0,0,8,0,10.0,26.0,0.0,3.0,254.0,2.0,7.0,9.6,19.0,0.0,-1.0,49.0,10.0,0.0,1,6,250.165,0
2019,14,Italian Grand Prix,monza,perez,PER,racing_point,18,7,6.0,Finished,0,0,17,0,14.0,21.0,0.0,7.0,40.0,0.0,12.333333333333334,13.0,8.0,0.2,1.0,15.0,10.0,0.0,1,9,248.953,0
2019,14,Italian Grand Prix,monza,max_verstappen,VER,red_bull,19,8,4.0,Finished,0,0,20,0,3.0,181.0,2.0,3.0,254.0,2.0,7.666666666666667,5.8,45.0,0.2,-0.33333333333333304,49.0,10.0,0.0,2,5,250.83,0
2019,14,Italian Grand Prix,monza,giovinazzi,GIO,alfa,10,9,2.0,+1 Lap,0,0,11,0,18.0,1.0,0.0,8.0,32.0,0.0,16.333333333333332,15.4,0.0,0.4,2.333333333333332,8.0,10.0,0.0,1,15,246.793,0
2019,14,Italian Grand Prix,monza,norris,NOR,mclaren,16,10,1.0,+1 Lap,0,0,14,0,11.0,24.0,0.0,4.0,82.0,0.0,12.666666666666666,11.0,2.0,0.4,1.5,13.0,10.0,0.0,1,11,248.141,0
2019,14,Italian Grand Prix,monza,gasly,GAS,toro_rosso,17,11,0.0,+1 Lap,0,0,15,0,6.0,65.0,0.0,5.0,51.0,0.0,9.666666666666666,8.0,10.0,0.2,1.3333333333333321,9.0,10.0,0.0,1,10,248.611,0
2019,14,Italian Grand Prix,monza,stroll,STR,racing_point,9,12,0.0,+1 Lap,0,0,9,0,15.0,19.0,0.0,7.0,40.0,0.0,10.333333333333334,11.6,13.0,0.0,-1.0,15.0,10.0,0.0,2,12,247.784,0
2019,14,Italian Grand Prix,monza,vettel,VET,ferrari,4,13,0.0,+1 Lap,0,0,4,0,4.0,169.0,0.0,2.0,326.0,1.0,3.0,5.8,46.0,0.0,-2.166666666666667,90.0,10.0,0.0,3,2,251.872,0
2019,14,Italian Grand Prix,monza,russell,RUS,williams,14,14,0.0,+1 Lap,0,0,18,0,20.0,0.0,0.0,10.0,1.0,0.0,14.0,14.8,0.0,0.0,-0.6666666666666661,0.0,10.0,0.0,1,16,245.807,0
2019,14,Italian Grand Prix,monza,raikkonen,RAI,alfa,0,15,0.0,+1 Lap,0,0,10,0,9.0,31.0,0.0,8.0,32.0,0.0,11.666666666666666,10.4,6.0,0.0,-2.333333333333334,8.0,10.0,0.0,2,13,247.039,0
2019,14,Italian Grand Prix,monza,grosjean,GRO,haas,13,16,0.0,+1 Lap,0,0,16,0,17.0,8.0,0.0,9.0,26.0,0.0,13.333333333333334,15.0,6.0,0.4,1.1666666666666679,0.0,10.0,0.0,2,17,245.393,0
2019,14,Italian Grand Prix,monza,kubica,KUB,williams,15,17,0.0,+2 Laps,0,0,19,0,19.0,1.0,0.0,10.0,1.0,0.0,15.333333333333334,16.2,1.0,0.0,0.6666666666666679,0.0,10.0,0.0,2,18,245.382,0
2019,14,Italian Grand Prix,monza,kevin_magnussen,MAG,haas,11,18,0.0,Hydraulics,0,1,12,0,16.0,18.0,0.0,9.0,26.0,0.0,11.0,14.4,4.0,0.2,-1.166666666666666,0.0,10.0,0.0,2,14,246.968,0
2019,14,Italian Grand Prix,monza,kvyat,KVY,toro_rosso,12,19,0.0,Engine,0,1,13,0,8.0,33.0,0.0,5.0,51.0,0.0,8.333333333333334,10.2,21.0,0.0,0.0,9.0,10.0,0.0,1,20,243.142,0
2019,14,Italian Grand Prix,monza,sainz,SAI,mclaren,7,20,0.0,Wheel,0,1,7,0,7.0,58.0,0.0,4.0,82.0,0.0,9.666666666666666,8.6,20.0,0.2,-1.5,13.0,10.0,0.0,1,19,243.525,0
2019,15,Singapore Grand Prix,marina_bay,vettel,VET,ferrari,3,1,25.0,Finished,1,0,3,0,5.0,169.0,0.0,2.0,351.0,2.0,6.666666666666667,7.6,28.0,0.0,2.333333333333334,106.0,10.0,0.0,1,5,173.916,0
2019,15,Singapore Grand Prix,marina_bay,leclerc,LEC,ferrari,1,2,18.0,Finished,1,0,1,1,4.0,182.0,2.0,2.0,351.0,2.0,2.0,5.2,62.0,0.2,-2.333333333333333,106.0,10.0,0.0,1,4,174.047,0
2019,15,Singapore Grand Prix,marina_bay,max_verstappen,VER,red_bull,4,3,15.0,Finished,1,0,4,0,3.0,185.0,2.0,3.0,266.0,2.0,10.0,7.2,23.0,0.2,2.166666666666667,45.0,10.0,0.0,1,8,173.298,0
2019,15,Singapore Grand Prix,marina_bay,hamilton,HAM,mercedes,2,4,12.0,Finished,0,0,2,1,1.0,284.0,8.0,1.0,505.0,10.0,2.0,3.2,59.0,0.0,-1.1666666666666665,89.0,10.0,0.0,1,7,173.73,0
2019,15,Singapore Grand Prix,marina_bay,bottas,BOT,mercedes,5,5,10.0,Finished,0,0,5,0,2.0,221.0,2.0,1.0,505.0,10.0,4.333333333333333,6.0,37.0,0.2,1.1666666666666665,89.0,10.0,0.0,1,2,176.046,0
2019,15,Singapore Grand Prix,marina_bay,albon,ALB,red_bull,6,6,8.0,Finished,0,0,6,0,8.0,34.0,0.0,3.0,266.0,2.0,7.0,7.8,19.0,0.0,-0.833333333333333,45.0,10.0,0.0,1,9,173.159,0
2019,15,Singapore Grand Prix,marina_bay,norris,NOR,mclaren,9,7,6.0,Finished,0,0,9,0,14.0,25.0,0.0,4.0,83.0,0.0,10.0,11.8,3.0,0.4,-2.333333333333334,7.0,10.0,0.0,1,11,172.412,0
2019,15,Singapore Grand Prix,marina_bay,gasly,GAS,toro_rosso,11,8,4.0,Finished,0,0,12,0,6.0,65.0,0.0,6.0,51.0,0.0,8.666666666666666,8.8,10.0,0.2,-3.166666666666668,12.0,10.0,0.0,1,13,172.326,0
2019,15,Singapore Grand Prix,marina_bay,hulkenberg,HUL,renault,8,9,2.0,Finished,0,0,8,0,12.0,31.0,0.0,5.0,65.0,0.0,8.333333333333334,10.2,14.0,0.2,-1.166666666666666,28.0,10.0,0.0,2,12,172.333,0
2019,15,Singapore Grand Prix,marina_bay,giovinazzi,GIO,alfa,10,10,1.0,Finished,0,0,11,0,18.0,3.0,0.0,8.0,34.0,0.0,15.0,15.2,2.0,0.4,1.166666666666666,3.0,10.0,0.0,2,10,172.553,0
2019,15,Singapore Grand Prix,marina_bay,grosjean,GRO,haas,17,11,0.0,Finished,0,0,17,0,17.0,8.0,0.0,9.0,26.0,0.0,16.333333333333332,15.0,0.0,0.4,0.9999999999999982,0.0,10.0,0.0,2,16,171.507,0
2019,15,Singapore Grand Prix,marina_bay,sainz,SAI,mclaren,7,12,0.0,Finished,0,0,7,0,7.0,58.0,0.0,4.0,83.0,0.0,14.666666666666666,11.0,10.0,0.4,2.333333333333332,7.0,10.0,0.0,1,15,172.001,0
2019,15,Singapore Grand Prix,marina_bay,stroll,STR,racing_point,16,13,0.0,Finished,0,0,16,0,15.0,19.0,0.0,7.0,46.0,0.0,13.0,11.2,1.0,0.0,2.5,15.0,10.0,0.0,3,6,173.76,0
2019,15,Singapore Grand Prix,marina_bay,ricciardo,RIC,renault,20,14,0.0,Finished,0,0,20,0,9.0,34.0,0.0,5.0,65.0,0.0,10.666666666666666,11.6,12.0,0.2,1.166666666666666,28.0,10.0,0.0,1,14,172.088,0
2019,15,Singapore Grand Prix,marina_bay,kvyat,KVY,toro_rosso,14,15,0.0,Finished,0,0,15,0,10.0,33.0,0.0,6.0,51.0,0.0,13.666666666666666,10.6,6.0,0.2,1.8333333333333321,12.0,10.0,0.0,2,3,174.634,0
2019,15,Singapore Grand Prix,marina_bay,kubica,KUB,williams,19,16,0.0,Finished,0,0,19,0,19.0,1.0,0.0,10.0,1.0,0.0,17.666666666666668,15.6,0.0,0.0,1.3333333333333357,0.0,10.0,0.0,2,18,170.674,0
2019,15,Singapore Grand Prix,marina_bay,kevin_magnussen,MAG,haas,13,17,0.0,Finished,0,0,14,0,16.0,18.0,0.0,9.0,26.0,0.0,14.333333333333334,14.2,0.0,0.4,-1.0,0.0,10.0,0.0,2,1,178.168,0
2019,15,Singapore Grand Prix,marina_bay,raikkonen,RAI,alfa,12,18,0.0,Collision,0,1,13,0,11.0,31.0,0.0,8.0,34.0,0.0,12.666666666666666,11.6,6.0,0.0,-1.1666666666666679,3.0,10.0,0.0,1,19,170.245,0
2019,15,Singapore Grand Prix,marina_bay,perez,PER,racing_point,15,19,0.0,Engine,0,1,10,0,13.0,27.0,0.0,7.0,46.0,0.0,8.0,12.2,14.0,0.2,-2.5,15.0,10.0,0.0,1,17,170.85,0
2019,15,Singapore Grand Prix,marina_bay,russell,RUS,williams,18,20,0.0,Collision,0,1,18,0,20.0,0.0,0.0,10.0,1.0,0.0,15.0,14.0,0.0,0.0,-1.3333333333333321,0.0,10.0,0.0,1,20,168.322,0
2019,16,Russian Grand Prix,sochi,hamilton,HAM,mercedes,2,1,26.0,Finished,1,0,2,1,1.0,296.0,8.0,1.0,527.0,10.0,3.0,3.8,46.0,0.0,-0.16666666666666652,100.0,10.0,0.0,1,1,219.847,0
2019,16,Russian Grand Prix,sochi,bottas,BOT,mercedes,4,2,18.0,Finished,1,0,5,0,2.0,231.0,2.0,1.0,527.0,10.0,3.3333333333333335,6.6,43.0,0.2,0.16666666666666696,100.0,10.0,0.0,1,3,218.58,0
2019,16,Russian Grand Prix,sochi,leclerc,LEC,ferrari,1,3,15.0,Finished,1,0,1,1,4.0,200.0,2.0,2.0,394.0,3.0,1.3333333333333333,5.0,68.0,0.2,-2.333333333333333,83.0,10.0,0.0,2,2,218.86,0
2019,16,Russian Grand Prix,sochi,max_verstappen,VER,red_bull,9,4,12.0,Finished,0,0,4,0,3.0,200.0,2.0,3.0,289.0,2.0,10.333333333333334,6.8,19.0,0.2,2.333333333333334,57.0,10.0,0.0,1,5,217.18,0
2019,16,Russian Grand Prix,sochi,albon,ALB,red_bull,0,5,10.0,Finished,0,0,19,0,8.0,42.0,0.0,3.0,289.0,2.0,5.666666666666667,6.6,26.0,0.0,-2.333333333333333,57.0,10.0,0.0,1,4,217.573,0
2019,16,Russian Grand Prix,sochi,sainz,SAI,mclaren,5,6,8.0,Finished,0,0,6,0,7.0,58.0,0.0,4.0,89.0,0.0,17.0,12.2,0.0,0.4,3.833333333333334,19.0,10.0,0.0,1,6,214.78,0
2019,16,Russian Grand Prix,sochi,perez,PER,racing_point,11,7,6.0,Finished,0,0,12,0,14.0,27.0,0.0,7.0,46.0,0.0,10.666666666666666,12.6,14.0,0.4,-0.5,12.0,10.0,0.0,1,7,214.73,0
2019,16,Russian Grand Prix,sochi,norris,NOR,mclaren,7,8,4.0,Finished,0,0,8,0,13.0,31.0,0.0,4.0,89.0,0.0,9.333333333333334,11.0,7.0,0.4,-3.833333333333332,19.0,10.0,0.0,1,11,214.166,0
2019,16,Russian Grand Prix,sochi,kevin_magnussen,MAG,haas,13,9,2.0,Finished,0,0,14,0,16.0,18.0,0.0,9.0,26.0,0.0,15.666666666666666,13.6,0.0,0.2,1.166666666666666,2.0,10.0,0.0,1,8,214.539,0
2019,16,Russian Grand Prix,sochi,hulkenberg,HUL,renault,6,10,1.0,Finished,0,0,7,0,11.0,33.0,0.0,5.0,67.0,0.0,7.333333333333333,10.0,16.0,0.2,-1.666666666666667,25.0,10.0,0.0,2,12,213.692,0
2019,16,Russian Grand Prix,sochi,stroll,STR,racing_point,14,11,0.0,Finished,0,0,15,0,15.0,19.0,0.0,7.0,46.0,0.0,11.666666666666666,11.2,1.0,0.0,0.5,12.0,10.0,0.0,1,15,213.493,0
2019,16,Russian Grand Prix,sochi,kvyat,KVY,toro_rosso,19,12,0.0,Finished,0,0,20,0,10.0,33.0,0.0,6.0,55.0,0.0,13.666666666666666,11.8,6.0,0.2,2.166666666666666,4.0,10.0,0.0,2,9,214.325,0
2019,16,Russian Grand Prix,sochi,raikkonen,RAI,alfa,15,13,0.0,Finished,0,0,16,0,12.0,31.0,0.0,8.0,35.0,0.0,16.333333333333332,13.6,0.0,0.2,1.9999999999999982,3.0,10.0,0.0,2,13,213.541,0
2019,16,Russian Grand Prix,sochi,gasly,GAS,toro_rosso,16,14,0.0,Finished,0,0,11,0,6.0,69.0,0.0,6.0,55.0,0.0,9.333333333333334,9.6,6.0,0.2,-2.166666666666666,4.0,10.0,0.0,1,14,213.504,0
2019,16,Russian Grand Prix,sochi,giovinazzi,GIO,alfa,12,15,0.0,Finished,0,0,13,0,18.0,4.0,0.0,8.0,35.0,0.0,12.333333333333334,13.6,3.0,0.2,-2.0,3.0,10.0,0.0,2,16,213.309,0
2019,16,Russian Grand Prix,sochi,kubica,KUB,williams,18,16,0.0,Brakes,0,1,18,0,19.0,1.0,0.0,10.0,1.0,0.0,16.666666666666668,15.8,0.0,0.0,0.16666666666666785,0.0,10.0,0.0,2,19,205.74,0
2019,16,Russian Grand Prix,sochi,russell,RUS,williams,17,17,0.0,Brakes,0,1,17,0,20.0,0.0,0.0,10.0,1.0,0.0,16.333333333333332,15.2,0.0,0.2,-0.16666666666666785,0.0,10.0,0.0,1,18,206.998,0
2019,16,Russian Grand Prix,sochi,vettel,VET,ferrari,3,18,0.0,Power loss,0,1,3,0,5.0,194.0,1.0,2.0,394.0,3.0,6.0,4.6,38.0,0.0,2.3333333333333335,83.0,10.0,0.0,1,10,214.288,0
2019,16,Russian Grand Prix,sochi,ricciardo,RIC,renault,10,19,0.0,Collision,0,1,10,0,9.0,34.0,0.0,5.0,67.0,0.0,10.666666666666666,13.0,12.0,0.2,1.666666666666666,25.0,10.0,0.0,1,17,207.859,0
2019,16,Russian Grand Prix,sochi,grosjean,GRO,haas,8,20,0.0,Collision,0,1,9,0,17.0,8.0,0.0,9.0,26.0,0.0,13.333333333333334,13.4,0.0,0.2,-1.166666666666666,2.0,10.0,0.0,2,10,207.043,0
2019,17,Japanese Grand Prix,suzuka,bottas,BOT,mercedes,3,1,25.0,Finished,1,0,3,0,2.0,249.0,2.0,1.0,571.0,11.0,3.0,4.0,46.0,0.0,0.16666666666666652,107.0,10.0,0.0,2,4,227.571,0
2019,17,Japanese Grand Prix,suzuka,vettel,VET,ferrari,1,2,18.0,Finished,1,0,1,1,5.0,194.0,1.0,2.0,409.0,3.0,10.666666666666666,7.8,25.0,0.2,4.333333333333333,84.0,10.0,0.0,2,5,226.929,0
2019,17,Japanese Grand Prix,suzuka,hamilton,HAM,mercedes,4,3,16.0,Finished,1,0,4,0,1.0,322.0,9.0,1.0,571.0,11.0,2.6666666666666665,2.2,54.0,0.0,-0.16666666666666696,107.0,10.0,0.0,2,1,229.77,0
2019,17,Japanese Grand Prix,suzuka,albon,ALB,red_bull,6,4,12.0,Finished,0,0,6,0,8.0,52.0,0.0,3.0,311.0,2.0,5.666666666666667,6.4,26.0,0.0,0.3333333333333339,57.0,10.0,0.0,2,8,225.332,0
2019,17,Japanese Grand Prix,suzuka,sainz,SAI,mclaren,7,5,10.0,Finished,0,0,7,0,7.0,66.0,0.0,4.0,101.0,0.0,12.666666666666666,12.4,8.0,0.4,2.166666666666666,28.0,10.0,0.0,1,12,223.434,0
2019,17,Japanese Grand Prix,suzuka,leclerc,LEC,ferrari,2,6,8.0,+1 Lap,0,0,2,1,3.0,215.0,2.0,2.0,409.0,3.0,2.0,2.2,58.0,0.0,-4.333333333333333,84.0,10.0,0.0,3,2,228.195,0
2019,17,Japanese Grand Prix,suzuka,gasly,GAS,toro_rosso,9,7,6.0,+1 Lap,0,0,9,0,6.0,69.0,0.0,6.0,55.0,0.0,11.0,9.6,4.0,0.0,-2.166666666666666,11.0,10.0,0.0,1,17,219.313,0
2019,17,Japanese Grand Prix,suzuka,perez,PER,racing_point,17,8,4.0,+1 Lap,0,0,17,0,12.0,33.0,0.0,7.0,52.0,0.0,11.0,10.0,12.0,0.2,-0.5,12.0,10.0,0.0,2,7,225.706,0
2019,17,Japanese Grand Prix,suzuka,stroll,STR,racing_point,12,9,2.0,+1 Lap,0,0,12,0,16.0,19.0,0.0,7.0,52.0,0.0,12.0,12.6,0.0,0.0,0.5,12.0,10.0,0.0,1,14,220.721,0
2019,17,Japanese Grand Prix,suzuka,kvyat,KVY,toro_rosso,14,10,1.0,+1 Lap,0,0,14,0,13.0,33.0,0.0,6.0,55.0,0.0,15.333333333333334,13.6,0.0,0.2,2.166666666666668,11.0,10.0,0.0,1,10,224.21,0
2019,17,Japanese Grand Prix,suzuka,norris,NOR,mclaren,8,11,0.0,+1 Lap,0,0,8,0,9.0,35.0,0.0,4.0,101.0,0.0,8.333333333333334,9.0,11.0,0.2,-2.166666666666666,28.0,10.0,0.0,2,13,222.121,0
2019,17,Japanese Grand Prix,suzuka,raikkonen,RAI,alfa,13,12,0.0,+1 Lap,0,0,13,0,14.0,31.0,0.0,8.0,35.0,0.0,15.333333333333334,13.8,0.0,0.2,2.0,1.0,10.0,0.0,2,9,224.328,0
2019,17,Japanese Grand Prix,suzuka,grosjean,GRO,haas,10,13,0.0,+1 Lap,0,0,10,0,17.0,8.0,0.0,9.0,28.0,0.0,15.666666666666666,16.0,0.0,0.4,0.5,2.0,10.0,0.0,1,16,220.082,0
2019,17,Japanese Grand Prix,suzuka,giovinazzi,GIO,alfa,11,14,0.0,+1 Lap,0,0,11,0,18.0,4.0,0.0,8.0,35.0,0.0,11.333333333333334,14.0,3.0,0.2,-2.0,1.0,10.0,0.0,2,6,226.322,0
2019,17,Japanese Grand Prix,suzuka,kevin_magnussen,MAG,haas,19,15,0.0,+1 Lap,0,0,19,0,15.0,20.0,0.0,9.0,28.0,0.0,14.666666666666666,13.8,2.0,0.2,-0.5,2.0,10.0,0.0,2,3,227.894,0
2019,17,Japanese Grand Prix,suzuka,russell,RUS,williams,18,16,0.0,+2 Laps,0,0,18,0,20.0,0.0,0.0,10.0,1.0,0.0,17.0,16.4,0.0,0.4,0.33333333333333215,0.0,10.0,0.0,1,18,218.998,0
2019,17,Japanese Grand Prix,suzuka,kubica,KUB,williams,0,17,0.0,+2 Laps,0,0,20,0,19.0,1.0,0.0,10.0,1.0,0.0,16.333333333333332,17.0,0.0,0.2,-0.3333333333333357,0.0,10.0,0.0,2,19,217.012,0
2019,17,Japanese Grand Prix,suzuka,max_verstappen,VER,red_bull,5,18,0.0,Brakes,0,1,5,0,4.0,212.0,2.0,3.0,311.0,2.0,5.0,7.4,31.0,0.2,-0.33333333333333304,57.0,10.0,0.0,2,20,214.965,0
2019,17,Japanese Grand Prix,suzuka,ricciardo,RIC,renault,16,19,0.0,Disqualified,0,1,16,0,10.0,34.0,0.0,5.0,68.0,0.0,12.333333333333334,13.0,12.0,0.2,2.166666666666668,3.0,10.0,0.0,1,11,223.63,0
2019,17,Japanese Grand Prix,suzuka,hulkenberg,HUL,renault,15,20,0.0,Disqualified,0,1,15,0,11.0,34.0,0.0,5.0,68.0,0.0,8.0,8.8,13.0,0.0,-2.166666666666666,3.0,10.0,0.0,1,15,220.237,0
2019,18,Mexican Grand Prix,rodriguez,hamilton,HAM,mercedes,3,1,25.0,Finished,1,0,4,0,1.0,338.0,9.0,1.0,612.0,12.0,2.6666666666666665,2.6,54.0,0.0,0.0,125.0,10.0,0.0,1,4,194.993,0
2019,18,Mexican Grand Prix,rodriguez,vettel,VET,ferrari,2,2,18.0,Finished,1,0,3,0,5.0,212.0,1.0,2.0,435.0,3.0,7.0,7.6,43.0,0.2,1.666666666666667,72.0,10.0,0.0,1,3,195.19,0
2019,18,Mexican Grand Prix,rodriguez,bottas,BOT,mercedes,6,3,15.0,Finished,1,0,6,0,2.0,274.0,3.0,1.0,612.0,12.0,2.6666666666666665,2.6,53.0,0.0,0.0,125.0,10.0,0.0,1,5,194.912,0
2019,18,Mexican Grand Prix,rodriguez,leclerc,LEC,ferrari,1,4,13.0,Finished,0,0,2,1,3.0,223.0,2.0,2.0,435.0,3.0,3.6666666666666665,2.6,41.0,0.0,-1.6666666666666665,72.0,10.0,0.0,2,1,195.557,0
2019,18,Mexican Grand Prix,rodriguez,albon,ALB,red_bull,5,5,10.0,Finished,0,0,5,0,8.0,64.0,0.0,3.0,323.0,2.0,5.0,5.2,30.0,0.0,-1.666666666666667,52.0,10.0,0.0,2,2,195.328,0
2019,18,Mexican Grand Prix,rodriguez,max_verstappen,VER,red_bull,4,6,8.0,Finished,0,0,1,1,4.0,212.0,2.0,3.0,323.0,2.0,8.333333333333334,10.6,27.0,0.4,1.666666666666667,52.0,10.0,0.0,1,11,192.702,0
2019,18,Mexican Grand Prix,rodriguez,perez,PER,racing_point,11,7,6.0,Finished,0,0,11,0,9.0,37.0,0.0,7.0,58.0,0.0,11.333333333333334,9.4,10.0,0.2,0.16666666666666785,18.0,10.0,0.0,1,12,192.512,0
2019,18,Mexican Grand Prix,rodriguez,ricciardo,RIC,renault,13,8,4.0,Finished,0,0,13,0,11.0,34.0,0.0,5.0,68.0,0.0,17.333333333333332,14.0,0.0,0.4,2.166666666666666,6.0,10.0,0.0,1,9,193.327,0
2019,18,Mexican Grand Prix,rodriguez,gasly,GAS,toro_rosso,10,9,2.0,+1 Lap,0,0,10,0,7.0,75.0,0.0,6.0,62.0,0.0,9.666666666666666,9.8,10.0,0.0,-1.333333333333334,9.0,10.0,0.0,2,6,194.824,0
2019,18,Mexican Grand Prix,rodriguez,hulkenberg,HUL,renault,12,10,1.0,+1 Lap,0,0,12,0,12.0,34.0,0.0,5.0,68.0,0.0,13.0,10.4,3.0,0.2,-2.166666666666666,6.0,10.0,0.0,1,14,191.783,0
2019,18,Mexican Grand Prix,rodriguez,kvyat,KVY,toro_rosso,9,11,0.0,+1 Lap,0,0,9,0,13.0,34.0,0.0,6.0,62.0,0.0,12.333333333333334,12.6,1.0,0.2,1.333333333333334,9.0,10.0,0.0,2,7,193.91,0
2019,18,Mexican Grand Prix,rodriguez,stroll,STR,racing_point,16,12,0.0,+1 Lap,0,0,16,0,15.0,21.0,0.0,7.0,58.0,0.0,11.0,11.0,2.0,0.0,-0.16666666666666607,18.0,10.0,0.0,1,15,191.473,0
2019,18,Mexican Grand Prix,rodriguez,sainz,SAI,mclaren,7,13,0.0,+1 Lap,0,0,7,0,6.0,76.0,0.0,4.0,111.0,0.0,7.666666666666667,12.4,18.0,0.4,-0.4999999999999991,22.0,10.0,0.0,2,10,192.929,0
2019,18,Mexican Grand Prix,rodriguez,giovinazzi,GIO,alfa,15,14,0.0,+1 Lap,0,0,15,0,18.0,4.0,0.0,8.0,35.0,0.0,13.0,13.2,1.0,0.2,-0.6666666666666661,0.0,10.0,0.0,1,16,191.255,0
2019,18,Mexican Grand Prix,rodriguez,kevin_magnussen,MAG,haas,17,15,0.0,+2 Laps,0,0,17,0,16.0,20.0,0.0,9.0,28.0,0.0,13.666666666666666,14.2,2.0,0.2,-0.5,2.0,10.0,0.0,1,20,189.691,0
2019,18,Mexican Grand Prix,rodriguez,russell,RUS,williams,19,16,0.0,+2 Laps,0,0,19,0,20.0,0.0,0.0,10.0,1.0,0.0,17.666666666666668,16.4,0.0,0.4,0.6666666666666679,0.0,10.0,0.0,1,17,190.615,0
2019,18,Mexican Grand Prix,rodriguez,grosjean,GRO,haas,18,17,0.0,+2 Laps,0,0,18,0,17.0,8.0,0.0,9.0,28.0,0.0,14.666666666666666,14.6,0.0,0.2,0.5,2.0,10.0,0.0,1,18,189.926,0
2019,18,Mexican Grand Prix,rodriguez,kubica,KUB,williams,20,18,0.0,+2 Laps,0,0,20,0,19.0,1.0,0.0,10.0,1.0,0.0,16.333333333333332,16.6,0.0,0.2,-0.6666666666666679,0.0,10.0,0.0,2,13,192.009,0
2019,18,Mexican Grand Prix,rodriguez,raikkonen,RAI,alfa,14,19,0.0,Overheating,0,1,14,0,14.0,31.0,0.0,8.0,35.0,0.0,14.333333333333334,14.8,0.0,0.2,0.6666666666666679,0.0,10.0,0.0,2,8,193.481,0
2019,18,Mexican Grand Prix,rodriguez,norris,NOR,mclaren,8,20,0.0,Withdrew,0,1,8,0,10.0,35.0,0.0,4.0,111.0,0.0,8.666666666666666,9.4,10.0,0.2,0.5,22.0,10.0,0.0,2,19,189.782,0
2019,19,United States Grand Prix,americas,bottas,BOT,mercedes,1,1,25.0,Finished,1,0,1,1,2.0,289.0,3.0,1.0,652.0,13.0,2.0,2.6,58.0,0.0,0.16666666666666674,124.0,10.0,0.0,2,2,204.696,0
2019,19,United States Grand Prix,americas,hamilton,HAM,mercedes,5,2,18.0,Finished,1,0,5,0,1.0,363.0,10.0,1.0,652.0,13.0,1.6666666666666667,2.4,67.0,0.0,-0.16666666666666652,124.0,10.0,0.0,1,7,201.6,0
2019,19,United States Grand Prix,americas,max_verstappen,VER,red_bull,3,3,15.0,Finished,1,0,3,0,5.0,220.0,2.0,3.0,341.0,2.0,9.333333333333334,7.8,20.0,0.2,2.333333333333334,55.0,10.0,0.0,2,5,202.077,0
2019,19,United States Grand Prix,americas,leclerc,LEC,ferrari,4,4,13.0,Finished,0,0,4,0,3.0,236.0,2.0,2.0,466.0,3.0,4.333333333333333,3.2,36.0,0.0,-1.5,70.0,10.0,0.0,2,1,206.374,0
2019,19,United States Grand Prix,americas,albon,ALB,red_bull,6,5,10.0,Finished,0,0,6,0,8.0,74.0,0.0,3.0,341.0,2.0,4.666666666666667,5.2,32.0,0.0,-2.333333333333333,55.0,10.0,0.0,3,3,202.458,0
2019,19,United States Grand Prix,americas,ricciardo,RIC,renault,9,6,8.0,Finished,0,0,9,0,10.0,38.0,0.0,5.0,73.0,0.0,15.333333333333334,12.8,4.0,0.4,1.0,15.0,10.0,0.0,1,14,197.354,0
2019,19,United States Grand Prix,americas,norris,NOR,mclaren,8,7,6.0,Finished,0,0,8,0,11.0,35.0,0.0,4.0,111.0,0.0,13.0,11.2,4.0,0.2,2.5,20.0,10.0,0.0,2,4,202.365,0
2019,19,United States Grand Prix,americas,sainz,SAI,mclaren,7,8,4.0,+1 Lap,0,0,7,0,7.0,76.0,0.0,4.0,111.0,0.0,8.0,11.2,18.0,0.2,-2.5,20.0,10.0,0.0,1,15,196.806,0
2019,19,United States Grand Prix,americas,hulkenberg,HUL,renault,11,9,2.0,+1 Lap,0,0,11,0,12.0,35.0,0.0,5.0,73.0,0.0,13.333333333333334,10.8,2.0,0.2,-1.0,15.0,10.0,0.0,2,6,201.619,0
2019,19,United States Grand Prix,americas,perez,PER,racing_point,0,10,1.0,+1 Lap,0,0,19,0,9.0,43.0,0.0,7.0,64.0,0.0,7.333333333333333,9.6,16.0,0.2,-1.666666666666667,13.0,10.0,0.0,1,11,198.141,0
2019,19,United States Grand Prix,americas,raikkonen,RAI,alfa,17,11,0.0,+1 Lap,0,0,17,0,14.0,31.0,0.0,8.0,35.0,0.0,14.666666666666666,15.4,0.0,0.4,0.16666666666666607,0.0,10.0,0.0,2,9,199.249,0
2019,19,United States Grand Prix,americas,kvyat,KVY,toro_rosso,13,12,0.0,+1 Lap,0,0,13,0,13.0,34.0,0.0,6.0,64.0,0.0,11.0,13.4,1.0,0.2,0.5,9.0,10.0,0.0,2,8,200.535,0
2019,19,United States Grand Prix,americas,stroll,STR,racing_point,14,13,0.0,+1 Lap,0,0,14,0,15.0,21.0,0.0,7.0,64.0,0.0,10.666666666666666,11.4,2.0,0.0,1.666666666666666,13.0,10.0,0.0,2,13,197.716,0
2019,19,United States Grand Prix,americas,giovinazzi,GIO,alfa,16,14,0.0,+1 Lap,0,0,16,0,18.0,4.0,0.0,8.0,35.0,0.0,14.333333333333334,12.4,0.0,0.0,-0.16666666666666607,0.0,10.0,0.0,2,10,198.539,0
2019,19,United States Grand Prix,americas,grosjean,GRO,haas,15,15,0.0,+1 Lap,0,0,15,0,17.0,8.0,0.0,9.0,28.0,0.0,16.666666666666668,15.4,0.0,0.2,1.833333333333334,0.0,10.0,0.0,1,18,195.979,0
2019,19,United States Grand Prix,americas,gasly,GAS,toro_rosso,10,16,0.0,Suspension,0,1,10,0,6.0,77.0,0.0,6.0,64.0,0.0,10.0,9.8,8.0,0.0,-0.5,9.0,10.0,0.0,2,16,196.795,0
2019,19,United States Grand Prix,americas,russell,RUS,williams,18,17,0.0,+2 Laps,0,0,18,0,20.0,0.0,0.0,10.0,1.0,0.0,16.333333333333332,16.6,0.0,0.4,-0.3333333333333357,0.0,10.0,0.0,2,17,196.039,0
2019,19,United States Grand Prix,americas,kevin_magnussen,MAG,haas,12,18,0.0,Brakes,0,1,12,0,16.0,20.0,0.0,9.0,28.0,0.0,13.0,14.8,2.0,0.2,-1.833333333333334,0.0,10.0,0.0,2,12,197.781,0
2019,19,United States Grand Prix,americas,kubica,KUB,williams,19,19,0.0,Oil leak,0,1,20,0,19.0,1.0,0.0,10.0,1.0,0.0,17.0,16.8,0.0,0.2,0.33333333333333215,0.0,10.0,0.0,1,20,191.147,0
2019,19,United States Grand Prix,americas,vettel,VET,ferrari,2,20,0.0,Suspension,0,1,2,1,4.0,230.0,1.0,2.0,466.0,3.0,7.333333333333333,7.2,36.0,0.2,1.5,70.0,10.0,0.0,2,19,194.262,0
2019,20,Brazilian Grand Prix,interlagos,max_verstappen,VER,red_bull,1,1,25.0,Finished,1,0,1,1,4.0,235.0,2.0,3.0,366.0,2.0,9.0,6.8,23.0,0.2,2.166666666666667,68.0,10.0,0.0,3,2,218.909,0
2019,20,Brazilian Grand Prix,interlagos,gasly,GAS,toro_rosso,6,2,18.0,Finished,1,0,7,0,8.0,77.0,0.0,7.0,64.0,0.0,10.666666666666666,10.8,8.0,0.2,-0.16666666666666785,21.0,10.0,0.0,2,9,214.185,0
2019,20,Brazilian Grand Prix,interlagos,sainz,SAI,mclaren,20,3,15.0,Finished,1,0,20,0,7.0,80.0,0.0,4.0,121.0,0.0,8.666666666666666,8.8,14.0,0.0,-2.0,29.0,10.0,0.0,1,16,212.039,0
2019,20,Brazilian Grand Prix,interlagos,raikkonen,RAI,alfa,8,4,12.0,Finished,0,0,9,0,14.0,31.0,0.0,8.0,35.0,0.0,14.0,14.6,0.0,0.4,0.0,22.0,10.0,0.0,2,15,212.106,0
2019,20,Brazilian Grand Prix,interlagos,giovinazzi,GIO,alfa,12,5,10.0,Finished,0,0,13,0,18.0,4.0,0.0,8.0,35.0,0.0,14.0,13.4,0.0,0.0,0.0,22.0,10.0,0.0,2,14,212.44,0
2019,20,Brazilian Grand Prix,interlagos,ricciardo,RIC,renault,11,6,8.0,Finished,0,0,12,0,9.0,46.0,0.0,5.0,83.0,0.0,11.0,13.2,12.0,0.4,-1.0,23.0,10.0,0.0,2,11,213.278,0
2019,20,Brazilian Grand Prix,interlagos,hamilton,HAM,mercedes,3,7,6.0,Finished,0,0,3,0,1.0,381.0,10.0,1.0,695.0,14.0,2.0,2.2,59.0,0.0,0.16666666666666674,89.0,10.0,0.0,3,3,218.232,0
2019,20,Brazilian Grand Prix,interlagos,norris,NOR,mclaren,10,8,4.0,Finished,0,0,11,0,11.0,41.0,0.0,4.0,121.0,0.0,12.666666666666666,10.6,6.0,0.2,2.0,29.0,10.0,0.0,2,7,214.472,0
2019,20,Brazilian Grand Prix,interlagos,perez,PER,racing_point,15,9,2.0,Finished,0,0,15,0,10.0,44.0,0.0,6.0,65.0,0.0,8.333333333333334,10.2,11.0,0.2,-1.5,9.0,10.0,0.0,2,12,212.965,0
2019,20,Brazilian Grand Prix,interlagos,kvyat,KVY,toro_rosso,16,10,1.0,Finished,0,0,16,0,13.0,34.0,0.0,7.0,64.0,0.0,11.0,12.0,1.0,0.0,0.16666666666666607,21.0,10.0,0.0,2,8,214.304,0
2019,20,Brazilian Grand Prix,interlagos,kevin_magnussen,MAG,haas,9,11,0.0,Finished,0,0,10,0,16.0,20.0,0.0,9.0,28.0,0.0,16.0,14.8,0.0,0.2,0.5,0.0,10.0,0.0,2,17,211.738,0
2019,20,Brazilian Grand Prix,interlagos,russell,RUS,williams,18,12,0.0,Finished,0,0,18,0,20.0,0.0,0.0,10.0,1.0,0.0,16.333333333333332,17.2,0.0,0.4,-0.8333333333333357,0.0,10.0,0.0,3,19,210.331,0
2019,20,Brazilian Grand Prix,interlagos,grosjean,GRO,haas,7,13,0.0,Finished,0,0,8,0,17.0,8.0,0.0,9.0,28.0,0.0,15.0,15.2,0.0,0.2,-0.5,0.0,10.0,0.0,2,18,210.711,0
2019,20,Brazilian Grand Prix,interlagos,albon,ALB,red_bull,5,14,0.0,Finished,0,0,6,0,6.0,84.0,0.0,3.0,366.0,2.0,4.666666666666667,5.0,32.0,0.0,-2.166666666666666,68.0,10.0,0.0,2,4,218.217,0
2019,20,Brazilian Grand Prix,interlagos,hulkenberg,HUL,renault,13,15,0.0,Finished,0,0,14,0,12.0,37.0,0.0,5.0,83.0,0.0,13.0,11.6,3.0,0.2,1.0,23.0,10.0,0.0,3,13,212.69,0
2019,20,Brazilian Grand Prix,interlagos,kubica,KUB,williams,19,16,0.0,+1 Lap,0,0,19,0,19.0,1.0,0.0,10.0,1.0,0.0,18.0,17.2,0.0,0.4,0.8333333333333321,0.0,10.0,0.0,4,20,208.072,0
2019,20,Brazilian Grand Prix,interlagos,vettel,VET,ferrari,2,17,0.0,Collision,0,1,2,1,5.0,230.0,1.0,2.0,479.0,3.0,8.0,8.6,36.0,0.4,1.666666666666667,44.0,10.0,0.0,2,5,217.309,0
2019,20,Brazilian Grand Prix,interlagos,leclerc,LEC,ferrari,14,18,0.0,Collision,0,1,4,0,3.0,249.0,2.0,2.0,479.0,3.0,4.666666666666667,3.8,34.0,0.0,-1.666666666666666,44.0,10.0,0.0,2,6,217.19,0
2019,20,Brazilian Grand Prix,interlagos,stroll,STR,racing_point,17,19,0.0,Suspension,0,1,17,0,15.0,21.0,0.0,6.0,65.0,0.0,11.333333333333334,11.6,2.0,0.0,1.5,9.0,10.0,0.0,2,10,213.66,0
2019,20,Brazilian Grand Prix,interlagos,bottas,BOT,mercedes,4,20,0.0,Power Unit,0,1,5,0,2.0,314.0,4.0,1.0,695.0,14.0,1.6666666666666667,2.4,65.0,0.0,-0.16666666666666652,89.0,10.0,0.0,2,1,219.417,0
2019,21,Abu Dhabi Grand Prix,yas_marina,hamilton,HAM,mercedes,1,1,26.0,Finished,1,0,1,1,1.0,387.0,10.0,1.0,701.0,14.0,3.3333333333333335,2.8,49.0,0.0,-2.3333333333333335,87.0,10.0,0.0,1,1,201.387,0
2019,21,Abu Dhabi Grand Prix,yas_marina,max_verstappen,VER,red_bull,2,2,18.0,Finished,1,0,3,0,3.0,260.0,3.0,3.0,391.0,3.0,3.3333333333333335,6.4,48.0,0.2,-2.3333333333333335,76.0,10.0,0.0,1,5,197.731,0
2019,21,Abu Dhabi Grand Prix,yas_marina,leclerc,LEC,ferrari,3,3,15.0,Finished,1,0,4,0,4.0,249.0,2.0,2.0,479.0,3.0,8.666666666666666,7.0,26.0,0.2,-2.166666666666668,38.0,10.0,0.0,2,4,199.064,0
2019,21,Abu Dhabi Grand Prix,yas_marina,bottas,BOT,mercedes,20,4,12.0,Finished,0,0,2,1,2.0,314.0,4.0,1.0,701.0,14.0,8.0,5.4,40.0,0.2,2.333333333333333,87.0,10.0,0.0,1,2,200.515,0
2019,21,Abu Dhabi Grand Prix,yas_marina,vettel,VET,ferrari,4,5,10.0,Finished,0,0,5,0,5.0,230.0,1.0,2.0,479.0,3.0,13.0,11.8,18.0,0.6,2.166666666666666,38.0,10.0,0.0,2,3,199.688,0
2019,21,Abu Dhabi Grand Prix,yas_marina,albon,ALB,red_bull,5,6,8.0,Finished,0,0,6,0,8.0,84.0,0.0,3.0,391.0,3.0,8.0,6.6,20.0,0.0,2.333333333333333,76.0,10.0,0.0,1,8,195.603,0
2019,21,Abu Dhabi Grand Prix,yas_marina,perez,PER,racing_point,10,7,6.0,+1 Lap,0,0,11,0,10.0,46.0,0.0,7.0,67.0,0.0,8.666666666666666,8.2,9.0,0.0,-3.0,9.0,10.0,0.0,1,11,194.803,0
2019,21,Abu Dhabi Grand Prix,yas_marina,norris,NOR,mclaren,6,8,4.0,+1 Lap,0,0,7,0,11.0,45.0,0.0,4.0,140.0,0.0,11.666666666666666,10.8,10.0,0.2,1.8333333333333321,34.0,10.0,0.0,1,12,194.071,0
2019,21,Abu Dhabi Grand Prix,yas_marina,kvyat,KVY,toro_rosso,13,9,2.0,+1 Lap,0,0,14,0,14.0,35.0,0.0,6.0,83.0,0.0,11.0,11.0,1.0,0.0,1.0,21.0,10.0,0.0,1,9,195.597,0
2019,21,Abu Dhabi Grand Prix,yas_marina,sainz,SAI,mclaren,8,10,1.0,+1 Lap,0,0,9,0,6.0,95.0,0.0,4.0,140.0,0.0,8.0,7.0,19.0,0.0,-1.833333333333334,34.0,10.0,0.0,2,7,197.389,0
2019,21,Abu Dhabi Grand Prix,yas_marina,ricciardo,RIC,renault,7,11,0.0,+1 Lap,0,0,8,0,9.0,54.0,0.0,5.0,91.0,0.0,6.666666666666667,11.6,20.0,0.4,-2.333333333333333,18.0,10.0,0.0,2,6,197.592,0
2019,21,Abu Dhabi Grand Prix,yas_marina,hulkenberg,HUL,renault,9,12,0.0,+1 Lap,0,0,10,0,13.0,37.0,0.0,5.0,91.0,0.0,11.333333333333334,12.8,3.0,0.2,2.333333333333334,18.0,10.0,0.0,1,16,193.605,0
2019,21,Abu Dhabi Grand Prix,yas_marina,raikkonen,RAI,alfa,17,13,0.0,+1 Lap,0,0,18,0,12.0,43.0,0.0,8.0,57.0,0.0,11.333333333333334,11.8,12.0,0.2,0.16666666666666785,22.0,10.0,0.0,1,14,193.853,0
2019,21,Abu Dhabi Grand Prix,yas_marina,kevin_magnussen,MAG,haas,14,14,0.0,+1 Lap,0,0,15,0,16.0,20.0,0.0,9.0,28.0,0.0,14.666666666666666,13.6,0.0,0.2,-0.16666666666666785,0.0,10.0,0.0,1,19,192.642,0
2019,21,Abu Dhabi Grand Prix,yas_marina,grosjean,GRO,haas,15,15,0.0,+1 Lap,0,0,16,0,18.0,8.0,0.0,9.0,28.0,0.0,15.0,15.6,0.0,0.2,0.16666666666666607,0.0,10.0,0.0,1,18,192.873,0
2019,21,Abu Dhabi Grand Prix,yas_marina,giovinazzi,GIO,alfa,16,16,0.0,+1 Lap,0,0,17,0,17.0,14.0,0.0,8.0,57.0,0.0,11.0,12.4,10.0,0.0,-0.16666666666666607,22.0,10.0,0.0,2,15,193.639,0
2019,21,Abu Dhabi Grand Prix,yas_marina,russell,RUS,williams,18,17,0.0,+1 Lap,0,0,19,0,20.0,0.0,0.0,10.0,1.0,0.0,15.0,15.6,0.0,0.2,-1.3333333333333321,0.0,10.0,0.0,1,13,193.981,0
2019,21,Abu Dhabi Grand Prix,yas_marina,gasly,GAS,toro_rosso,11,18,0.0,+2 Laps,0,0,12,0,7.0,95.0,0.0,6.0,83.0,0.0,9.0,9.6,20.0,0.2,-1.0,21.0,10.0,0.0,2,10,195.231,0
2019,21,Abu Dhabi Grand Prix,yas_marina,kubica,KUB,williams,19,19,0.0,+2 Laps,0,0,20,0,19.0,1.0,0.0,10.0,1.0,0.0,17.666666666666668,17.2,0.0,0.4,1.3333333333333357,0.0,10.0,0.0,1,20,191.333,0
2019,21,Abu Dhabi Grand Prix,yas_marina,stroll,STR,racing_point,12,20,0.0,Brakes,0,1,13,0,15.0,21.0,0.0,7.0,67.0,0.0,14.666666666666666,12.8,0.0,0.2,3.0,9.0,10.0,0.0,2,17,193.507,0
2020,1,Austrian Grand Prix,red_bull_ring,bottas,BOT,mercedes,1,1,25.0,Finished,1,0,1,1,10.0,0.0,0.0,5.0,0.0,0.0,8.333333333333334,5.8,37.0,0.2,2.500000000000001,0.0,3.0,1.0,2,2,229.758,0
2020,1,Austrian Grand Prix,red_bull_ring,leclerc,LEC,ferrari,7,2,18.0,Finished,1,0,7,0,10.0,0.0,0.0,5.0,0.0,0.0,8.333333333333334,7.0,28.0,0.2,-2.833333333333332,0.0,2.0,1.0,3,4,228.933,0
2020,1,Austrian Grand Prix,red_bull_ring,norris,NOR,mclaren,3,3,16.0,Finished,1,0,4,0,10.0,0.0,0.0,5.0,0.0,0.0,7.666666666666667,10.8,14.0,0.2,0.3333333333333339,0.0,6.0,0.0,3,1,230.378,0
2020,1,Austrian Grand Prix,red_bull_ring,hamilton,HAM,mercedes,5,4,12.0,Finished,0,0,2,1,10.0,0.0,0.0,5.0,0.0,0.0,3.3333333333333335,2.8,50.0,0.0,-2.4999999999999996,0.0,5.0,0.0,2,3,229.572,0
2020,1,Austrian Grand Prix,red_bull_ring,sainz,SAI,mclaren,8,5,10.0,Finished,0,0,8,0,10.0,0.0,0.0,5.0,0.0,0.0,7.0,7.8,20.0,0.0,-0.33333333333333304,0.0,8.0,0.0,3,5,228.687,0
2020,1,Austrian Grand Prix,red_bull_ring,perez,PER,racing_point,6,6,8.0,Finished,0,0,6,0,10.0,0.0,0.0,5.0,0.0,0.0,8.666666666666666,8.2,9.0,0.0,-4.333333333333334,0.0,11.0,0.0,2,6,227.579,0
2020,1,Austrian Grand Prix,red_bull_ring,gasly,GAS,alphatauri,12,7,6.0,Finished,0,0,12,0,10.0,0.0,0.0,5.0,0.0,0.0,12.0,10.4,18.0,0.2,0.0,0.0,7.0,0.0,2,11,225.205,0
2020,1,Austrian Grand Prix,red_bull_ring,ocon,OCO,renault,14,8,4.0,Finished,0,0,14,0,10.0,0.0,0.0,5.0,0.0,0.0,,,,,0.0,0.0,10.0,0.0,2,10,225.509,0
2020,1,Austrian Grand Prix,red_bull_ring,giovinazzi,GIO,alfa,18,9,2.0,Finished,0,0,18,0,10.0,0.0,0.0,5.0,0.0,0.0,11.666666666666666,12.6,10.0,0.0,1.166666666666666,0.0,10.0,0.0,3,9,225.954,0
2020,1,Austrian Grand Prix,red_bull_ring,vettel,VET,ferrari,11,10,1.0,Finished,0,0,11,0,10.0,0.0,0.0,5.0,0.0,0.0,14.0,9.2,10.0,0.4,2.833333333333334,0.0,4.0,0.0,3,8,226.524,0
2020,1,Austrian Grand Prix,red_bull_ring,latifi,LAT,williams,20,11,0.0,Finished,0,0,20,0,10.0,0.0,0.0,5.0,0.0,0.0,,,,,0.0,0.0,10.0,0.0,3,16,223.146,0
2020,1,Austrian Grand Prix,red_bull_ring,kvyat,KVY,alphatauri,13,12,0.0,Suspension,0,1,13,0,10.0,0.0,0.0,5.0,0.0,0.0,10.333333333333334,10.4,3.0,0.0,0.0,0.0,17.0,0.0,3,13,224.847,0
2020,1,Austrian Grand Prix,red_bull_ring,albon,ALB,red_bull,4,13,0.0,Electronics,0,1,5,0,10.0,0.0,0.0,5.0,0.0,0.0,8.333333333333334,6.8,18.0,0.0,3.166666666666667,0.0,15.0,0.0,3,7,227.156,0
2020,1,Austrian Grand Prix,red_bull_ring,raikkonen,RAI,alfa,19,14,0.0,Wheel,0,1,19,0,10.0,0.0,0.0,5.0,0.0,0.0,9.333333333333334,11.8,12.0,0.2,-1.166666666666666,0.0,9.0,0.0,2,12,225.185,0
2020,1,Austrian Grand Prix,red_bull_ring,russell,RUS,williams,17,15,0.0,Fuel pressure,0,1,17,0,10.0,0.0,0.0,5.0,0.0,0.0,15.333333333333334,15.6,0.0,0.0,-1.333333333333334,0.0,18.0,0.0,1,14,224.256,0
2020,1,Austrian Grand Prix,red_bull_ring,grosjean,GRO,haas,15,16,0.0,Brakes,0,1,15,0,10.0,0.0,0.0,5.0,0.0,0.0,14.333333333333334,14.6,0.0,0.0,0.0,0.0,16.0,0.0,1,17,221.347,0
2020,1,Austrian Grand Prix,red_bull_ring,kevin_magnussen,MAG,haas,16,17,0.0,Brakes,0,1,16,0,10.0,0.0,0.0,5.0,0.0,0.0,14.333333333333334,14.6,0.0,0.2,0.0,0.0,19.0,0.0,2,20,219.807,0
2020,1,Austrian Grand Prix,red_bull_ring,stroll,STR,racing_point,9,18,0.0,Engine,0,1,9,0,10.0,0.0,0.0,5.0,0.0,0.0,17.333333333333332,14.6,0.0,0.4,4.333333333333332,0.0,14.0,0.0,2,18,221.039,0
2020,1,Austrian Grand Prix,red_bull_ring,ricciardo,RIC,renault,10,19,0.0,Overheating,0,1,10,0,10.0,0.0,0.0,5.0,0.0,0.0,7.666666666666667,10.0,16.0,0.2,-2.166666666666667,0.0,12.0,0.0,2,19,220.15,0
2020,1,Austrian Grand Prix,red_bull_ring,max_verstappen,VER,red_bull,2,20,0.0,Electronics,0,1,3,0,10.0,0.0,0.0,5.0,0.0,0.0,2.0,6.0,58.0,0.2,-3.166666666666667,0.0,1.0,1.0,2,15,224.146,0
2020,2,Styrian Grand Prix,red_bull_ring,hamilton,HAM,mercedes,1,1,25.0,Finished,1,0,1,1,4.0,12.0,0.0,1.0,37.0,1.0,4.0,3.0,44.0,0.0,-2.166666666666667,0.0,4.5,0.0,1,3,232.989,0
2020,2,Styrian Grand Prix,red_bull_ring,bottas,BOT,mercedes,4,2,18.0,Finished,1,0,4,0,1.0,25.0,1.0,1.0,37.0,1.0,8.333333333333334,5.8,37.0,0.2,2.166666666666667,0.0,2.0,1.0,1,7,230.177,0
2020,2,Styrian Grand Prix,red_bull_ring,max_verstappen,VER,red_bull,2,3,15.0,Finished,1,0,2,1,13.0,0.0,0.0,9.0,0.0,0.0,7.666666666666667,6.4,43.0,0.2,-1.666666666666667,0.0,10.5,0.5,2,2,235.01,0
2020,2,Styrian Grand Prix,red_bull_ring,albon,ALB,red_bull,6,4,12.0,Finished,0,0,7,0,11.0,0.0,0.0,9.0,0.0,0.0,11.0,8.6,8.0,0.2,1.666666666666666,0.0,14.0,0.0,1,6,230.981,0
2020,2,Styrian Grand Prix,red_bull_ring,norris,NOR,mclaren,9,5,10.0,Finished,0,0,6,0,3.0,16.0,0.0,2.0,26.0,0.0,6.333333333333333,9.2,24.0,0.2,0.16666666666666607,0.0,4.5,0.5,1,5,231.345,0
2020,2,Styrian Grand Prix,red_bull_ring,perez,PER,racing_point,17,6,8.0,Finished,0,0,17,0,6.0,8.0,0.0,4.0,8.0,0.0,7.333333333333333,7.8,16.0,0.0,-5.833333333333333,0.0,8.5,0.0,1,4,231.362,0
2020,2,Styrian Grand Prix,red_bull_ring,stroll,STR,racing_point,12,7,6.0,Finished,0,0,13,0,20.0,0.0,0.0,4.0,8.0,0.0,19.0,16.4,0.0,0.6,5.833333333333334,0.0,16.0,0.0,1,10,229.162,0
2020,2,Styrian Grand Prix,red_bull_ring,ricciardo,RIC,renault,8,8,4.0,Finished,0,0,9,0,17.0,0.0,0.0,6.0,4.0,0.0,12.0,10.0,8.0,0.2,0.16666666666666607,0.0,15.5,0.0,1,9,229.166,0
2020,2,Styrian Grand Prix,red_bull_ring,sainz,SAI,mclaren,3,9,3.0,+1 Lap,0,0,3,0,5.0,10.0,0.0,2.0,26.0,0.0,6.0,7.8,26.0,0.0,-0.16666666666666696,0.0,6.5,0.0,2,1,236.894,0
2020,2,Styrian Grand Prix,red_bull_ring,kvyat,KVY,alphatauri,13,10,1.0,+1 Lap,0,0,14,0,16.0,0.0,0.0,5.0,6.0,0.0,10.333333333333334,10.8,3.0,0.2,0.8333333333333339,0.0,14.5,0.0,1,13,227.336,0
2020,2,Styrian Grand Prix,red_bull_ring,raikkonen,RAI,alfa,16,11,0.0,+1 Lap,0,0,16,0,18.0,0.0,0.0,7.0,2.0,0.0,10.333333333333334,12.2,12.0,0.4,0.16666666666666785,0.0,11.5,0.0,1,14,227.322,0
2020,2,Styrian Grand Prix,red_bull_ring,kevin_magnussen,MAG,haas,15,12,0.0,+1 Lap,0,0,15,0,15.0,0.0,0.0,8.0,0.0,0.0,14.0,15.0,0.0,0.4,-0.3333333333333339,0.0,18.0,0.0,1,11,228.569,0
2020,2,Styrian Grand Prix,red_bull_ring,grosjean,GRO,haas,0,13,0.0,+1 Lap,0,0,20,0,12.0,0.0,0.0,8.0,0.0,0.0,14.666666666666666,15.2,0.0,0.2,0.33333333333333215,0.0,16.0,0.0,1,12,228.442,0
2020,2,Styrian Grand Prix,red_bull_ring,giovinazzi,GIO,alfa,19,14,0.0,+1 Lap,0,0,19,0,9.0,2.0,0.0,7.0,2.0,0.0,10.0,11.6,12.0,0.0,-0.16666666666666607,0.0,9.5,0.0,1,15,226.891,0
2020,2,Styrian Grand Prix,red_bull_ring,gasly,GAS,alphatauri,7,15,0.0,+1 Lap,0,0,8,0,7.0,6.0,0.0,5.0,6.0,0.0,9.0,10.4,24.0,0.2,-0.5,0.0,7.0,0.0,2,8,229.183,0
2020,2,Styrian Grand Prix,red_bull_ring,russell,RUS,williams,11,16,0.0,+2 Laps,0,0,12,0,19.0,0.0,0.0,10.0,0.0,0.0,14.666666666666666,15.4,0.0,0.2,-0.3333333333333339,0.0,16.5,0.0,1,16,226.597,0
2020,2,Styrian Grand Prix,red_bull_ring,latifi,LAT,williams,18,17,0.0,+2 Laps,0,0,18,0,14.0,0.0,0.0,10.0,0.0,0.0,11.0,11.0,0.0,0.0,-4.0,0.0,11.0,0.0,1,17,225.922,0
2020,2,Styrian Grand Prix,red_bull_ring,ocon,OCO,renault,5,18,0.0,Overheating,0,1,5,0,8.0,4.0,0.0,6.0,4.0,0.0,8.0,8.0,4.0,0.0,-3.833333333333334,0.0,8.0,0.0,2,18,224.243,0
2020,2,Styrian Grand Prix,red_bull_ring,leclerc,LEC,ferrari,14,19,0.0,Collision damage,0,1,11,0,2.0,18.0,0.0,3.0,19.0,0.0,7.666666666666667,6.2,33.0,0.2,-1.4999999999999991,0.0,2.0,1.0,1,19,162.979,0
2020,2,Styrian Grand Prix,red_bull_ring,vettel,VET,ferrari,10,20,0.0,Collision damage,0,1,10,0,10.0,1.0,0.0,3.0,19.0,0.0,10.666666666666666,10.8,11.0,0.4,1.5,0.0,7.0,0.0,2,10,207.043,0
2020,3,Hungarian Grand Prix,hungaroring,hamilton,HAM,mercedes,1,1,26.0,Finished,1,0,1,1,2.0,37.0,1.0,1.0,80.0,2.0,2.0,3.0,63.0,0.0,-0.16666666666666652,0.0,1.0,1.0,3,1,205.823,0
2020,3,Hungarian Grand Prix,hungaroring,max_verstappen,VER,red_bull,7,2,18.0,Finished,1,0,7,0,6.0,15.0,0.0,3.0,27.0,0.0,8.333333333333334,5.8,33.0,0.2,0.3333333333333339,0.0,2.0,1.0,2,4,199.176,0
2020,3,Hungarian Grand Prix,hungaroring,bottas,BOT,mercedes,2,3,15.0,Finished,1,0,2,1,1.0,43.0,1.0,1.0,80.0,2.0,2.3333333333333335,5.6,55.0,0.2,0.16666666666666696,0.0,8.0,0.0,3,2,203.072,0
2020,3,Hungarian Grand Prix,hungaroring,stroll,STR,racing_point,3,4,12.0,Finished,0,0,3,0,9.0,6.0,0.0,4.0,22.0,0.0,15.0,15.4,6.0,0.6,4.333333333333334,0.0,17.0,0.0,3,3,199.708,0
2020,3,Hungarian Grand Prix,hungaroring,albon,ALB,red_bull,13,5,10.0,Finished,0,0,13,0,8.0,12.0,0.0,3.0,27.0,0.0,7.666666666666667,8.4,20.0,0.2,-0.33333333333333304,0.0,10.0,0.0,2,5,198.534,0
2020,3,Hungarian Grand Prix,hungaroring,vettel,VET,ferrari,5,6,8.0,+1 Lap,0,0,5,0,14.0,1.0,0.0,5.0,19.0,0.0,11.666666666666666,14.4,11.0,0.6,1.8333333333333321,0.0,3.0,1.0,2,14,196.254,0
2020,3,Hungarian Grand Prix,hungaroring,perez,PER,racing_point,4,7,6.0,+1 Lap,0,0,4,0,5.0,16.0,0.0,4.0,22.0,0.0,6.333333333333333,7.6,22.0,0.0,-4.333333333333333,0.0,11.0,0.0,2,10,196.923,0
2020,3,Hungarian Grand Prix,hungaroring,ricciardo,RIC,renault,11,8,4.0,+1 Lap,0,0,11,0,11.0,4.0,0.0,6.0,8.0,0.0,12.666666666666666,10.0,4.0,0.2,0.0,0.0,14.0,0.0,2,7,198.305,0
2020,3,Hungarian Grand Prix,hungaroring,sainz,SAI,mclaren,9,9,2.0,+1 Lap,0,0,9,0,7.0,13.0,0.0,2.0,39.0,0.0,8.0,7.0,14.0,0.0,1.333333333333333,0.0,5.0,0.0,2,15,195.976,0
2020,3,Hungarian Grand Prix,hungaroring,kevin_magnussen,MAG,haas,0,10,1.0,+1 Lap,0,0,16,0,18.0,0.0,0.0,9.0,0.0,0.0,14.333333333333334,14.4,0.0,0.4,-0.16666666666666607,0.0,13.0,0.0,1,6,198.492,0
2020,3,Hungarian Grand Prix,hungaroring,leclerc,LEC,ferrari,6,11,0.0,+1 Lap,0,0,6,0,4.0,18.0,0.0,5.0,19.0,0.0,8.0,9.2,33.0,0.4,-1.833333333333334,0.0,4.0,0.0,2,16,195.142,0
2020,3,Hungarian Grand Prix,hungaroring,kvyat,KVY,alphatauri,17,12,0.0,+1 Lap,0,0,17,0,15.0,1.0,0.0,7.0,7.0,0.0,10.333333333333334,10.6,3.0,0.2,-0.6666666666666661,0.0,15.0,0.0,2,18,194.841,0
2020,3,Hungarian Grand Prix,hungaroring,norris,NOR,mclaren,8,13,0.0,+1 Lap,0,0,8,0,3.0,26.0,0.0,2.0,39.0,0.0,5.333333333333333,6.2,30.0,0.0,-1.333333333333334,0.0,9.0,0.0,2,8,197.28,0
2020,3,Hungarian Grand Prix,hungaroring,ocon,OCO,renault,14,14,0.0,+1 Lap,0,0,14,0,12.0,4.0,0.0,6.0,8.0,0.0,13.0,13.0,4.0,0.5,0.3333333333333339,0.0,10.0,0.0,2,13,196.503,0
2020,3,Hungarian Grand Prix,hungaroring,raikkonen,RAI,alfa,20,15,0.0,+1 Lap,0,0,20,0,19.0,0.0,0.0,8.0,2.0,0.0,12.666666666666666,10.6,0.0,0.2,-0.16666666666666785,0.0,7.0,0.0,2,17,194.978,0
2020,3,Hungarian Grand Prix,hungaroring,grosjean,GRO,haas,0,16,0.0,+1 Lap,0,0,18,0,16.0,0.0,0.0,9.0,0.0,0.0,14.666666666666666,14.4,0.0,0.2,0.16666666666666607,0.0,20.0,0.0,1,12,196.574,0
2020,3,Hungarian Grand Prix,hungaroring,giovinazzi,GIO,alfa,19,17,0.0,+1 Lap,0,0,19,0,13.0,2.0,0.0,8.0,2.0,0.0,13.0,11.6,2.0,0.0,0.16666666666666607,0.0,18.0,0.0,3,11,196.908,0
2020,3,Hungarian Grand Prix,hungaroring,russell,RUS,williams,12,18,0.0,+1 Lap,0,0,12,0,20.0,0.0,0.0,10.0,0.0,0.0,16.0,15.4,0.0,0.2,0.16666666666666607,0.0,16.0,0.0,3,9,197.184,0
2020,3,Hungarian Grand Prix,hungaroring,latifi,LAT,williams,15,19,0.0,+5 Laps,0,0,15,0,17.0,0.0,0.0,10.0,0.0,0.0,14.0,14.0,0.0,0.0,-1.833333333333334,0.0,10.0,0.0,5,19,194.236,0
2020,3,Hungarian Grand Prix,hungaroring,gasly,GAS,alphatauri,10,20,0.0,Engine,0,1,10,0,10.0,6.0,0.0,7.0,7.0,0.0,13.333333333333334,11.6,6.0,0.2,2.333333333333334,0.0,6.0,0.0,1,20,187.893,0
2020,4,British Grand Prix,silverstone,hamilton,HAM,mercedes,1,1,25.0,Finished,1,0,1,1,1.0,63.0,2.0,1.0,121.0,3.0,2.0,2.8,63.0,0.0,0.0,109.0,1.0,1.0,1,3,237.652,1
2020,4,British Grand Prix,silverstone,max_verstappen,VER,red_bull,3,2,19.0,Finished,1,0,3,0,3.0,33.0,0.0,2.0,55.0,0.0,8.333333333333334,5.6,33.0,0.2,0.5000000000000009,78.0,5.0,0.0,2,1,243.494,0
2020,4,British Grand Prix,silverstone,leclerc,LEC,ferrari,4,3,15.0,Finished,1,0,4,0,8.0,18.0,0.0,5.0,27.0,0.0,10.666666666666666,10.6,18.0,0.4,-0.6666666666666679,24.0,3.0,1.0,1,9,236.13,0
2020,4,British Grand Prix,silverstone,ricciardo,RIC,renault,8,4,12.0,Finished,0,0,8,0,11.0,8.0,0.0,6.0,12.0,0.0,11.666666666666666,10.4,8.0,0.2,-0.8333333333333339,28.0,7.0,0.0,1,5,237.004,0
2020,4,British Grand Prix,silverstone,norris,NOR,mclaren,5,5,10.0,Finished,0,0,5,0,4.0,26.0,0.0,3.0,41.0,0.0,7.0,7.4,26.0,0.0,-0.33333333333333304,25.0,11.0,0.0,1,12,235.488,1
2020,4,British Grand Prix,silverstone,ocon,OCO,renault,9,6,8.0,Finished,0,0,9,0,13.0,4.0,0.0,6.0,12.0,0.0,13.333333333333334,13.333333333333334,4.0,0.3333333333333333,0.8333333333333339,28.0,10.0,0.0,1,6,236.98,0
2020,4,British Grand Prix,silverstone,gasly,GAS,alphatauri,11,7,6.0,Finished,0,0,11,0,12.0,6.0,0.0,7.0,7.0,0.0,14.0,12.4,6.0,0.2,1.333333333333334,7.0,4.0,0.0,1,7,236.684,0
2020,4,British Grand Prix,silverstone,albon,ALB,red_bull,12,8,4.0,Finished,0,0,12,0,5.0,22.0,0.0,2.0,55.0,0.0,7.333333333333333,8.4,22.0,0.2,-0.5,78.0,12.0,0.0,2,2,239.123,0
2020,4,British Grand Prix,silverstone,stroll,STR,racing_point,6,9,2.0,Finished,0,0,6,0,7.0,18.0,0.0,4.0,40.0,0.0,9.666666666666666,13.6,18.0,0.6,1.666666666666666,34.0,13.0,0.0,1,13,234.402,0
2020,4,British Grand Prix,silverstone,vettel,VET,ferrari,10,10,1.0,Finished,0,0,10,0,10.0,9.0,0.0,5.0,27.0,0.0,12.0,11.6,9.0,0.4,0.6666666666666661,24.0,16.0,0.0,1,15,234.242,0
2020,4,British Grand Prix,silverstone,bottas,BOT,mercedes,2,11,0.0,Finished,0,0,2,1,2.0,58.0,1.0,1.0,121.0,3.0,2.0,6.0,58.0,0.2,0.0,109.0,2.0,1.0,2,4,237.58,0
2020,4,British Grand Prix,silverstone,russell,RUS,williams,20,12,0.0,Finished,0,0,15,0,20.0,0.0,0.0,10.0,0.0,0.0,16.333333333333332,15.6,0.0,0.2,0.33333333333333215,0.0,14.0,0.0,1,16,233.404,1
2020,4,British Grand Prix,silverstone,sainz,SAI,mclaren,7,13,0.0,Finished,0,0,7,0,9.0,15.0,0.0,3.0,41.0,0.0,7.666666666666667,7.2,15.0,0.0,0.3333333333333339,25.0,6.0,0.0,2,10,235.776,0
2020,4,British Grand Prix,silverstone,giovinazzi,GIO,alfa,15,14,0.0,Finished,0,0,17,0,14.0,2.0,0.0,8.0,2.0,0.0,13.333333333333334,12.2,2.0,0.0,0.0,0.0,18.0,0.0,1,17,233.109,0
2020,4,British Grand Prix,silverstone,latifi,LAT,williams,18,15,0.0,Finished,0,0,20,0,17.0,0.0,0.0,10.0,0.0,0.0,15.666666666666666,15.666666666666666,0.0,0.0,-0.3333333333333339,0.0,10.0,0.0,1,14,234.335,0
2020,4,British Grand Prix,silverstone,grosjean,GRO,haas,17,16,0.0,Finished,0,0,19,0,18.0,0.0,0.0,9.0,1.0,0.0,15.0,14.6,0.0,0.2,1.0,1.0,19.0,0.0,1,8,236.212,0
2020,4,British Grand Prix,silverstone,raikkonen,RAI,alfa,16,17,0.0,+1 Lap,0,0,18,0,19.0,0.0,0.0,8.0,2.0,0.0,13.333333333333334,11.4,0.0,0.2,0.0,0.0,8.0,0.0,2,11,235.71,0
2020,4,British Grand Prix,silverstone,kvyat,KVY,alphatauri,19,18,0.0,Accident,0,1,14,0,15.0,1.0,0.0,7.0,7.0,0.0,11.333333333333334,10.6,1.0,0.2,-1.3333333333333321,7.0,9.0,0.0,2,18,229.412,0
2020,4,British Grand Prix,silverstone,kevin_magnussen,MAG,haas,14,19,0.0,Collision,0,1,16,0,16.0,1.0,0.0,9.0,1.0,0.0,13.0,12.8,1.0,0.2,-1.0,1.0,20.0,0.0,2,10,207.043,0
2020,4,British Grand Prix,silverstone,hulkenberg,HUL,racing_point,13,20,0.0,Power Unit,0,1,13,0,10.0,0.0,0.0,4.0,40.0,0.0,12.0,13.2,2.0,0.2,4.0,34.0,10.0,0.0,2,10,207.043,0
2020,5,70th Anniversary Grand Prix,silverstone,max_verstappen,VER,red_bull,4,1,25.0,Finished,1,0,4,0,3.0,52.0,0.0,2.0,78.0,0.0,2.3333333333333335,5.8,52.0,0.2,-1.6666666666666665,86.0,3.5,0.5,2,2,237.049,0
2020,5,70th Anniversary Grand Prix,silverstone,hamilton,HAM,mercedes,2,2,19.0,Finished,1,0,2,1,1.0,88.0,3.0,1.0,146.0,4.0,1.0,1.6,76.0,0.0,-2.1666666666666665,100.0,1.0,1.0,2,1,239.766,1
2020,5,70th Anniversary Grand Prix,silverstone,bottas,BOT,mercedes,1,3,15.0,Finished,1,0,1,1,2.0,58.0,1.0,1.0,146.0,4.0,5.333333333333333,4.2,33.0,0.0,2.1666666666666665,100.0,6.5,0.5,2,4,236.256,0
2020,5,70th Anniversary Grand Prix,silverstone,leclerc,LEC,ferrari,8,4,12.0,Finished,0,0,8,0,5.0,33.0,0.0,4.0,43.0,0.0,11.0,7.6,15.0,0.2,-0.5,36.0,3.0,1.0,1,8,234.203,0
2020,5,70th Anniversary Grand Prix,silverstone,albon,ALB,red_bull,9,5,10.0,Finished,0,0,9,0,6.0,26.0,0.0,2.0,78.0,0.0,5.666666666666667,7.2,26.0,0.2,1.666666666666667,86.0,10.0,0.0,2,3,237.017,0
2020,5,70th Anniversary Grand Prix,silverstone,stroll,STR,racing_point,6,6,8.0,Finished,0,0,6,0,8.0,20.0,0.0,5.0,42.0,0.0,6.666666666666667,11.6,20.0,0.4,-2.166666666666667,34.0,11.0,0.0,2,15,233.365,0
2020,5,70th Anniversary Grand Prix,silverstone,hulkenberg,HUL,racing_point,3,7,6.0,Finished,0,0,3,0,19.0,0.0,0.0,5.0,42.0,0.0,15.666666666666666,13.2,0.0,0.2,6.833333333333332,34.0,15.0,0.0,3,6,235.412,0
2020,5,70th Anniversary Grand Prix,silverstone,ocon,OCO,renault,14,8,4.0,Finished,0,0,11,0,11.0,12.0,0.0,6.0,32.0,0.0,12.666666666666666,11.5,8.0,0.25,3.0,28.0,6.0,0.0,1,10,234.144,0
2020,5,70th Anniversary Grand Prix,silverstone,norris,NOR,mclaren,10,9,2.0,Finished,0,0,10,0,4.0,36.0,0.0,3.0,51.0,0.0,7.666666666666667,6.8,20.0,0.0,-1.333333333333333,14.0,8.0,0.0,2,11,233.826,1
2020,5,70th Anniversary Grand Prix,silverstone,kvyat,KVY,alphatauri,16,10,1.0,Finished,0,0,16,0,15.0,1.0,0.0,7.0,13.0,0.0,13.333333333333334,12.2,1.0,0.4,-0.33333333333333215,7.0,13.5,0.0,2,12,233.723,0
2020,5,70th Anniversary Grand Prix,silverstone,gasly,GAS,alphatauri,7,11,0.0,Finished,0,0,7,0,12.0,12.0,0.0,7.0,13.0,0.0,14.0,13.4,6.0,0.2,0.3333333333333339,7.0,5.5,0.0,2,7,235.399,0
2020,5,70th Anniversary Grand Prix,silverstone,vettel,VET,ferrari,11,12,0.0,Finished,0,0,12,0,13.0,10.0,0.0,4.0,43.0,0.0,12.0,10.2,9.0,0.2,0.5,36.0,13.0,0.0,2,13,233.602,0
2020,5,70th Anniversary Grand Prix,silverstone,sainz,SAI,mclaren,12,13,0.0,Finished,0,0,13,0,10.0,15.0,0.0,3.0,51.0,0.0,10.333333333333334,9.2,5.0,0.0,1.333333333333334,14.0,9.5,0.0,2,9,234.193,0
2020,5,70th Anniversary Grand Prix,silverstone,ricciardo,RIC,renault,5,14,0.0,+1 Lap,0,0,5,0,9.0,20.0,0.0,6.0,32.0,0.0,6.666666666666667,10.0,20.0,0.2,-2.999999999999999,28.0,5.5,0.0,3,16,232.621,0
2020,5,70th Anniversary Grand Prix,silverstone,raikkonen,RAI,alfa,20,15,0.0,+1 Lap,0,0,20,0,20.0,0.0,0.0,8.0,2.0,0.0,14.333333333333334,14.0,0.0,0.2,-0.33333333333333215,0.0,12.5,0.0,1,18,231.13,0
2020,5,70th Anniversary Grand Prix,silverstone,grosjean,GRO,haas,13,16,0.0,+1 Lap,0,0,14,0,17.0,0.0,0.0,9.0,1.0,0.0,15.0,15.2,0.0,0.2,0.6666666666666661,1.0,17.5,0.0,2,14,233.581,0
2020,5,70th Anniversary Grand Prix,silverstone,giovinazzi,GIO,alfa,19,17,0.0,+1 Lap,0,0,19,0,14.0,2.0,0.0,8.0,2.0,0.0,15.0,14.0,0.0,0.0,0.3333333333333339,0.0,16.0,0.0,2,19,230.954,0
2020,5,70th Anniversary Grand Prix,silverstone,russell,RUS,williams,15,18,0.0,+1 Lap,0,0,15,0,21.0,0.0,0.0,10.0,0.0,0.0,15.333333333333334,15.6,0.0,0.2,-0.8333333333333339,0.0,13.0,0.0,3,17,232.01,1
2020,5,70th Anniversary Grand Prix,silverstone,latifi,LAT,williams,18,19,0.0,+1 Lap,0,0,18,0,18.0,0.0,0.0,10.0,0.0,0.0,17.0,15.5,0.0,0.0,0.8333333333333321,0.0,15.0,0.0,3,5,235.77,0
2020,5,70th Anniversary Grand Prix,silverstone,kevin_magnussen,MAG,haas,17,20,0.0,Retired,0,1,17,0,16.0,1.0,0.0,9.0,1.0,0.0,13.666666666666666,14.4,1.0,0.4,-0.6666666666666679,1.0,19.5,0.0,2,20,230.944,0
2020,6,Spanish Grand Prix,catalunya,hamilton,HAM,mercedes,1,1,25.0,Finished,1,0,1,1,1.0,107.0,3.0,1.0,180.0,4.0,1.3333333333333333,1.8,70.0,0.0,-2.166666666666667,100.0,1.0,1.0,2,2,209.942,0
2020,6,Spanish Grand Prix,catalunya,max_verstappen,VER,red_bull,3,2,18.0,Finished,1,0,3,0,2.0,77.0,1.0,2.0,113.0,1.0,1.6666666666666667,5.6,62.0,0.2,-2.166666666666667,80.0,3.0,1.0,2,4,205.677,0
2020,6,Spanish Grand Prix,catalunya,bottas,BOT,mercedes,2,3,16.0,Finished,1,0,2,1,3.0,73.0,1.0,1.0,180.0,4.0,5.666666666666667,4.0,30.0,0.0,2.166666666666667,100.0,2.0,1.0,3,1,214.343,0
2020,6,Spanish Grand Prix,catalunya,stroll,STR,racing_point,5,4,12.0,+1 Lap,0,0,5,0,7.0,28.0,0.0,3.0,56.0,0.0,6.333333333333333,8.8,22.0,0.2,-2.500000000000001,38.0,19.0,0.0,2,8,204.306,0
2020,6,Spanish Grand Prix,catalunya,perez,PER,racing_point,4,5,10.0,+1 Lap,0,0,4,0,8.0,22.0,0.0,3.0,56.0,0.0,6.333333333333333,7.0,22.0,0.0,-2.500000000000001,38.0,15.0,0.0,1,16,203.09,0
2020,6,Spanish Grand Prix,catalunya,sainz,SAI,mclaren,7,6,8.0,+1 Lap,0,0,7,0,11.0,15.0,0.0,5.0,53.0,0.0,11.666666666666666,9.8,2.0,0.0,1.3333333333333321,21.0,8.0,0.0,2,5,204.938,1
2020,6,Spanish Grand Prix,catalunya,vettel,VET,ferrari,11,7,6.0,+1 Lap,0,0,11,0,13.0,10.0,0.0,4.0,55.0,0.0,9.333333333333334,11.6,9.0,0.2,1.666666666666667,34.0,4.0,0.0,1,18,202.618,0
2020,6,Spanish Grand Prix,catalunya,albon,ALB,red_bull,6,8,4.0,+1 Lap,0,0,6,0,6.0,36.0,0.0,2.0,113.0,1.0,6.0,7.0,24.0,0.2,2.1666666666666665,80.0,11.0,0.0,2,11,203.883,0
2020,6,Spanish Grand Prix,catalunya,gasly,GAS,alphatauri,10,9,2.0,+1 Lap,0,0,10,0,12.0,12.0,0.0,7.0,14.0,0.0,12.666666666666666,12.0,6.0,0.2,-0.3333333333333339,9.0,6.0,0.0,2,17,203.021,0
2020,6,Spanish Grand Prix,catalunya,norris,NOR,mclaren,8,10,1.0,+1 Lap,0,0,8,0,5.0,38.0,0.0,5.0,53.0,0.0,9.0,7.0,12.0,0.0,-1.333333333333334,21.0,20.0,0.0,2,13,203.393,0
2020,6,Spanish Grand Prix,catalunya,ricciardo,RIC,renault,13,11,0.0,+1 Lap,0,0,13,0,9.0,20.0,0.0,6.0,36.0,0.0,8.666666666666666,10.6,16.0,0.2,-0.3333333333333339,24.0,12.0,0.0,1,14,203.215,0
2020,6,Spanish Grand Prix,catalunya,kvyat,KVY,alphatauri,12,12,0.0,+1 Lap,0,0,12,0,16.0,2.0,0.0,7.0,14.0,0.0,13.333333333333334,12.4,1.0,0.4,0.3333333333333339,9.0,9.0,0.0,2,12,203.531,0
2020,6,Spanish Grand Prix,catalunya,ocon,OCO,renault,15,13,0.0,+1 Lap,0,0,15,0,10.0,16.0,0.0,6.0,36.0,0.0,9.333333333333334,10.8,12.0,0.2,0.3333333333333339,24.0,10.0,0.0,1,10,203.933,0
2020,6,Spanish Grand Prix,catalunya,raikkonen,RAI,alfa,14,14,0.0,+1 Lap,0,0,14,0,20.0,0.0,0.0,8.0,2.0,0.0,15.666666666666666,14.4,0.0,0.2,-0.16666666666666785,0.0,14.0,0.0,2,7,204.645,0
2020,6,Spanish Grand Prix,catalunya,kevin_magnussen,MAG,haas,16,15,0.0,+1 Lap,0,0,16,0,17.0,1.0,0.0,9.0,1.0,0.0,16.333333333333332,15.6,1.0,0.6,0.1666666666666643,0.0,7.0,0.0,1,19,200.757,0
2020,6,Spanish Grand Prix,catalunya,giovinazzi,GIO,alfa,20,16,0.0,+1 Lap,0,0,20,0,15.0,2.0,0.0,8.0,2.0,0.0,16.0,14.2,0.0,0.0,0.16666666666666607,0.0,16.0,0.0,2,6,204.863,0
2020,6,Spanish Grand Prix,catalunya,russell,RUS,williams,18,17,0.0,+1 Lap,0,0,18,0,21.0,0.0,0.0,10.0,0.0,0.0,16.0,15.8,0.0,0.2,-0.8333333333333321,0.0,17.0,0.0,2,15,203.119,0
2020,6,Spanish Grand Prix,catalunya,latifi,LAT,williams,19,18,0.0,+2 Laps,0,0,19,0,19.0,0.0,0.0,10.0,0.0,0.0,17.666666666666668,16.2,0.0,0.0,0.8333333333333357,0.0,10.0,0.0,2,9,204.291,0
2020,6,Spanish Grand Prix,catalunya,grosjean,GRO,haas,17,19,0.0,+2 Laps,0,0,17,0,18.0,0.0,0.0,9.0,1.0,0.0,16.0,15.4,0.0,0.2,-0.16666666666666785,0.0,10.0,0.0,2,3,208.409,0
2020,6,Spanish Grand Prix,catalunya,leclerc,LEC,ferrari,9,20,0.0,Electronics,0,1,9,0,4.0,45.0,0.0,4.0,55.0,0.0,6.0,7.8,27.0,0.2,-1.666666666666667,34.0,5.0,0.0,1,20,199.576,0
2020,7,Belgian Grand Prix,spa,hamilton,HAM,mercedes,1,1,25.0,Finished,1,0,1,1,1.0,132.0,4.0,1.0,221.0,5.0,1.3333333333333333,1.2,69.0,0.0,-2.166666666666667,118.0,2.0,1.0,1,2,233.99,0
2020,7,Belgian Grand Prix,spa,bottas,BOT,mercedes,2,2,18.0,Finished,1,0,2,1,3.0,89.0,1.0,1.0,221.0,5.0,5.666666666666667,4.4,31.0,0.0,2.166666666666667,118.0,3.0,1.0,1,5,233.503,0
2020,7,Belgian Grand Prix,spa,max_verstappen,VER,red_bull,3,3,15.0,Finished,1,0,3,0,2.0,95.0,1.0,2.0,135.0,1.0,1.6666666666666667,2.0,62.0,0.0,-2.666666666666666,80.0,20.0,0.0,1,8,232.809,0
2020,7,Belgian Grand Prix,spa,ricciardo,RIC,renault,4,4,13.0,Finished,0,0,4,0,10.0,20.0,0.0,6.0,36.0,0.0,9.666666666666666,9.0,12.0,0.0,0.33333333333333215,27.0,14.0,0.0,1,1,234.589,0
2020,7,Belgian Grand Prix,spa,ocon,OCO,renault,6,5,10.0,Finished,0,0,6,0,12.0,16.0,0.0,6.0,36.0,0.0,9.0,11.8,12.0,0.2,-0.3333333333333339,27.0,10.0,0.0,1,10,232.305,0
2020,7,Belgian Grand Prix,spa,albon,ALB,red_bull,5,6,8.0,Finished,0,0,5,0,5.0,40.0,0.0,2.0,135.0,1.0,7.0,6.0,18.0,0.0,2.666666666666667,80.0,5.0,0.0,1,12,231.886,0
2020,7,Belgian Grand Prix,spa,norris,NOR,mclaren,10,7,6.0,Finished,0,0,10,0,7.0,39.0,0.0,4.0,62.0,0.0,8.0,8.4,13.0,0.0,-1.333333333333334,17.0,11.0,0.0,1,11,232.279,0
2020,7,Belgian Grand Prix,spa,gasly,GAS,alphatauri,12,8,4.0,Finished,0,0,12,0,13.0,14.0,0.0,7.0,16.0,0.0,9.0,12.4,8.0,0.2,-2.166666666666666,7.0,9.0,0.0,1,3,233.815,0
2020,7,Belgian Grand Prix,spa,stroll,STR,racing_point,9,9,2.0,Finished,0,0,9,0,6.0,40.0,0.0,3.0,78.0,0.0,6.333333333333333,6.0,22.0,0.0,-2.166666666666667,39.0,10.0,0.0,1,13,231.036,0
2020,7,Belgian Grand Prix,spa,perez,PER,racing_point,8,10,1.0,Finished,0,0,8,0,8.0,32.0,0.0,3.0,78.0,0.0,6.0,6.2,24.0,0.0,-2.5,39.0,6.0,0.0,1,9,232.628,0
2020,7,Belgian Grand Prix,spa,kvyat,KVY,alphatauri,11,11,0.0,Finished,0,0,11,0,16.0,2.0,0.0,7.0,16.0,0.0,13.333333333333334,12.4,1.0,0.2,2.166666666666668,7.0,7.0,0.0,1,15,229.572,0
2020,7,Belgian Grand Prix,spa,raikkonen,RAI,alfa,16,12,0.0,Finished,0,0,16,0,20.0,0.0,0.0,8.0,2.0,0.0,15.333333333333334,14.4,0.0,0.0,-0.16666666666666607,0.0,16.0,0.0,1,14,229.593,0
2020,7,Belgian Grand Prix,spa,vettel,VET,ferrari,14,13,0.0,Finished,0,0,14,0,11.0,16.0,0.0,5.0,61.0,0.0,9.666666666666666,11.0,7.0,0.2,0.33333333333333215,18.0,4.0,0.0,1,16,229.309,0
2020,7,Belgian Grand Prix,spa,leclerc,LEC,ferrari,13,14,0.0,Finished,0,0,13,0,4.0,45.0,0.0,5.0,61.0,0.0,9.0,11.4,27.0,0.4,-0.3333333333333339,18.0,1.0,1.0,2,4,233.813,0
2020,7,Belgian Grand Prix,spa,grosjean,GRO,haas,17,15,0.0,Finished,0,0,17,0,18.0,0.0,0.0,9.0,1.0,0.0,17.0,16.0,0.0,0.0,-0.5,0.0,13.0,0.0,1,17,229.184,0
2020,7,Belgian Grand Prix,spa,latifi,LAT,williams,19,16,0.0,Finished,0,0,19,0,19.0,0.0,0.0,10.0,0.0,0.0,17.333333333333332,17.6,0.0,0.0,0.8333333333333321,0.0,10.0,0.0,2,6,233.362,0
2020,7,Belgian Grand Prix,spa,kevin_magnussen,MAG,haas,20,17,0.0,Finished,0,0,20,0,17.0,1.0,0.0,9.0,1.0,0.0,18.0,15.2,0.0,0.4,0.5,0.0,12.0,0.0,2,7,233.287,0
2020,7,Belgian Grand Prix,spa,giovinazzi,GIO,alfa,18,18,0.0,Accident,0,1,18,0,15.0,2.0,0.0,8.0,2.0,0.0,15.666666666666666,15.6,0.0,0.0,0.16666666666666607,0.0,18.0,0.0,2,19,225.545,0
2020,7,Belgian Grand Prix,spa,russell,RUS,williams,15,19,0.0,Debris,0,1,15,0,21.0,0.0,0.0,10.0,0.0,0.0,15.666666666666666,16.2,0.0,0.0,-0.8333333333333339,0.0,15.0,0.0,2,18,225.624,0
2020,7,Belgian Grand Prix,spa,sainz,SAI,mclaren,7,20,0.0,Exhaust,0,1,7,0,9.0,23.0,0.0,4.0,62.0,0.0,10.666666666666666,10.0,8.0,0.0,1.3333333333333321,17.0,19.0,0.0,2,10,207.043,0
2020,8,Italian Grand Prix,monza,gasly,GAS,alphatauri,10,1,25.0,Finished,1,0,10,0,12.0,18.0,0.0,7.0,20.0,0.0,9.333333333333334,11.0,6.0,0.2,-0.8333333333333321,33.0,11.0,0.0,2,6,248.162,0
2020,8,Italian Grand Prix,monza,sainz,SAI,mclaren,3,2,18.0,Finished,1,0,3,0,11.0,23.0,0.0,4.0,68.0,0.0,13.0,12.2,8.0,0.2,2.166666666666666,45.0,20.0,0.0,2,2,248.62,0
2020,8,Italian Grand Prix,monza,stroll,STR,racing_point,8,3,15.0,Finished,1,0,8,0,7.0,42.0,0.0,3.0,81.0,0.0,6.333333333333333,6.4,22.0,0.0,-0.5,41.0,12.0,0.0,1,3,248.576,0
2020,8,Italian Grand Prix,monza,norris,NOR,mclaren,6,4,12.0,Finished,0,0,6,0,6.0,45.0,0.0,4.0,68.0,0.0,8.666666666666666,8.8,9.0,0.0,-2.166666666666668,45.0,10.0,0.0,2,7,247.587,0
2020,8,Italian Grand Prix,monza,bottas,BOT,mercedes,2,5,10.0,Finished,0,0,2,1,3.0,107.0,1.0,1.0,264.0,6.0,2.6666666666666665,4.4,49.0,0.0,0.6666666666666665,101.0,2.0,1.0,2,5,248.386,0
2020,8,Italian Grand Prix,monza,ricciardo,RIC,renault,7,6,8.0,Finished,0,0,7,0,8.0,33.0,0.0,6.0,59.0,0.0,9.666666666666666,8.2,13.0,0.0,0.5,35.0,4.0,0.0,2,4,248.573,0
2020,8,Italian Grand Prix,monza,hamilton,HAM,mercedes,1,7,7.0,Finished,0,0,1,1,1.0,157.0,5.0,1.0,264.0,6.0,1.3333333333333333,1.2,69.0,0.0,-0.6666666666666667,101.0,3.0,1.0,3,1,252.033,0
2020,8,Italian Grand Prix,monza,ocon,OCO,renault,12,8,4.0,Finished,0,0,12,0,10.0,26.0,0.0,6.0,59.0,0.0,8.666666666666666,9.2,14.0,0.0,-0.5,35.0,10.0,0.0,2,11,246.831,0
2020,8,Italian Grand Prix,monza,kvyat,KVY,alphatauri,11,9,2.0,Finished,0,0,11,0,16.0,2.0,0.0,7.0,20.0,0.0,11.0,12.6,1.0,0.2,0.8333333333333339,33.0,19.0,0.0,2,10,246.863,0
2020,8,Italian Grand Prix,monza,perez,PER,racing_point,4,10,1.0,Finished,0,0,4,0,9.0,33.0,0.0,3.0,81.0,0.0,7.333333333333333,6.8,17.0,0.0,0.5,41.0,7.0,0.0,2,8,247.282,0
2020,8,Italian Grand Prix,monza,latifi,LAT,williams,20,11,0.0,Finished,0,0,20,0,19.0,0.0,0.0,10.0,0.0,0.0,17.666666666666668,17.4,0.0,0.0,-0.1666666666666643,0.0,10.0,0.0,2,16,245.353,0
2020,8,Italian Grand Prix,monza,grosjean,GRO,haas,16,12,0.0,Finished,0,0,16,0,18.0,0.0,0.0,9.0,1.0,0.0,16.666666666666668,16.4,0.0,0.0,-0.33333333333333215,0.0,16.0,0.0,2,12,245.972,0
2020,8,Italian Grand Prix,monza,raikkonen,RAI,alfa,14,13,0.0,Finished,0,0,14,0,20.0,0.0,0.0,8.0,2.0,0.0,13.666666666666666,14.6,0.0,0.0,-1.6666666666666679,0.0,15.0,0.0,2,13,245.827,0
2020,8,Italian Grand Prix,monza,russell,RUS,williams,19,14,0.0,Finished,0,0,19,0,21.0,0.0,0.0,10.0,0.0,0.0,18.0,16.8,0.0,0.2,0.16666666666666785,0.0,14.0,0.0,2,9,247.033,0
2020,8,Italian Grand Prix,monza,albon,ALB,red_bull,9,15,0.0,Finished,0,0,9,0,4.0,48.0,0.0,2.0,158.0,1.0,6.333333333333333,6.4,22.0,0.0,2.166666666666666,45.0,6.0,0.0,2,15,245.564,0
2020,8,Italian Grand Prix,monza,giovinazzi,GIO,alfa,18,16,0.0,Finished,0,0,18,0,15.0,2.0,0.0,8.0,2.0,0.0,17.0,16.4,0.0,0.2,1.666666666666666,0.0,9.0,0.0,3,14,245.766,0
2020,8,Italian Grand Prix,monza,max_verstappen,VER,red_bull,5,17,0.0,Power Unit,0,1,5,0,2.0,110.0,1.0,2.0,158.0,1.0,2.0,2.0,58.0,0.0,-2.166666666666667,45.0,8.0,0.0,2,17,243.804,0
2020,8,Italian Grand Prix,monza,leclerc,LEC,ferrari,13,18,0.0,Accident,0,1,13,0,5.0,45.0,0.0,5.0,61.0,0.0,12.666666666666666,10.4,12.0,0.2,1.0,6.0,1.0,1.0,1,19,242.424,0
2020,8,Italian Grand Prix,monza,kevin_magnussen,MAG,haas,15,19,0.0,Power Unit,0,1,15,0,17.0,1.0,0.0,9.0,1.0,0.0,17.333333333333332,16.2,0.0,0.4,0.33333333333333215,0.0,18.0,0.0,1,18,243.099,0
2020,8,Italian Grand Prix,monza,vettel,VET,ferrari,17,20,0.0,Brakes,0,1,17,0,13.0,16.0,0.0,5.0,61.0,0.0,10.666666666666666,9.6,6.0,0.0,-1.0,6.0,13.0,0.0,2,20,239.415,0
2020,9,Tuscan Grand Prix,mugello,hamilton,HAM,mercedes,1,1,26.0,Finished,1,0,1,1,1.0,164.0,5.0,1.0,281.0,6.0,3.0,2.4,57.0,0.0,-0.16666666666666652,104.0,10.0,0.0,5,1,239.518,0
2020,9,Tuscan Grand Prix,mugello,bottas,BOT,mercedes,2,2,18.0,Finished,1,0,2,1,2.0,117.0,1.0,1.0,281.0,6.0,3.3333333333333335,4.8,44.0,0.0,0.16666666666666696,104.0,10.0,0.0,5,2,237.712,0
2020,9,Tuscan Grand Prix,mugello,albon,ALB,red_bull,4,3,15.0,Finished,1,0,4,0,6.0,48.0,0.0,2.0,158.0,1.0,9.666666666666666,8.4,12.0,0.0,1.166666666666666,38.0,10.0,0.0,5,3,235.909,0
2020,9,Tuscan Grand Prix,mugello,ricciardo,RIC,renault,8,4,12.0,Finished,0,0,8,0,9.0,41.0,0.0,5.0,71.0,0.0,7.0,7.8,21.0,0.0,-0.833333333333333,47.0,10.0,0.0,5,4,234.774,0
2020,9,Tuscan Grand Prix,mugello,perez,PER,racing_point,7,5,10.0,Finished,0,0,6,0,11.0,34.0,0.0,4.0,97.0,0.0,8.333333333333334,7.6,12.0,0.0,1.5000000000000009,29.0,10.0,0.0,5,5,234.175,0
2020,9,Tuscan Grand Prix,mugello,norris,NOR,mclaren,11,6,8.0,Finished,0,0,11,0,5.0,57.0,0.0,3.0,98.0,0.0,7.0,7.0,19.0,0.0,-1.166666666666666,44.0,10.0,0.0,5,7,232.542,0
2020,9,Tuscan Grand Prix,mugello,kvyat,KVY,alphatauri,12,7,6.0,Finished,0,0,12,0,15.0,4.0,0.0,7.0,47.0,1.0,10.666666666666666,12.0,2.0,0.2,2.333333333333332,37.0,10.0,0.0,5,10,231.8,0
2020,9,Tuscan Grand Prix,mugello,leclerc,LEC,ferrari,5,8,4.0,Finished,0,0,5,0,7.0,45.0,0.0,6.0,61.0,0.0,17.333333333333332,11.8,0.0,0.4,1.9999999999999982,5.0,10.0,0.0,5,9,232.453,0
2020,9,Tuscan Grand Prix,mugello,raikkonen,RAI,alfa,13,9,2.0,Finished,0,0,13,0,20.0,0.0,0.0,8.0,2.0,0.0,13.0,14.2,0.0,0.0,-1.833333333333334,2.0,10.0,0.0,6,6,232.64,0
2020,9,Tuscan Grand Prix,mugello,vettel,VET,ferrari,14,10,1.0,Finished,0,0,14,0,13.0,16.0,0.0,6.0,61.0,0.0,13.333333333333334,12.4,6.0,0.2,-2.0,5.0,10.0,0.0,6,8,232.531,0
2020,9,Tuscan Grand Prix,mugello,russell,RUS,williams,18,11,0.0,Finished,0,0,18,0,21.0,0.0,0.0,10.0,0.0,0.0,16.666666666666668,16.0,0.0,0.2,0.8333333333333339,0.0,10.0,0.0,5,11,231.269,0
2020,9,Tuscan Grand Prix,mugello,grosjean,GRO,haas,15,12,0.0,Finished,0,0,15,0,18.0,0.0,0.0,9.0,1.0,0.0,15.333333333333334,15.6,0.0,0.0,-0.8333333333333339,0.0,10.0,0.0,5,13,229.532,0
2020,9,Tuscan Grand Prix,mugello,stroll,STR,racing_point,6,13,0.0,Puncture,0,1,7,0,4.0,57.0,0.0,4.0,97.0,0.0,5.333333333333333,6.2,29.0,0.0,-1.5,29.0,10.0,0.0,3,12,230.077,0
2020,9,Tuscan Grand Prix,mugello,ocon,OCO,renault,10,14,0.0,Brakes,0,1,10,0,12.0,30.0,0.0,5.0,71.0,0.0,8.666666666666666,8.0,14.0,0.0,0.833333333333333,47.0,10.0,0.0,1,15,143.27,0
2020,9,Tuscan Grand Prix,mugello,latifi,LAT,williams,19,15,0.0,Collision,0,1,19,0,19.0,0.0,0.0,10.0,0.0,0.0,15.0,15.8,0.0,0.0,-0.8333333333333339,0.0,10.0,0.0,2,14,143.736,0
2020,9,Tuscan Grand Prix,mugello,kevin_magnussen,MAG,haas,20,16,0.0,Collision,0,1,20,0,17.0,1.0,0.0,9.0,1.0,0.0,17.0,18.0,0.0,0.6,0.8333333333333321,0.0,10.0,0.0,2,17,141.108,0
2020,9,Tuscan Grand Prix,mugello,giovinazzi,GIO,alfa,17,17,0.0,Collision,0,1,17,0,16.0,2.0,0.0,8.0,2.0,0.0,16.666666666666668,16.2,0.0,0.2,1.833333333333334,2.0,10.0,0.0,2,16,141.111,0
2020,9,Tuscan Grand Prix,mugello,sainz,SAI,mclaren,9,18,0.0,Collision,0,1,9,0,10.0,41.0,0.0,3.0,98.0,0.0,9.333333333333334,10.8,26.0,0.2,1.1666666666666679,44.0,10.0,0.0,2,18,140.802,0
2020,9,Tuscan Grand Prix,mugello,max_verstappen,VER,red_bull,3,19,0.0,Collision,0,1,3,0,3.0,110.0,1.0,2.0,158.0,1.0,7.333333333333333,5.0,33.0,0.2,-1.166666666666667,38.0,10.0,0.0,2,10,207.043,0
2020,9,Tuscan Grand Prix,mugello,gasly,GAS,alphatauri,16,20,0.0,Collision,0,1,16,0,8.0,43.0,1.0,7.0,47.0,1.0,6.0,7.2,31.0,0.0,-2.333333333333334,37.0,10.0,0.0,2,10,207.043,0
2020,10,Russian Grand Prix,sochi,bottas,BOT,mercedes,3,1,26.0,Finished,1,0,3,0,2.0,135.0,1.0,1.0,325.0,7.0,3.0,3.0,46.0,0.0,0.0,102.0,2.0,1.0,1,1,216.972,0
2020,10,Russian Grand Prix,sochi,max_verstappen,VER,red_bull,2,2,18.0,Finished,1,0,2,1,3.0,110.0,1.0,2.0,173.0,1.0,13.0,8.4,15.0,0.4,2.5,34.0,4.0,0.0,1,3,216.298,0
2020,10,Russian Grand Prix,sochi,hamilton,HAM,mercedes,1,3,15.0,Finished,1,0,1,1,1.0,190.0,6.0,1.0,325.0,7.0,3.0,2.4,58.0,0.0,0.0,102.0,1.0,1.0,1,7,214.66,0
2020,10,Russian Grand Prix,sochi,perez,PER,racing_point,4,4,12.0,Finished,0,0,4,0,9.0,44.0,0.0,3.0,107.0,0.0,8.333333333333334,7.4,12.0,0.0,0.0,38.0,7.0,0.0,1,8,214.515,0
2020,10,Russian Grand Prix,sochi,ricciardo,RIC,renault,5,5,10.0,Finished,0,0,5,0,7.0,53.0,0.0,5.0,83.0,0.0,4.666666666666667,7.8,33.0,0.0,-2.166666666666666,40.0,19.0,0.0,1,6,215.074,0
2020,10,Russian Grand Prix,sochi,leclerc,LEC,ferrari,10,6,8.0,Finished,0,0,11,0,8.0,49.0,0.0,6.0,66.0,0.0,13.333333333333334,12.8,4.0,0.4,-0.5,13.0,3.0,1.0,1,11,212.54,0
2020,10,Russian Grand Prix,sochi,ocon,OCO,renault,7,7,6.0,Finished,0,0,7,0,12.0,30.0,0.0,5.0,83.0,0.0,9.0,9.6,14.0,0.2,2.166666666666667,40.0,10.0,0.0,1,13,212.191,0
2020,10,Russian Grand Prix,sochi,kvyat,KVY,alphatauri,11,8,4.0,Finished,0,0,12,0,14.0,10.0,0.0,7.0,53.0,1.0,9.0,9.8,8.0,0.0,-0.3333333333333339,39.0,12.0,0.0,1,12,212.369,0
2020,10,Russian Grand Prix,sochi,gasly,GAS,alphatauri,9,9,2.0,Finished,0,0,9,0,10.0,43.0,1.0,7.0,53.0,1.0,9.666666666666666,9.8,29.0,0.2,0.33333333333333215,39.0,14.0,0.0,2,2,216.523,0
2020,10,Russian Grand Prix,sochi,albon,ALB,red_bull,15,10,1.0,Finished,0,0,10,0,5.0,63.0,0.0,2.0,173.0,1.0,8.0,7.4,23.0,0.0,-2.5,34.0,5.0,0.0,2,9,214.001,0
2020,10,Russian Grand Prix,sochi,giovinazzi,GIO,alfa,17,11,0.0,+1 Lap,0,0,17,0,17.0,2.0,0.0,8.0,4.0,0.0,17.0,16.8,0.0,0.4,2.833333333333334,2.0,15.0,0.0,1,16,211.021,0
2020,10,Russian Grand Prix,sochi,kevin_magnussen,MAG,haas,18,12,0.0,+1 Lap,0,0,18,0,18.0,1.0,0.0,9.0,1.0,0.0,17.333333333333332,17.4,0.0,0.6,2.166666666666666,0.0,9.0,0.0,1,17,209.731,0
2020,10,Russian Grand Prix,sochi,vettel,VET,ferrari,14,13,0.0,+1 Lap,0,0,15,0,13.0,17.0,0.0,6.0,66.0,0.0,14.333333333333334,12.4,1.0,0.2,0.5,13.0,18.0,0.0,1,14,211.398,0
2020,10,Russian Grand Prix,sochi,raikkonen,RAI,alfa,19,14,0.0,+1 Lap,0,0,20,0,16.0,2.0,0.0,8.0,4.0,0.0,11.333333333333334,12.6,2.0,0.0,-2.833333333333332,2.0,13.0,0.0,1,10,212.96,0
2020,10,Russian Grand Prix,sochi,norris,NOR,mclaren,8,15,0.0,+1 Lap,0,0,8,0,4.0,65.0,0.0,4.0,106.0,0.0,5.666666666666667,7.2,26.0,0.0,-3.833333333333333,38.0,8.0,0.0,2,5,216.198,0
2020,10,Russian Grand Prix,sochi,latifi,LAT,williams,20,16,0.0,+1 Lap,0,0,19,0,20.0,0.0,0.0,10.0,0.0,0.0,14.0,15.8,0.0,0.2,-0.3333333333333339,0.0,10.0,0.0,1,18,208.352,0
2020,10,Russian Grand Prix,sochi,grosjean,GRO,haas,16,17,0.0,+1 Lap,0,0,16,0,19.0,0.0,0.0,9.0,1.0,0.0,13.0,14.8,0.0,0.0,-2.166666666666666,0.0,20.0,0.0,2,15,211.343,0
2020,10,Russian Grand Prix,sochi,russell,RUS,williams,13,18,0.0,+1 Lap,0,0,14,0,21.0,0.0,0.0,10.0,0.0,0.0,14.666666666666666,15.8,0.0,0.2,0.33333333333333215,0.0,17.0,0.0,3,4,216.254,0
2020,10,Russian Grand Prix,sochi,sainz,SAI,mclaren,6,19,0.0,Accident,0,1,6,0,11.0,41.0,0.0,4.0,106.0,0.0,13.333333333333334,11.8,18.0,0.4,3.833333333333334,38.0,6.0,0.0,2,10,207.043,0
2020,10,Russian Grand Prix,sochi,stroll,STR,racing_point,12,20,0.0,Collision,0,1,13,0,6.0,57.0,0.0,3.0,107.0,0.0,8.333333333333334,7.0,17.0,0.2,0.0,38.0,11.0,0.0,2,10,207.043,0
2020,11,Eifel Grand Prix,nurburgring,hamilton,HAM,mercedes,2,1,25.0,Finished,1,0,2,1,1.0,205.0,6.0,1.0,366.0,8.0,3.6666666666666665,2.6,48.0,0.0,0.5,110.0,10.0,0.0,2,2,210.253,0
2020,11,Eifel Grand Prix,nurburgring,max_verstappen,VER,red_bull,3,2,19.0,Finished,1,0,3,0,3.0,128.0,1.0,2.0,192.0,1.0,12.666666666666666,8.6,18.0,0.4,1.666666666666666,53.0,10.0,0.0,2,1,210.267,0
2020,11,Eifel Grand Prix,nurburgring,ricciardo,RIC,renault,6,3,15.0,Finished,1,0,6,0,6.0,63.0,0.0,5.0,99.0,0.0,5.0,6.0,30.0,0.0,-2.333333333333333,43.0,10.0,0.0,2,3,206.876,0
2020,11,Eifel Grand Prix,nurburgring,perez,PER,racing_point,9,4,12.0,Finished,0,0,9,0,9.0,56.0,0.0,3.0,119.0,0.0,6.333333333333333,6.8,23.0,0.0,-2.833333333333333,38.0,10.0,0.0,2,4,206.608,0
2020,11,Eifel Grand Prix,nurburgring,sainz,SAI,mclaren,10,5,10.0,Finished,0,0,10,0,11.0,41.0,0.0,4.0,106.0,0.0,13.0,13.0,18.0,0.6,2.333333333333334,18.0,10.0,0.0,2,6,205.625,0
2020,11,Eifel Grand Prix,nurburgring,gasly,GAS,alphatauri,12,6,8.0,Finished,0,0,12,0,10.0,45.0,1.0,7.0,59.0,1.0,10.0,9.4,27.0,0.2,1.0,20.0,10.0,0.0,2,5,205.668,0
2020,11,Eifel Grand Prix,nurburgring,leclerc,LEC,ferrari,4,7,6.0,Finished,0,0,4,0,8.0,57.0,0.0,6.0,74.0,0.0,10.666666666666666,13.2,12.0,0.4,-1.833333333333334,19.0,10.0,0.0,2,10,204.303,0
2020,11,Eifel Grand Prix,nurburgring,hulkenberg,HUL,racing_point,20,8,4.0,Finished,0,0,20,0,15.0,6.0,0.0,3.0,119.0,0.0,13.0,12.6,6.0,0.2,3.833333333333334,38.0,10.0,0.0,2,11,204.256,0
2020,11,Eifel Grand Prix,nurburgring,grosjean,GRO,haas,16,9,2.0,Finished,0,0,16,0,19.0,0.0,0.0,9.0,1.0,0.0,13.666666666666666,15.0,0.0,0.0,-1.0,2.0,10.0,0.0,1,14,202.407,0
2020,11,Eifel Grand Prix,nurburgring,giovinazzi,GIO,alfa,14,10,1.0,Finished,0,0,14,0,17.0,2.0,0.0,8.0,4.0,0.0,14.666666666666666,15.6,0.0,0.4,1.3333333333333321,3.0,10.0,0.0,2,12,203.861,0
2020,11,Eifel Grand Prix,nurburgring,vettel,VET,ferrari,11,11,0.0,Finished,0,0,11,0,13.0,17.0,0.0,6.0,74.0,0.0,14.333333333333334,12.6,1.0,0.2,1.833333333333334,19.0,10.0,0.0,2,7,204.99,0
2020,11,Eifel Grand Prix,nurburgring,raikkonen,RAI,alfa,19,12,0.0,Finished,0,0,19,0,16.0,2.0,0.0,8.0,4.0,0.0,12.0,12.4,2.0,0.0,-1.333333333333334,3.0,10.0,0.0,2,9,204.755,0
2020,11,Eifel Grand Prix,nurburgring,kevin_magnussen,MAG,haas,15,13,0.0,Finished,0,0,15,0,18.0,1.0,0.0,9.0,1.0,0.0,15.666666666666666,15.8,0.0,0.4,1.0,2.0,10.0,0.0,2,8,204.881,0
2020,11,Eifel Grand Prix,nurburgring,latifi,LAT,williams,18,14,0.0,Finished,0,0,18,0,20.0,0.0,0.0,10.0,0.0,0.0,14.0,15.2,0.0,0.2,-0.16666666666666607,0.0,10.0,0.0,2,13,202.816,0
2020,11,Eifel Grand Prix,nurburgring,kvyat,KVY,alphatauri,13,15,0.0,Finished,0,0,13,0,14.0,14.0,0.0,7.0,59.0,1.0,8.0,9.4,12.0,0.0,-1.0,20.0,10.0,0.0,2,16,200.975,0
2020,11,Eifel Grand Prix,nurburgring,norris,NOR,mclaren,8,16,0.0,Power Unit,0,1,8,0,4.0,65.0,0.0,4.0,106.0,0.0,8.333333333333334,8.4,20.0,0.0,-2.333333333333332,18.0,10.0,0.0,1,17,200.727,0
2020,11,Eifel Grand Prix,nurburgring,albon,ALB,red_bull,5,17,0.0,Radiator,0,1,5,0,5.0,64.0,0.0,2.0,192.0,1.0,9.333333333333334,8.4,16.0,0.0,-1.666666666666666,53.0,10.0,0.0,1,18,200.723,0
2020,11,Eifel Grand Prix,nurburgring,ocon,OCO,renault,7,18,0.0,Gearbox,0,1,7,0,12.0,36.0,0.0,5.0,99.0,0.0,9.666666666666666,9.4,10.0,0.2,2.333333333333333,43.0,10.0,0.0,2,19,198.873,0
2020,11,Eifel Grand Prix,nurburgring,bottas,BOT,mercedes,1,19,0.0,Power Unit,0,1,1,1,2.0,161.0,2.0,1.0,366.0,8.0,2.6666666666666665,2.6,54.0,0.0,-0.5,110.0,10.0,0.0,1,15,201.697,0
2020,11,Eifel Grand Prix,nurburgring,russell,RUS,williams,17,20,0.0,Collision,0,1,17,0,21.0,0.0,0.0,10.0,0.0,0.0,14.333333333333334,15.8,0.0,0.2,0.16666666666666785,0.0,10.0,0.0,1,20,196.06,0
2020,12,Portuguese Grand Prix,portimao,hamilton,HAM,mercedes,1,1,26.0,Finished,1,0,1,1,1.0,230.0,7.0,1.0,391.0,9.0,1.6666666666666667,2.6,66.0,0.0,-2.833333333333333,110.0,10.0,0.0,1,1,212.708,0
2020,12,Portuguese Grand Prix,portimao,bottas,BOT,mercedes,2,2,18.0,Finished,1,0,2,1,2.0,161.0,2.0,1.0,391.0,9.0,7.333333333333333,5.8,44.0,0.2,2.833333333333333,110.0,10.0,0.0,1,2,211.113,0
2020,12,Portuguese Grand Prix,portimao,max_verstappen,VER,red_bull,3,3,15.0,Finished,1,0,3,0,3.0,147.0,1.0,2.0,211.0,1.0,7.666666666666667,8.6,37.0,0.4,-1.166666666666667,53.0,10.0,0.0,1,4,209.767,0
2020,12,Portuguese Grand Prix,portimao,leclerc,LEC,ferrari,4,4,12.0,Finished,0,0,4,0,8.0,63.0,0.0,6.0,80.0,0.0,7.0,10.6,18.0,0.2,-2.166666666666666,27.0,10.0,0.0,1,7,208.322,0
2020,12,Portuguese Grand Prix,portimao,gasly,GAS,alphatauri,9,5,10.0,+1 Lap,0,0,9,0,10.0,53.0,1.0,7.0,67.0,1.0,11.666666666666666,8.8,10.0,0.2,0.8333333333333321,24.0,10.0,0.0,1,9,207.952,0
2020,12,Portuguese Grand Prix,portimao,sainz,SAI,mclaren,7,6,8.0,+1 Lap,0,0,7,0,11.0,51.0,0.0,4.0,116.0,0.0,14.0,12.8,10.0,0.6,0.8333333333333339,18.0,10.0,0.0,1,6,208.685,0
2020,12,Portuguese Grand Prix,portimao,perez,PER,racing_point,5,7,6.0,+1 Lap,0,0,5,0,5.0,68.0,0.0,3.0,135.0,0.0,4.333333333333333,6.6,34.0,0.0,-4.666666666666667,34.0,10.0,0.0,2,11,207.306,0
2020,12,Portuguese Grand Prix,portimao,ocon,OCO,renault,11,8,4.0,+1 Lap,0,0,11,0,12.0,36.0,0.0,5.0,114.0,0.0,13.0,10.4,6.0,0.4,4.5,37.0,10.0,0.0,1,12,207.16,0
2020,12,Portuguese Grand Prix,portimao,ricciardo,RIC,renault,10,9,2.0,+1 Lap,0,0,10,0,4.0,78.0,0.0,5.0,114.0,0.0,4.0,4.4,37.0,0.0,-4.5,37.0,10.0,0.0,1,14,207.04,0
2020,12,Portuguese Grand Prix,portimao,vettel,VET,ferrari,15,10,1.0,+1 Lap,0,0,15,0,13.0,17.0,0.0,6.0,80.0,0.0,11.333333333333334,13.4,1.0,0.2,2.166666666666668,27.0,10.0,0.0,1,10,207.489,0
2020,12,Portuguese Grand Prix,portimao,raikkonen,RAI,alfa,16,11,0.0,+1 Lap,0,0,16,0,18.0,2.0,0.0,8.0,5.0,0.0,11.666666666666666,12.0,2.0,0.0,-0.5,1.0,10.0,0.0,1,15,206.652,0
2020,12,Portuguese Grand Prix,portimao,albon,ALB,red_bull,6,12,0.0,+1 Lap,0,0,6,0,7.0,64.0,0.0,2.0,211.0,1.0,10.0,10.2,16.0,0.2,1.166666666666666,53.0,10.0,0.0,2,5,209.673,0
2020,12,Portuguese Grand Prix,portimao,norris,NOR,mclaren,8,13,0.0,+1 Lap,0,0,8,0,6.0,65.0,0.0,4.0,116.0,0.0,12.333333333333334,9.6,8.0,0.2,-0.8333333333333321,18.0,10.0,0.0,2,3,211.073,0
2020,12,Portuguese Grand Prix,portimao,russell,RUS,williams,14,14,0.0,+1 Lap,0,0,14,0,21.0,0.0,0.0,10.0,0.0,0.0,16.333333333333332,16.4,0.0,0.4,0.6666666666666661,0.0,10.0,0.0,1,13,207.101,0
2020,12,Portuguese Grand Prix,portimao,giovinazzi,GIO,alfa,17,15,0.0,+1 Lap,0,0,17,0,16.0,3.0,0.0,8.0,5.0,0.0,12.666666666666666,14.4,1.0,0.4,0.5,1.0,10.0,0.0,1,20,204.544,0
2020,12,Portuguese Grand Prix,portimao,kevin_magnussen,MAG,haas,19,16,0.0,+1 Lap,0,0,19,0,19.0,1.0,0.0,9.0,3.0,0.0,13.666666666666666,15.4,0.0,0.4,0.5,2.0,10.0,0.0,1,16,205.632,0
2020,12,Portuguese Grand Prix,portimao,grosjean,GRO,haas,18,17,0.0,+1 Lap,0,0,18,0,17.0,2.0,0.0,9.0,3.0,0.0,12.666666666666666,13.0,2.0,0.0,-0.5,2.0,10.0,0.0,1,17,205.118,0
2020,12,Portuguese Grand Prix,portimao,latifi,LAT,williams,20,18,0.0,+2 Laps,0,0,20,0,20.0,0.0,0.0,10.0,0.0,0.0,15.0,14.4,0.0,0.2,-0.6666666666666661,0.0,10.0,0.0,1,19,204.629,0
2020,12,Portuguese Grand Prix,portimao,kvyat,KVY,alphatauri,13,19,0.0,+2 Laps,0,0,13,0,14.0,14.0,0.0,7.0,67.0,1.0,10.0,10.0,10.0,0.0,-0.8333333333333339,24.0,10.0,0.0,2,8,208.216,0
2020,12,Portuguese Grand Prix,portimao,stroll,STR,racing_point,12,20,0.0,Collision damage,0,1,12,0,9.0,57.0,0.0,3.0,135.0,0.0,12.0,9.8,15.0,0.4,3.0,34.0,10.0,0.0,2,18,205.043,0
2020,13,Emilia Romagna Grand Prix,imola,hamilton,HAM,mercedes,2,1,26.0,Finished,1,0,2,1,1.0,256.0,8.0,1.0,435.0,10.0,1.6666666666666667,2.6,66.0,0.0,-2.833333333333333,113.0,10.0,0.0,2,1,234.121,0
2020,13,Emilia Romagna Grand Prix,imola,bottas,BOT,mercedes,1,2,18.0,Finished,1,0,1,1,2.0,179.0,2.0,1.0,435.0,10.0,7.333333333333333,5.8,44.0,0.2,2.833333333333333,113.0,10.0,0.0,2,2,232.831,0
2020,13,Emilia Romagna Grand Prix,imola,ricciardo,RIC,renault,5,3,15.0,Finished,1,0,5,0,4.0,80.0,0.0,5.0,120.0,0.0,5.666666666666667,5.4,27.0,0.0,-2.666666666666667,36.0,10.0,0.0,1,4,227.878,0
2020,13,Emilia Romagna Grand Prix,imola,kvyat,KVY,alphatauri,8,4,12.0,Finished,0,0,8,0,14.0,14.0,0.0,7.0,77.0,1.0,14.0,11.6,4.0,0.0,3.666666666666666,30.0,10.0,0.0,2,6,227.543,0
2020,13,Emilia Romagna Grand Prix,imola,leclerc,LEC,ferrari,7,5,10.0,Finished,0,0,7,0,5.0,75.0,0.0,6.0,93.0,0.0,5.666666666666667,8.6,26.0,0.2,-2.833333333333333,29.0,10.0,0.0,1,12,226.067,0
2020,13,Emilia Romagna Grand Prix,imola,perez,PER,racing_point,11,6,8.0,Finished,0,0,11,0,6.0,74.0,0.0,3.0,141.0,0.0,5.0,6.0,30.0,0.0,-5.5,30.0,10.0,0.0,2,9,226.325,0
2020,13,Emilia Romagna Grand Prix,imola,sainz,SAI,mclaren,10,7,6.0,Finished,0,0,10,0,10.0,59.0,0.0,4.0,124.0,0.0,10.0,10.0,18.0,0.4,-2.333333333333334,28.0,10.0,0.0,2,11,226.226,0
2020,13,Emilia Romagna Grand Prix,imola,norris,NOR,mclaren,9,8,4.0,Finished,0,0,9,0,7.0,65.0,0.0,4.0,124.0,0.0,14.666666666666666,10.8,0.0,0.2,2.333333333333332,28.0,10.0,0.0,2,8,226.368,0
2020,13,Emilia Romagna Grand Prix,imola,raikkonen,RAI,alfa,18,9,2.0,Finished,0,0,18,0,18.0,2.0,0.0,8.0,5.0,0.0,12.333333333333334,11.8,0.0,0.0,0.16666666666666785,4.0,10.0,0.0,1,10,226.313,0
2020,13,Emilia Romagna Grand Prix,imola,giovinazzi,GIO,alfa,20,10,1.0,Finished,0,0,20,0,16.0,3.0,0.0,8.0,5.0,0.0,12.0,13.8,1.0,0.2,-0.16666666666666607,4.0,10.0,0.0,1,15,224.286,0
2020,13,Emilia Romagna Grand Prix,imola,latifi,LAT,williams,19,11,0.0,Finished,0,0,19,0,20.0,0.0,0.0,10.0,0.0,0.0,16.0,14.8,0.0,0.2,-0.6666666666666679,0.0,10.0,0.0,1,14,224.499,0
2020,13,Emilia Romagna Grand Prix,imola,vettel,VET,ferrari,14,12,0.0,Finished,0,0,14,0,13.0,18.0,0.0,6.0,93.0,0.0,11.333333333333334,12.8,1.0,0.2,2.833333333333334,29.0,10.0,0.0,2,7,227.248,0
2020,13,Emilia Romagna Grand Prix,imola,stroll,STR,racing_point,15,13,0.0,Finished,0,0,15,0,11.0,57.0,0.0,3.0,141.0,0.0,17.666666666666668,13.0,0.0,0.6,7.166666666666668,30.0,10.0,0.0,3,13,225.528,0
2020,13,Emilia Romagna Grand Prix,imola,grosjean,GRO,haas,16,14,0.0,Finished,0,0,16,0,17.0,2.0,0.0,9.0,3.0,0.0,14.333333333333334,13.4,2.0,0.0,0.3333333333333339,2.0,10.0,0.0,2,17,224.206,0
2020,13,Emilia Romagna Grand Prix,imola,albon,ALB,red_bull,6,15,0.0,Finished,0,0,6,0,8.0,64.0,0.0,2.0,226.0,1.0,13.0,11.4,1.0,0.2,5.333333333333333,34.0,10.0,0.0,2,3,231.991,0
2020,13,Emilia Romagna Grand Prix,imola,russell,RUS,williams,13,16,0.0,Accident,0,1,13,0,21.0,0.0,0.0,10.0,0.0,0.0,17.333333333333332,15.4,0.0,0.2,0.6666666666666643,0.0,10.0,0.0,1,16,224.237,0
2020,13,Emilia Romagna Grand Prix,imola,max_verstappen,VER,red_bull,3,17,0.0,Puncture,0,1,3,0,3.0,162.0,1.0,2.0,226.0,1.0,2.3333333333333335,8.6,52.0,0.4,-5.333333333333334,34.0,10.0,0.0,1,5,227.628,0
2020,13,Emilia Romagna Grand Prix,imola,kevin_magnussen,MAG,haas,17,18,0.0,Illness,0,1,17,0,19.0,1.0,0.0,9.0,3.0,0.0,13.666666666666666,15.2,0.0,0.4,-0.3333333333333339,2.0,10.0,0.0,1,18,222.93,0
2020,13,Emilia Romagna Grand Prix,imola,ocon,OCO,renault,12,19,0.0,Gearbox,0,1,12,0,12.0,40.0,0.0,5.0,120.0,0.0,11.0,11.0,10.0,0.4,2.666666666666666,36.0,10.0,0.0,1,19,221.998,0
2020,13,Emilia Romagna Grand Prix,imola,gasly,GAS,alphatauri,4,20,0.0,Water pressure,0,1,4,0,9.0,63.0,1.0,7.0,77.0,1.0,6.666666666666667,8.2,20.0,0.2,-3.666666666666667,30.0,10.0,0.0,2,20,219.797,0
2020,14,Turkish Grand Prix,istanbul,hamilton,HAM,mercedes,6,1,25.0,Finished,1,0,6,0,1.0,282.0,9.0,1.0,479.0,11.0,1.0,1.4,77.0,0.0,-3.333333333333333,113.0,10.0,0.0,1,6,193.302,0
2020,14,Turkish Grand Prix,istanbul,perez,PER,racing_point,3,2,18.0,Finished,1,0,3,0,6.0,82.0,0.0,3.0,149.0,0.0,5.666666666666667,5.2,26.0,0.0,-3.999999999999999,34.0,10.0,0.0,1,12,191.417,0
2020,14,Turkish Grand Prix,istanbul,vettel,VET,ferrari,11,3,15.0,Finished,1,0,12,0,14.0,18.0,0.0,6.0,103.0,0.0,11.0,11.2,1.0,0.0,2.833333333333334,50.0,10.0,0.0,2,8,192.819,0
2020,14,Turkish Grand Prix,istanbul,leclerc,LEC,ferrari,12,4,12.0,Finished,0,0,14,0,5.0,85.0,0.0,6.0,103.0,0.0,5.333333333333333,6.0,28.0,0.0,-2.833333333333333,50.0,10.0,0.0,2,11,192.242,0
2020,14,Turkish Grand Prix,istanbul,sainz,SAI,mclaren,15,5,10.0,Finished,0,0,13,0,8.0,65.0,0.0,5.0,134.0,0.0,6.0,11.0,24.0,0.4,-3.166666666666666,33.0,10.0,0.0,2,4,194.592,0
2020,14,Turkish Grand Prix,istanbul,max_verstappen,VER,red_bull,2,6,8.0,Finished,0,0,2,1,3.0,162.0,1.0,2.0,226.0,1.0,7.333333333333333,8.6,34.0,0.4,-3.666666666666667,29.0,10.0,0.0,3,3,195.231,0
2020,14,Turkish Grand Prix,istanbul,albon,ALB,red_bull,4,7,6.0,Finished,0,0,4,0,9.0,64.0,0.0,2.0,226.0,1.0,14.666666666666666,11.4,0.0,0.2,3.666666666666666,29.0,10.0,0.0,2,5,193.915,0
2020,14,Turkish Grand Prix,istanbul,norris,NOR,mclaren,14,8,5.0,Finished,0,0,11,0,7.0,69.0,0.0,5.0,134.0,0.0,12.333333333333334,11.6,4.0,0.2,3.166666666666668,33.0,10.0,0.0,2,1,198.508,0
2020,14,Turkish Grand Prix,istanbul,stroll,STR,racing_point,1,9,2.0,Finished,0,0,1,1,11.0,57.0,0.0,3.0,149.0,0.0,17.666666666666668,13.8,0.0,0.6,8.000000000000002,34.0,10.0,0.0,2,10,192.319,0
2020,14,Turkish Grand Prix,istanbul,ricciardo,RIC,renault,5,10,1.0,Finished,0,0,5,0,4.0,95.0,0.0,4.0,135.0,0.0,5.0,4.8,32.0,0.0,-5.0,22.0,10.0,0.0,2,13,190.875,0
2020,14,Turkish Grand Prix,istanbul,ocon,OCO,renault,7,11,0.0,+1 Lap,0,0,7,0,12.0,40.0,0.0,4.0,135.0,0.0,15.0,13.2,4.0,0.6,5.0,22.0,10.0,0.0,2,16,190.254,0
2020,14,Turkish Grand Prix,istanbul,kvyat,KVY,alphatauri,16,12,0.0,+1 Lap,0,0,17,0,13.0,26.0,0.0,7.0,89.0,1.0,12.666666666666666,10.6,12.0,0.0,1.166666666666666,22.0,10.0,0.0,1,17,190.229,0
2020,14,Turkish Grand Prix,istanbul,gasly,GAS,alphatauri,19,13,0.0,+1 Lap,0,0,15,0,10.0,63.0,1.0,7.0,89.0,1.0,10.333333333333334,12.0,18.0,0.4,-1.166666666666666,22.0,10.0,0.0,2,7,192.966,0
2020,14,Turkish Grand Prix,istanbul,bottas,BOT,mercedes,9,14,0.0,+1 Lap,0,0,9,0,2.0,197.0,2.0,1.0,479.0,11.0,7.666666666666667,5.2,36.0,0.2,3.333333333333334,113.0,10.0,0.0,2,2,195.704,0
2020,14,Turkish Grand Prix,istanbul,raikkonen,RAI,alfa,8,15,0.0,+1 Lap,0,0,8,0,16.0,4.0,0.0,8.0,8.0,0.0,10.666666666666666,11.0,2.0,0.0,-0.5,3.0,10.0,0.0,3,9,192.663,0
2020,14,Turkish Grand Prix,istanbul,russell,RUS,williams,0,16,0.0,+1 Lap,0,0,18,0,21.0,0.0,0.0,10.0,0.0,0.0,16.666666666666668,15.8,0.0,0.4,1.1666666666666679,0.0,10.0,0.0,2,14,190.616,0
2020,14,Turkish Grand Prix,istanbul,kevin_magnussen,MAG,haas,13,17,0.0,Withdrew,0,1,16,0,19.0,1.0,0.0,9.0,3.0,0.0,15.666666666666666,15.0,0.0,0.4,1.166666666666666,0.0,10.0,0.0,2,15,190.363,0
2020,14,Turkish Grand Prix,istanbul,grosjean,GRO,haas,17,18,0.0,Collision damage,0,1,19,0,18.0,2.0,0.0,9.0,3.0,0.0,13.333333333333334,13.8,2.0,0.0,-1.166666666666666,0.0,10.0,0.0,2,18,186.063,0
2020,14,Turkish Grand Prix,istanbul,latifi,LAT,williams,0,19,0.0,Collision damage,0,1,20,0,20.0,0.0,0.0,10.0,0.0,0.0,14.333333333333334,14.8,0.0,0.2,-1.166666666666666,0.0,10.0,0.0,2,19,185.678,0
2020,14,Turkish Grand Prix,istanbul,giovinazzi,GIO,alfa,10,20,0.0,Gearbox,0,1,10,0,17.0,4.0,0.0,8.0,8.0,0.0,11.666666666666666,12.6,2.0,0.2,0.5,3.0,10.0,0.0,1,20,172.934,0
2020,15,Bahrain Grand Prix,bahrain,hamilton,HAM,mercedes,1,1,25.0,Finished,1,0,1,1,1.0,307.0,10.0,1.0,504.0,12.0,1.0,1.4,77.0,0.0,-2.5,98.0,1.0,1.0,3,3,209.803,0
2020,15,Bahrain Grand Prix,bahrain,max_verstappen,VER,red_bull,3,2,19.0,Finished,1,0,3,0,3.0,170.0,1.0,2.0,240.0,1.0,8.666666666666666,6.0,23.0,0.2,-1.333333333333334,48.0,4.0,0.0,4,1,211.741,0
2020,15,Bahrain Grand Prix,bahrain,albon,ALB,red_bull,4,3,15.0,Finished,1,0,4,0,9.0,70.0,0.0,2.0,240.0,1.0,11.333333333333334,12.2,6.0,0.2,1.333333333333334,48.0,9.0,0.0,3,10,207.967,0
2020,15,Bahrain Grand Prix,bahrain,norris,NOR,mclaren,9,4,12.0,Finished,0,0,9,0,8.0,74.0,0.0,4.0,149.0,0.0,9.666666666666666,12.0,9.0,0.2,1.833333333333333,47.0,6.0,0.0,3,7,208.18,0
2020,15,Bahrain Grand Prix,bahrain,sainz,SAI,mclaren,15,5,10.0,Finished,0,0,15,0,7.0,75.0,0.0,4.0,149.0,0.0,6.0,8.4,24.0,0.2,-1.833333333333333,47.0,19.0,0.0,3,5,208.575,0
2020,15,Bahrain Grand Prix,bahrain,gasly,GAS,alphatauri,8,6,8.0,Finished,0,0,8,0,10.0,63.0,1.0,7.0,89.0,1.0,12.666666666666666,10.6,10.0,0.2,0.5,20.0,8.0,0.0,2,16,205.482,0
2020,15,Bahrain Grand Prix,bahrain,ricciardo,RIC,renault,6,7,6.0,Finished,0,0,6,0,6.0,96.0,0.0,5.0,136.0,0.0,7.333333333333333,6.0,18.0,0.0,-2.666666666666667,24.0,18.0,0.0,3,2,209.887,0
2020,15,Bahrain Grand Prix,bahrain,bottas,BOT,mercedes,2,8,4.0,Finished,0,0,2,1,2.0,197.0,2.0,1.0,504.0,12.0,6.0,7.6,36.0,0.2,2.5,98.0,2.0,1.0,4,4,208.706,0
2020,15,Bahrain Grand Prix,bahrain,ocon,OCO,renault,7,9,2.0,Finished,0,0,7,0,12.0,40.0,0.0,5.0,136.0,0.0,12.666666666666666,12.6,4.0,0.4,2.666666666666666,24.0,10.0,0.0,3,13,206.49,0
2020,15,Bahrain Grand Prix,bahrain,leclerc,LEC,ferrari,12,10,1.0,+1 Lap,0,0,12,0,5.0,97.0,0.0,6.0,130.0,0.0,4.333333333333333,5.2,34.0,0.0,-2.0,38.0,3.0,1.0,3,8,208.098,0
2020,15,Bahrain Grand Prix,bahrain,kvyat,KVY,alphatauri,10,11,0.0,+1 Lap,0,0,10,0,14.0,26.0,0.0,7.0,89.0,1.0,11.666666666666666,11.6,12.0,0.0,-0.5,20.0,12.0,0.0,3,12,206.957,0
2020,15,Bahrain Grand Prix,bahrain,russell,RUS,williams,14,12,0.0,+1 Lap,0,0,14,0,21.0,0.0,0.0,10.0,0.0,0.0,15.333333333333334,16.8,0.0,0.4,-0.33333333333333215,0.0,15.0,0.0,3,17,204.995,0
2020,15,Bahrain Grand Prix,bahrain,vettel,VET,ferrari,11,13,0.0,+1 Lap,0,0,11,0,13.0,33.0,0.0,6.0,130.0,0.0,8.333333333333334,9.8,16.0,0.0,2.000000000000001,38.0,5.0,0.0,3,11,207.575,0
2020,15,Bahrain Grand Prix,bahrain,latifi,LAT,williams,20,14,0.0,+1 Lap,0,0,20,0,20.0,0.0,0.0,10.0,0.0,0.0,16.0,15.6,0.0,0.2,0.3333333333333339,0.0,10.0,0.0,3,15,205.973,0
2020,15,Bahrain Grand Prix,bahrain,raikkonen,RAI,alfa,17,15,0.0,+1 Lap,0,0,17,0,16.0,4.0,0.0,8.0,8.0,0.0,11.666666666666666,12.2,2.0,0.0,-1.6666666666666679,3.0,7.0,0.0,3,6,208.213,0
2020,15,Bahrain Grand Prix,bahrain,giovinazzi,GIO,alfa,16,16,0.0,+1 Lap,0,0,16,0,17.0,4.0,0.0,8.0,8.0,0.0,15.0,13.2,1.0,0.2,1.666666666666666,3.0,11.0,0.0,3,14,206.092,0
2020,15,Bahrain Grand Prix,bahrain,kevin_magnussen,MAG,haas,18,17,0.0,+1 Lap,0,0,18,0,19.0,1.0,0.0,9.0,3.0,0.0,17.0,15.2,0.0,0.4,0.33333333333333215,0.0,13.0,0.0,4,18,204.567,0
2020,15,Bahrain Grand Prix,bahrain,perez,PER,racing_point,5,18,0.0,Engine,0,1,5,0,4.0,100.0,0.0,3.0,169.0,0.0,5.0,4.6,32.0,0.0,-4.5,28.0,10.0,0.0,3,9,208.089,0
2020,15,Bahrain Grand Prix,bahrain,stroll,STR,racing_point,13,19,0.0,Collision,0,1,13,0,11.0,59.0,0.0,3.0,169.0,0.0,14.0,15.0,2.0,0.6,4.5,28.0,14.0,0.0,1,10,207.043,0
2020,15,Bahrain Grand Prix,bahrain,grosjean,GRO,haas,19,20,0.0,Collision,0,1,19,0,18.0,2.0,0.0,9.0,3.0,0.0,16.333333333333332,15.0,0.0,0.2,-0.3333333333333357,0.0,20.0,0.0,2,10,207.043,0
2020,16,Sakhir Grand Prix,bahrain,perez,PER,racing_point,5,1,25.0,Finished,1,0,5,0,5.0,100.0,0.0,4.0,169.0,0.0,8.666666666666666,7.4,26.0,0.2,-2.5,60.0,14.0,0.0,2,3,224.599,0
2020,16,Sakhir Grand Prix,bahrain,ocon,OCO,renault,11,2,18.0,Finished,1,0,11,0,12.0,42.0,0.0,5.0,144.0,0.0,13.0,13.0,2.0,0.4,3.166666666666666,37.0,9.0,0.0,1,12,222.402,0
2020,16,Sakhir Grand Prix,bahrain,stroll,STR,racing_point,10,3,15.0,Finished,1,0,10,0,11.0,59.0,0.0,4.0,169.0,0.0,13.666666666666666,16.2,2.0,0.6,2.5,60.0,16.5,0.0,1,14,222.255,0
2020,16,Sakhir Grand Prix,bahrain,sainz,SAI,mclaren,8,4,12.0,Finished,0,0,8,0,8.0,85.0,0.0,3.0,171.0,0.0,5.666666666666667,5.6,26.0,0.0,-0.5,50.0,12.0,0.0,2,9,223.122,0
2020,16,Sakhir Grand Prix,bahrain,ricciardo,RIC,renault,7,5,10.0,Finished,0,0,7,0,4.0,102.0,0.0,5.0,144.0,0.0,6.666666666666667,6.4,22.0,0.0,-3.166666666666667,37.0,12.5,0.0,2,6,223.85,0
2020,16,Sakhir Grand Prix,bahrain,albon,ALB,red_bull,12,6,8.0,Finished,0,0,12,0,9.0,85.0,0.0,2.0,274.0,1.0,8.333333333333334,10.8,21.0,0.2,0.0,56.0,6.0,0.5,2,8,223.548,0
2020,16,Sakhir Grand Prix,bahrain,kvyat,KVY,alphatauri,6,7,6.0,Finished,0,0,6,0,14.0,26.0,0.0,7.0,97.0,1.0,9.0,12.2,12.0,0.0,-2.0,14.0,11.5,0.0,2,7,223.764,0
2020,16,Sakhir Grand Prix,bahrain,bottas,BOT,mercedes,1,8,4.0,Finished,0,0,1,1,2.0,201.0,2.0,1.0,533.0,13.0,8.0,9.0,22.0,0.2,3.5,61.0,5.0,0.5,2,2,225.497,0
2020,16,Sakhir Grand Prix,bahrain,russell,RUS,mercedes,2,9,3.0,Finished,0,0,2,1,21.0,0.0,0.0,1.0,533.0,13.0,14.666666666666666,15.6,0.0,0.4,10.166666666666666,61.0,13.5,0.0,4,1,230.214,0
2020,16,Sakhir Grand Prix,bahrain,norris,NOR,mclaren,19,10,1.0,Finished,0,0,15,0,7.0,86.0,0.0,3.0,171.0,0.0,6.666666666666667,9.8,21.0,0.2,0.5,50.0,5.0,0.0,2,11,222.713,0
2020,16,Sakhir Grand Prix,bahrain,gasly,GAS,alphatauri,9,11,0.0,Finished,0,0,9,0,10.0,71.0,1.0,7.0,97.0,1.0,13.0,10.0,8.0,0.2,2.0,14.0,7.0,0.0,2,10,222.908,0
2020,16,Sakhir Grand Prix,bahrain,vettel,VET,ferrari,13,12,0.0,Finished,0,0,13,0,13.0,33.0,0.0,6.0,131.0,0.0,9.333333333333334,9.8,15.0,0.0,1.5000000000000009,28.0,9.0,0.0,3,5,224.141,0
2020,16,Sakhir Grand Prix,bahrain,giovinazzi,GIO,alfa,14,13,0.0,Finished,0,0,14,0,17.0,4.0,0.0,8.0,8.0,0.0,15.333333333333334,14.2,1.0,0.2,1.1666666666666679,0.0,13.5,0.0,2,4,224.212,0
2020,16,Sakhir Grand Prix,bahrain,raikkonen,RAI,alfa,18,14,0.0,Finished,0,0,19,0,16.0,4.0,0.0,8.0,8.0,0.0,13.0,12.4,2.0,0.0,-1.166666666666666,0.0,11.0,0.0,3,13,222.305,0
2020,16,Sakhir Grand Prix,bahrain,kevin_magnussen,MAG,haas,15,15,0.0,Finished,0,0,16,0,19.0,1.0,0.0,9.0,3.0,0.0,17.333333333333332,16.2,0.0,0.4,0.0,0.0,15.0,0.0,2,16,221.76,0
2020,16,Sakhir Grand Prix,bahrain,aitken,AIT,williams,17,16,0.0,Finished,0,0,18,0,10.0,0.0,0.0,10.0,0.0,0.0,,,,,0.0,0.0,10.0,0.0,3,15,222.24,0
2020,16,Sakhir Grand Prix,bahrain,pietro_fittipaldi,FIT,haas,20,17,0.0,Finished,0,0,20,0,10.0,0.0,0.0,9.0,3.0,0.0,,,,,0.0,0.0,10.0,0.0,3,17,220.892,0
2020,16,Sakhir Grand Prix,bahrain,latifi,LAT,williams,16,18,0.0,Engine,0,1,17,0,20.0,0.0,0.0,10.0,0.0,0.0,14.666666666666666,15.2,0.0,0.2,0.0,0.0,14.0,0.0,1,18,219.132,0
2020,16,Sakhir Grand Prix,bahrain,max_verstappen,VER,red_bull,3,19,0.0,Accident,0,1,3,0,3.0,189.0,1.0,2.0,274.0,1.0,8.333333333333334,6.0,27.0,0.2,0.0,56.0,3.0,0.5,2,10,207.043,0
2020,16,Sakhir Grand Prix,bahrain,leclerc,LEC,ferrari,4,20,0.0,Collision,0,1,4,0,6.0,98.0,0.0,6.0,131.0,0.0,6.333333333333333,6.0,23.0,0.0,-1.5,28.0,6.5,0.5,2,10,207.043,0
2020,17,Abu Dhabi Grand Prix,yas_marina,max_verstappen,VER,red_bull,1,1,25.0,Finished,1,0,1,1,3.0,189.0,1.0,2.0,282.0,1.0,9.0,9.4,27.0,0.4,1.833333333333333,79.0,2.0,1.0,1,2,198.046,0
2020,17,Abu Dhabi Grand Prix,yas_marina,bottas,BOT,mercedes,2,2,18.0,Finished,1,0,2,1,2.0,205.0,2.0,1.0,540.0,13.0,10.0,6.8,8.0,0.0,3.166666666666667,69.0,4.0,0.0,1,3,197.707,0
2020,17,Abu Dhabi Grand Prix,yas_marina,hamilton,HAM,mercedes,3,3,15.0,Finished,1,0,3,0,1.0,332.0,11.0,1.0,540.0,13.0,1.0,1.0,76.0,0.0,-5.833333333333333,69.0,1.0,1.0,1,5,197.144,0
2020,17,Abu Dhabi Grand Prix,yas_marina,albon,ALB,red_bull,5,4,12.0,Finished,0,0,5,0,8.0,93.0,0.0,2.0,282.0,1.0,5.333333333333333,8.6,29.0,0.0,-1.833333333333334,79.0,6.0,0.0,1,4,197.52,0
2020,17,Abu Dhabi Grand Prix,yas_marina,norris,NOR,mclaren,4,5,10.0,Finished,0,0,4,0,9.0,87.0,0.0,4.0,184.0,0.0,7.333333333333333,8.6,18.0,0.0,1.333333333333333,53.0,8.0,0.0,1,12,196.092,0
2020,17,Abu Dhabi Grand Prix,yas_marina,sainz,SAI,mclaren,6,6,8.0,Finished,0,0,6,0,7.0,97.0,0.0,4.0,184.0,0.0,4.666666666666667,5.4,32.0,0.0,-1.333333333333333,53.0,10.0,0.0,1,11,196.125,0
2020,17,Abu Dhabi Grand Prix,yas_marina,ricciardo,RIC,renault,11,7,7.0,Finished,0,0,12,0,5.0,112.0,0.0,5.0,172.0,0.0,7.333333333333333,6.8,17.0,0.0,0.0,45.0,11.0,0.0,1,1,198.109,0
2020,17,Abu Dhabi Grand Prix,yas_marina,gasly,GAS,alphatauri,9,8,4.0,Finished,0,0,10,0,11.0,71.0,1.0,7.0,103.0,1.0,10.0,11.0,8.0,0.2,0.0,18.0,18.0,0.0,1,15,195.116,0
2020,17,Abu Dhabi Grand Prix,yas_marina,ocon,OCO,renault,10,9,2.0,Finished,0,0,11,0,12.0,60.0,0.0,5.0,172.0,0.0,7.333333333333333,9.8,20.0,0.2,0.0,45.0,10.0,0.0,1,18,194.32,0
2020,17,Abu Dhabi Grand Prix,yas_marina,stroll,STR,racing_point,8,10,1.0,Finished,0,0,8,0,10.0,74.0,0.0,3.0,209.0,1.0,10.333333333333334,12.8,17.0,0.4,1.6666666666666679,41.0,20.0,0.0,1,9,196.281,0
2020,17,Abu Dhabi Grand Prix,yas_marina,kvyat,KVY,alphatauri,7,11,0.0,+1 Lap,0,0,7,0,14.0,32.0,0.0,7.0,103.0,1.0,10.0,10.6,6.0,0.0,0.0,18.0,9.0,0.0,1,17,194.679,0
2020,17,Abu Dhabi Grand Prix,yas_marina,raikkonen,RAI,alfa,15,12,0.0,+1 Lap,0,0,16,0,17.0,4.0,0.0,8.0,8.0,0.0,14.666666666666666,12.8,0.0,0.0,-0.8333333333333339,0.0,13.0,0.0,1,14,195.739,0
2020,17,Abu Dhabi Grand Prix,yas_marina,leclerc,LEC,ferrari,12,13,0.0,+1 Lap,0,0,9,0,6.0,98.0,0.0,6.0,131.0,0.0,11.333333333333334,8.6,13.0,0.2,1.0,1.0,3.0,1.0,1,10,196.2,0
2020,17,Abu Dhabi Grand Prix,yas_marina,vettel,VET,ferrari,13,14,0.0,+1 Lap,0,0,13,0,13.0,33.0,0.0,6.0,131.0,0.0,9.333333333333334,10.0,15.0,0.0,-1.0,1.0,5.0,0.0,1,6,197.037,0
2020,17,Abu Dhabi Grand Prix,yas_marina,russell,RUS,williams,16,15,0.0,+1 Lap,0,0,18,0,18.0,3.0,0.0,10.0,0.0,0.0,12.333333333333334,13.4,3.0,0.2,-3.5,0.0,17.0,0.0,1,20,193.504,0
2020,17,Abu Dhabi Grand Prix,yas_marina,giovinazzi,GIO,alfa,14,16,0.0,+1 Lap,0,0,14,0,16.0,4.0,0.0,8.0,8.0,0.0,16.333333333333332,14.8,0.0,0.2,0.8333333333333321,0.0,16.0,0.0,1,7,196.65,0
2020,17,Abu Dhabi Grand Prix,yas_marina,latifi,LAT,williams,18,17,0.0,+1 Lap,0,0,20,0,22.0,0.0,0.0,10.0,0.0,0.0,17.0,16.0,0.0,0.4,1.166666666666666,0.0,10.0,0.0,2,16,195.073,0
2020,17,Abu Dhabi Grand Prix,yas_marina,kevin_magnussen,MAG,haas,20,18,0.0,+1 Lap,0,0,17,0,20.0,1.0,0.0,9.0,3.0,0.0,16.333333333333332,16.6,0.0,0.4,-1.0,0.0,14.0,0.0,2,13,196.025,0
2020,17,Abu Dhabi Grand Prix,yas_marina,pietro_fittipaldi,FIT,haas,17,19,0.0,+2 Laps,0,0,19,0,23.0,0.0,0.0,9.0,3.0,0.0,17.0,17.0,0.0,0.0,-0.33333333333333215,0.0,10.0,0.0,3,8,196.588,0
2020,17,Abu Dhabi Grand Prix,yas_marina,perez,PER,racing_point,19,20,0.0,Transmission,0,1,15,0,4.0,125.0,1.0,3.0,209.0,1.0,7.0,6.8,43.0,0.2,-1.666666666666666,41.0,7.0,0.0,2,19,193.625,0
2021,1,Bahrain Grand Prix,bahrain,hamilton,HAM,mercedes,2,1,25.0,Finished,1,0,2,1,10.0,0.0,0.0,5.0,0.0,0.0,1.6666666666666667,1.4,65.0,0.0,-3.5,0.0,1.0,1.0,2,4,207.235,0
2021,1,Bahrain Grand Prix,bahrain,max_verstappen,VER,red_bull,1,2,18.0,Finished,1,0,1,1,10.0,0.0,0.0,5.0,0.0,0.0,7.333333333333333,9.0,44.0,0.4,1.5,0.0,8.333333333333334,0.3333333333333333,2,2,208.984,0
2021,1,Bahrain Grand Prix,bahrain,bottas,BOT,mercedes,3,3,16.0,Finished,1,0,3,0,10.0,0.0,0.0,5.0,0.0,0.0,6.0,6.8,26.0,0.0,0.833333333333333,0.0,6.0,0.3333333333333333,3,1,211.566,0
2021,1,Bahrain Grand Prix,bahrain,norris,NOR,mclaren,7,4,12.0,Finished,0,0,7,0,10.0,0.0,0.0,5.0,0.0,0.0,6.333333333333333,7.0,23.0,0.0,0.6666666666666661,0.0,6.666666666666667,0.0,2,6,206.398,0
2021,1,Bahrain Grand Prix,bahrain,perez,PER,red_bull,0,5,10.0,Finished,0,0,11,0,10.0,0.0,0.0,5.0,0.0,0.0,13.0,9.4,25.0,0.4,7.166666666666667,0.0,9.666666666666666,0.3333333333333333,3,3,207.334,0
2021,1,Bahrain Grand Prix,bahrain,leclerc,LEC,ferrari,4,6,8.0,Finished,0,0,4,0,10.0,0.0,0.0,5.0,0.0,0.0,14.333333333333334,10.4,1.0,0.2,0.6666666666666679,0.0,11.0,0.3333333333333333,2,11,205.112,0
2021,1,Bahrain Grand Prix,bahrain,ricciardo,RIC,mclaren,6,7,6.0,Finished,0,0,6,0,10.0,0.0,0.0,5.0,0.0,0.0,6.333333333333333,6.4,23.0,0.0,0.6666666666666661,0.0,10.0,0.0,2,10,205.233,0
2021,1,Bahrain Grand Prix,bahrain,sainz,SAI,ferrari,8,8,4.0,Finished,0,0,8,0,10.0,0.0,0.0,5.0,0.0,0.0,5.0,5.4,30.0,0.0,-8.666666666666666,0.0,9.333333333333334,0.0,2,7,206.151,0
2021,1,Bahrain Grand Prix,bahrain,tsunoda,TSU,alphatauri,13,9,2.0,Finished,0,0,13,0,10.0,0.0,0.0,5.0,0.0,0.0,,,,,0.0,0.0,10.0,0.0,2,8,205.603,0
2021,1,Bahrain Grand Prix,bahrain,stroll,STR,aston_martin,10,10,1.0,Finished,0,0,10,0,10.0,0.0,0.0,5.0,0.0,0.0,10.666666666666666,10.8,16.0,0.2,0.0,0.0,12.0,0.3333333333333333,2,9,205.378,0
2021,1,Bahrain Grand Prix,bahrain,raikkonen,RAI,alfa,14,11,0.0,Finished,0,0,14,0,10.0,0.0,0.0,5.0,0.0,0.0,13.666666666666666,13.0,0.0,0.0,-0.6666666666666679,0.0,12.0,0.0,2,14,204.672,0
2021,1,Bahrain Grand Prix,bahrain,giovinazzi,GIO,alfa,12,12,0.0,+1 Lap,0,0,12,0,10.0,0.0,0.0,5.0,0.0,0.0,15.0,15.0,0.0,0.2,0.6666666666666661,0.0,13.333333333333334,0.0,2,13,204.823,0
2021,1,Bahrain Grand Prix,bahrain,ocon,OCO,alpine,16,13,0.0,+1 Lap,0,0,16,0,10.0,0.0,0.0,5.0,0.0,0.0,6.666666666666667,10.0,22.0,0.2,0.0,0.0,5.5,0.5,2,15,204.548,0
2021,1,Bahrain Grand Prix,bahrain,russell,RUS,williams,15,14,0.0,+1 Lap,0,0,15,0,10.0,0.0,0.0,5.0,0.0,0.0,12.0,13.6,3.0,0.2,-3.333333333333334,0.0,12.0,0.0,2,12,205.008,0
2021,1,Bahrain Grand Prix,bahrain,vettel,VET,aston_martin,20,15,0.0,+1 Lap,0,0,18,0,10.0,0.0,0.0,5.0,0.0,0.0,13.0,10.8,0.0,0.0,0.0,0.0,10.0,0.0,1,16,203.871,0
2021,1,Bahrain Grand Prix,bahrain,mick_schumacher,MSC,haas,18,16,0.0,+1 Lap,0,0,19,0,10.0,0.0,0.0,5.0,0.0,0.0,,,,,0.0,0.0,10.0,0.0,2,18,202.667,0
2021,1,Bahrain Grand Prix,bahrain,gasly,GAS,alphatauri,5,17,0.0,Retired,0,1,5,0,10.0,0.0,0.0,5.0,0.0,0.0,8.333333333333334,11.6,12.0,0.2,-0.6666666666666661,0.0,8.333333333333334,0.0,3,5,207.069,0
2021,1,Bahrain Grand Prix,bahrain,latifi,LAT,williams,17,18,0.0,Retired,0,1,17,0,10.0,0.0,0.0,5.0,0.0,0.0,16.333333333333332,15.8,0.0,0.4,0.9999999999999982,0.0,16.0,0.0,2,19,201.685,0
2021,1,Bahrain Grand Prix,bahrain,alonso,ALO,alpine,9,19,0.0,Brakes,0,1,9,0,10.0,0.0,0.0,5.0,0.0,0.0,,,,,0.0,0.0,10.0,0.0,2,17,202.816,0
2021,1,Bahrain Grand Prix,bahrain,mazepin,MAZ,haas,19,20,0.0,Accident,0,1,20,0,10.0,0.0,0.0,5.0,0.0,0.0,,,,,0.0,0.0,10.0,0.0,2,10,207.043,0
2021,2,Emilia Romagna Grand Prix,imola,max_verstappen,VER,red_bull,3,1,25.0,Finished,1,0,3,0,2.0,18.0,0.0,2.0,28.0,0.0,7.333333333333333,6.0,43.0,0.2,1.166666666666666,0.0,17.0,0.0,2,2,227.96,0
2021,2,Emilia Romagna Grand Prix,imola,hamilton,HAM,mercedes,1,2,19.0,Finished,1,0,1,1,1.0,25.0,1.0,1.0,41.0,1.0,1.6666666666666667,1.4,65.0,0.0,-2.666666666666666,0.0,1.0,1.0,4,1,230.403,0
2021,2,Emilia Romagna Grand Prix,imola,norris,NOR,mclaren,7,3,15.0,Finished,1,0,7,0,4.0,12.0,0.0,3.0,18.0,0.0,6.333333333333333,6.2,23.0,0.0,0.33333333333333304,0.0,8.0,0.0,2,3,225.819,0
2021,2,Emilia Romagna Grand Prix,imola,leclerc,LEC,ferrari,4,4,12.0,Finished,0,0,4,0,6.0,8.0,0.0,4.0,12.0,0.0,13.0,10.6,8.0,0.2,0.8333333333333339,0.0,5.0,0.0,2,6,225.473,0
2021,2,Emilia Romagna Grand Prix,imola,sainz,SAI,ferrari,11,5,10.0,Finished,0,0,11,0,8.0,4.0,0.0,4.0,12.0,0.0,6.0,5.6,24.0,0.0,-6.166666666666666,0.0,7.0,0.0,2,7,225.154,0
2021,2,Emilia Romagna Grand Prix,imola,ricciardo,RIC,mclaren,6,6,8.0,Finished,0,0,6,0,7.0,6.0,0.0,3.0,18.0,0.0,6.333333333333333,7.2,23.0,0.0,0.33333333333333304,0.0,3.0,1.0,2,12,222.739,0
2021,2,Emilia Romagna Grand Prix,imola,gasly,GAS,alphatauri,5,7,6.0,Finished,0,0,5,0,12.0,0.0,0.0,5.0,2.0,0.0,12.0,11.0,4.0,0.2,1.5,0.0,20.0,0.0,4,9,223.718,0
2021,2,Emilia Romagna Grand Prix,imola,stroll,STR,aston_martin,10,8,4.0,Finished,0,0,10,0,10.0,1.0,0.0,6.0,1.0,0.0,7.666666666666667,10.2,17.0,0.2,-4.833333333333333,0.0,13.0,0.0,3,8,224.32,0
2021,2,Emilia Romagna Grand Prix,imola,ocon,OCO,alpine,9,9,2.0,Finished,0,0,9,0,17.0,0.0,0.0,8.0,0.0,0.0,8.0,8.8,20.0,0.0,-8.0,0.0,19.0,0.0,5,15,222.512,0
2021,2,Emilia Romagna Grand Prix,imola,alonso,ALO,alpine,15,10,1.0,Finished,0,0,15,0,11.0,0.0,0.0,8.0,0.0,0.0,19.0,19.0,0.0,1.0,3.0,0.0,10.0,0.0,3,14,222.526,0
2021,2,Emilia Romagna Grand Prix,imola,perez,PER,red_bull,2,11,0.0,Finished,0,0,2,1,5.0,10.0,0.0,2.0,28.0,0.0,8.666666666666666,9.2,35.0,0.4,2.499999999999999,0.0,6.0,0.0,2,13,222.585,0
2021,2,Emilia Romagna Grand Prix,imola,tsunoda,TSU,alphatauri,20,12,0.0,Finished,0,0,20,0,9.0,2.0,0.0,5.0,2.0,0.0,9.0,9.0,2.0,0.0,-1.5,0.0,10.0,0.0,3,4,225.603,0
2021,2,Emilia Romagna Grand Prix,imola,raikkonen,RAI,alfa,16,13,0.0,Finished,0,0,16,0,18.0,0.0,0.0,7.0,0.0,0.0,12.333333333333334,13.4,0.0,0.0,-0.6666666666666661,0.0,9.0,0.0,3,5,225.548,0
2021,2,Emilia Romagna Grand Prix,imola,giovinazzi,GIO,alfa,17,14,0.0,+1 Lap,0,0,17,0,13.0,0.0,0.0,7.0,0.0,0.0,13.666666666666666,15.4,0.0,0.2,0.6666666666666661,0.0,10.0,0.0,4,16,222.378,0
2021,2,Emilia Romagna Grand Prix,imola,vettel,VET,aston_martin,0,15,0.0,Gearbox,0,1,13,0,20.0,0.0,0.0,6.0,1.0,0.0,13.666666666666666,11.4,0.0,0.0,1.166666666666666,0.0,12.0,0.0,5,10,223.491,0
2021,2,Emilia Romagna Grand Prix,imola,mick_schumacher,MSC,haas,18,16,0.0,+2 Laps,0,0,18,0,14.0,0.0,0.0,9.0,0.0,0.0,16.0,16.0,0.0,0.0,-1.5,0.0,10.0,0.0,4,11,223.156,0
2021,2,Emilia Romagna Grand Prix,imola,mazepin,MAZ,haas,19,17,0.0,+2 Laps,0,0,19,0,15.0,0.0,0.0,9.0,0.0,0.0,20.0,20.0,0.0,1.0,2.5,0.0,10.0,0.0,4,17,219.8,0
2021,2,Emilia Romagna Grand Prix,imola,bottas,BOT,mercedes,8,18,0.0,Collision,0,1,8,0,3.0,16.0,0.0,1.0,41.0,1.0,4.333333333333333,7.0,38.0,0.0,0.0,0.0,2.0,1.0,1,19,199.721,0
2021,2,Emilia Romagna Grand Prix,imola,russell,RUS,williams,12,19,0.0,Collision,0,1,12,0,19.0,0.0,0.0,10.0,0.0,0.0,12.666666666666666,13.2,3.0,0.0,-3.666666666666666,0.0,16.0,0.0,1,18,204.203,0
2021,2,Emilia Romagna Grand Prix,imola,latifi,LAT,williams,14,20,0.0,Collision,0,1,14,0,16.0,0.0,0.0,10.0,0.0,0.0,17.666666666666668,17.2,0.0,0.6,1.3333333333333357,0.0,11.0,0.0,2,10,207.043,0
2021,3,Portuguese Grand Prix,portimao,hamilton,HAM,mercedes,2,1,25.0,Finished,1,0,2,1,1.0,44.0,1.0,1.0,60.0,1.0,2.0,1.6,59.0,0.0,-2.833333333333333,0.0,1.0,1.0,3,4,206.971,0
2021,3,Portuguese Grand Prix,portimao,max_verstappen,VER,red_bull,3,2,18.0,Finished,1,0,3,0,2.0,43.0,1.0,2.0,53.0,1.0,1.3333333333333333,5.0,68.0,0.2,-2.666666666666667,0.0,3.0,1.0,4,3,207.581,0
2021,3,Portuguese Grand Prix,portimao,bottas,BOT,mercedes,1,3,16.0,Finished,1,0,1,1,5.0,16.0,0.0,1.0,60.0,1.0,7.666666666666667,7.8,34.0,0.2,2.833333333333334,0.0,2.0,1.0,4,1,209.738,0
2021,3,Portuguese Grand Prix,portimao,perez,PER,red_bull,4,4,12.0,Finished,0,0,4,0,8.0,10.0,0.0,2.0,53.0,1.0,12.0,11.0,10.0,0.4,8.0,0.0,7.0,0.0,3,2,207.715,0
2021,3,Portuguese Grand Prix,portimao,norris,NOR,mclaren,7,5,10.0,Finished,0,0,7,0,3.0,27.0,0.0,3.0,41.0,0.0,4.0,5.2,37.0,0.0,-1.166666666666667,0.0,13.0,0.0,3,7,205.038,0
2021,3,Portuguese Grand Prix,portimao,leclerc,LEC,ferrari,8,6,8.0,Finished,0,0,8,0,4.0,20.0,0.0,4.0,34.0,0.0,7.666666666666667,10.6,20.0,0.2,-0.666666666666667,0.0,4.0,0.0,3,6,205.541,0
2021,3,Portuguese Grand Prix,portimao,ocon,OCO,alpine,6,7,6.0,Finished,0,0,6,0,12.0,2.0,0.0,7.0,3.0,0.0,10.333333333333334,8.4,4.0,0.0,-2.416666666666666,0.0,8.0,0.0,3,8,204.562,0
2021,3,Portuguese Grand Prix,portimao,alonso,ALO,alpine,13,8,4.0,Finished,0,0,13,0,13.0,1.0,0.0,7.0,3.0,0.0,14.5,14.5,1.0,0.5,1.75,0.0,10.0,0.0,3,5,206.718,0
2021,3,Portuguese Grand Prix,portimao,ricciardo,RIC,mclaren,16,9,2.0,Finished,0,0,16,0,7.0,14.0,0.0,3.0,41.0,0.0,6.666666666666667,6.4,21.0,0.0,1.5,0.0,9.0,0.0,3,10,204.31,0
2021,3,Portuguese Grand Prix,portimao,gasly,GAS,alphatauri,9,10,1.0,Finished,0,0,9,0,9.0,6.0,0.0,5.0,8.0,0.0,10.666666666666666,9.8,10.0,0.2,0.0,0.0,5.0,0.0,3,11,204.243,0
2021,3,Portuguese Grand Prix,portimao,sainz,SAI,ferrari,5,11,0.0,Finished,0,0,5,0,6.0,14.0,0.0,4.0,34.0,0.0,6.333333333333333,5.6,22.0,0.0,-2.000000000000001,0.0,6.0,0.0,3,14,203.471,0
2021,3,Portuguese Grand Prix,portimao,giovinazzi,GIO,alfa,12,12,0.0,+1 Lap,0,0,12,0,14.0,0.0,0.0,8.0,0.0,0.0,14.0,14.2,0.0,0.0,1.0,0.0,15.0,0.0,3,13,203.862,0
2021,3,Portuguese Grand Prix,portimao,vettel,VET,aston_martin,10,13,0.0,+1 Lap,0,0,10,0,20.0,0.0,0.0,6.0,5.0,0.0,14.666666666666666,13.8,0.0,0.2,2.666666666666666,0.0,10.0,0.0,3,15,203.246,0
2021,3,Portuguese Grand Prix,portimao,stroll,STR,aston_martin,17,14,0.0,+1 Lap,0,0,17,0,10.0,5.0,0.0,6.0,5.0,0.0,9.333333333333334,10.0,6.0,0.2,-2.666666666666666,0.0,20.0,0.0,3,9,204.352,0
2021,3,Portuguese Grand Prix,portimao,tsunoda,TSU,alphatauri,14,15,0.0,+1 Lap,0,0,14,0,11.0,2.0,0.0,5.0,8.0,0.0,10.5,10.5,2.0,0.0,-0.16666666666666607,0.0,10.0,0.0,3,12,204.133,0
2021,3,Portuguese Grand Prix,portimao,russell,RUS,williams,11,16,0.0,+1 Lap,0,0,11,0,19.0,0.0,0.0,10.0,0.0,0.0,16.0,13.8,0.0,0.2,-1.1666666666666679,0.0,14.0,0.0,3,16,202.661,0
2021,3,Portuguese Grand Prix,portimao,mick_schumacher,MSC,haas,19,17,0.0,+2 Laps,0,0,19,0,16.0,0.0,0.0,9.0,0.0,0.0,16.0,16.0,0.0,0.0,-1.6666666666666679,0.0,10.0,0.0,3,17,202.414,0
2021,3,Portuguese Grand Prix,portimao,latifi,LAT,williams,18,18,0.0,+2 Laps,0,0,18,0,15.0,0.0,0.0,10.0,0.0,0.0,18.333333333333332,17.4,0.0,0.6,1.1666666666666643,0.0,18.0,0.0,3,18,201.44,0
2021,3,Portuguese Grand Prix,portimao,mazepin,MAZ,haas,20,19,0.0,+2 Laps,0,0,20,0,17.0,0.0,0.0,9.0,0.0,0.0,18.5,18.5,0.0,0.5,0.8333333333333321,0.0,10.0,0.0,4,19,200.27,0
2021,3,Portuguese Grand Prix,portimao,raikkonen,RAI,alfa,15,20,0.0,Collision damage,0,1,15,0,18.0,0.0,0.0,8.0,0.0,0.0,12.0,13.0,0.0,0.0,-1.0,0.0,11.0,0.0,2,10,207.043,0
2021,4,Spanish Grand Prix,catalunya,hamilton,HAM,mercedes,1,1,25.0,Finished,1,0,1,1,1.0,69.0,2.0,1.0,101.0,2.0,1.3333333333333333,1.6,69.0,0.0,-3.333333333333334,100.0,1.0,1.0,2,5,208.64,0
2021,4,Spanish Grand Prix,catalunya,max_verstappen,VER,red_bull,2,2,19.0,Finished,1,0,2,1,2.0,61.0,1.0,2.0,83.0,1.0,1.6666666666666667,5.0,61.0,0.2,-2.5,84.0,2.5,1.0,2,1,215.357,0
2021,4,Spanish Grand Prix,catalunya,bottas,BOT,mercedes,3,3,15.0,Finished,1,0,3,0,4.0,32.0,0.0,1.0,101.0,2.0,8.0,6.8,32.0,0.2,3.333333333333333,100.0,2.5,1.0,2,2,211.884,0
2021,4,Spanish Grand Prix,catalunya,leclerc,LEC,ferrari,4,4,12.0,Finished,0,0,4,0,5.0,28.0,0.0,4.0,42.0,0.0,5.333333333333333,9.8,28.0,0.2,-1.333333333333334,48.0,12.5,0.0,2,4,209.174,0
2021,4,Spanish Grand Prix,catalunya,perez,PER,red_bull,8,5,10.0,Finished,0,0,8,0,6.0,22.0,0.0,2.0,83.0,1.0,6.666666666666667,8.2,22.0,0.2,2.5,84.0,10.0,0.0,2,3,211.743,0
2021,4,Spanish Grand Prix,catalunya,ricciardo,RIC,mclaren,7,6,8.0,Finished,0,0,7,0,7.0,16.0,0.0,3.0,53.0,0.0,7.333333333333333,6.8,16.0,0.0,1.666666666666666,47.0,11.5,0.0,2,10,205.612,0
2021,4,Spanish Grand Prix,catalunya,sainz,SAI,ferrari,6,7,6.0,Finished,0,0,6,0,8.0,14.0,0.0,4.0,42.0,0.0,8.0,6.8,14.0,0.0,1.333333333333333,48.0,7.0,0.0,2,9,206.33,1
2021,4,Spanish Grand Prix,catalunya,norris,NOR,mclaren,9,8,4.0,+1 Lap,0,0,9,0,3.0,37.0,0.0,3.0,53.0,0.0,4.0,5.4,37.0,0.0,-1.666666666666667,47.0,15.0,0.0,2,7,207.064,0
2021,4,Spanish Grand Prix,catalunya,ocon,OCO,alpine,5,9,2.0,+1 Lap,0,0,5,0,9.0,8.0,0.0,5.0,13.0,0.0,9.666666666666666,8.0,8.0,0.0,-1.333333333333334,15.0,13.0,0.0,1,18,202.014,0
2021,4,Spanish Grand Prix,catalunya,gasly,GAS,alphatauri,12,10,1.0,+1 Lap,0,0,12,0,10.0,7.0,0.0,6.0,9.0,0.0,11.333333333333334,10.6,7.0,0.2,-0.33333333333333215,8.0,7.5,0.0,2,8,206.82,0
2021,4,Spanish Grand Prix,catalunya,stroll,STR,aston_martin,11,11,0.0,+1 Lap,0,0,11,0,11.0,5.0,0.0,7.0,5.0,0.0,10.666666666666666,9.0,5.0,0.0,-1.833333333333334,4.0,11.5,0.0,2,11,203.735,0
2021,4,Spanish Grand Prix,catalunya,raikkonen,RAI,alfa,17,12,0.0,+1 Lap,0,0,17,0,18.0,0.0,0.0,8.0,0.0,0.0,14.666666666666666,14.0,0.0,0.2,1.0,0.0,14.0,0.0,1,15,203.094,0
2021,4,Spanish Grand Prix,catalunya,vettel,VET,aston_martin,13,13,0.0,+1 Lap,0,0,13,0,20.0,0.0,0.0,7.0,5.0,0.0,14.333333333333334,13.8,0.0,0.2,1.833333333333334,4.0,5.5,0.0,2,14,203.211,0
2021,4,Spanish Grand Prix,catalunya,russell,RUS,williams,15,14,0.0,+1 Lap,0,0,15,0,19.0,0.0,0.0,10.0,0.0,0.0,16.333333333333332,14.6,0.0,0.2,-1.1666666666666679,0.0,17.0,0.0,2,17,202.264,0
2021,4,Spanish Grand Prix,catalunya,giovinazzi,GIO,alfa,14,15,0.0,+1 Lap,0,0,14,0,14.0,0.0,0.0,8.0,0.0,0.0,12.666666666666666,13.4,0.0,0.0,-1.0,0.0,16.0,0.0,2,13,203.255,0
2021,4,Spanish Grand Prix,catalunya,latifi,LAT,williams,19,16,0.0,+1 Lap,0,0,19,0,15.0,0.0,0.0,10.0,0.0,0.0,18.666666666666668,18.2,0.0,0.6,1.1666666666666679,0.0,18.0,0.0,3,16,203.003,0
2021,4,Spanish Grand Prix,catalunya,alonso,ALO,alpine,10,17,0.0,+1 Lap,0,0,10,0,12.0,5.0,0.0,5.0,13.0,0.0,12.333333333333334,12.333333333333334,5.0,0.3333333333333333,1.333333333333334,15.0,10.0,0.0,2,6,207.311,1
2021,4,Spanish Grand Prix,catalunya,mick_schumacher,MSC,haas,18,18,0.0,+2 Laps,0,0,18,0,16.0,0.0,0.0,9.0,0.0,0.0,16.333333333333332,16.333333333333332,0.0,0.0,-1.1666666666666679,0.0,10.0,0.0,2,12,203.661,0
2021,4,Spanish Grand Prix,catalunya,mazepin,MAZ,haas,20,19,0.0,+2 Laps,0,0,20,0,17.0,0.0,0.0,9.0,0.0,0.0,18.666666666666668,18.666666666666668,0.0,0.3333333333333333,1.1666666666666679,0.0,10.0,0.0,2,19,200.261,0
2021,4,Spanish Grand Prix,catalunya,tsunoda,TSU,alphatauri,16,20,0.0,Electrical,0,1,16,0,13.0,2.0,0.0,6.0,9.0,0.0,12.0,12.0,2.0,0.0,0.3333333333333339,8.0,10.0,0.0,2,20,198.408,0
2021,5,Monaco Grand Prix,monaco,max_verstappen,VER,red_bull,2,1,25.0,Finished,1,0,2,1,2.0,80.0,1.0,2.0,112.0,1.0,1.6666666666666667,1.6,62.0,0.0,-2.5,96.0,4.0,0.0,1,6,160.929,0
2021,5,Monaco Grand Prix,monaco,sainz,SAI,ferrari,4,2,18.0,Finished,1,0,4,0,8.0,20.0,0.0,4.0,60.0,0.0,7.666666666666667,7.4,16.0,0.0,1.5,44.0,6.0,0.0,1,5,160.989,0
2021,5,Monaco Grand Prix,monaco,norris,NOR,mclaren,5,3,15.0,Finished,1,0,5,0,4.0,41.0,0.0,3.0,65.0,0.0,5.333333333333333,5.0,29.0,0.0,-0.8333333333333339,39.0,11.0,0.0,1,7,160.883,0
2021,5,Monaco Grand Prix,monaco,perez,PER,red_bull,9,4,12.0,Finished,0,0,9,0,6.0,32.0,0.0,2.0,112.0,1.0,6.666666666666667,9.0,22.0,0.2,2.5,96.0,12.0,0.0,1,3,161.138,0
2021,5,Monaco Grand Prix,monaco,vettel,VET,aston_martin,8,5,10.0,Finished,0,0,8,0,20.0,0.0,0.0,7.0,5.0,0.0,13.666666666666666,14.0,0.0,0.2,1.3333333333333321,14.0,2.0,1.0,1,11,159.503,0
2021,5,Monaco Grand Prix,monaco,gasly,GAS,alphatauri,6,6,8.0,Finished,0,0,6,0,10.0,8.0,0.0,6.0,10.0,0.0,9.0,10.4,8.0,0.2,-3.333333333333334,10.0,5.0,0.0,1,14,159.3,0
2021,5,Monaco Grand Prix,monaco,hamilton,HAM,mercedes,7,7,7.0,Finished,0,0,7,0,1.0,94.0,3.0,1.0,141.0,3.0,1.3333333333333333,1.6,69.0,0.0,-3.333333333333334,88.0,1.0,1.0,2,1,164.769,0
2021,5,Monaco Grand Prix,monaco,stroll,STR,aston_martin,13,8,4.0,+1 Lap,0,0,13,0,11.0,5.0,0.0,7.0,5.0,0.0,11.0,10.6,4.0,0.0,-1.333333333333334,14.0,16.0,0.0,1,8,160.875,0
2021,5,Monaco Grand Prix,monaco,ocon,OCO,alpine,11,9,2.0,+1 Lap,0,0,11,0,9.0,10.0,0.0,5.0,15.0,0.0,8.333333333333334,9.4,10.0,0.0,-1.666666666666666,14.0,10.0,0.0,1,12,159.503,0
2021,5,Monaco Grand Prix,monaco,giovinazzi,GIO,alfa,10,10,1.0,+1 Lap,0,0,10,0,14.0,0.0,0.0,8.0,0.0,0.0,13.666666666666666,13.8,0.0,0.0,-0.6666666666666679,1.0,19.0,0.0,1,13,159.472,0
2021,5,Monaco Grand Prix,monaco,raikkonen,RAI,alfa,14,11,0.0,+1 Lap,0,0,14,0,18.0,0.0,0.0,8.0,0.0,0.0,15.0,13.6,0.0,0.2,0.6666666666666661,1.0,17.0,0.0,1,9,160.237,0
2021,5,Monaco Grand Prix,monaco,ricciardo,RIC,mclaren,12,12,0.0,+1 Lap,0,0,12,0,7.0,24.0,0.0,3.0,65.0,0.0,7.0,7.0,18.0,0.0,0.833333333333333,39.0,9.0,0.0,1,4,161.082,0
2021,5,Monaco Grand Prix,monaco,alonso,ALO,alpine,17,13,0.0,+1 Lap,0,0,17,0,12.0,5.0,0.0,5.0,15.0,0.0,11.666666666666666,13.5,5.0,0.25,1.666666666666666,14.0,10.0,0.0,1,10,160.12,0
2021,5,Monaco Grand Prix,monaco,russell,RUS,williams,15,14,0.0,+1 Lap,0,0,15,0,19.0,0.0,0.0,10.0,0.0,0.0,16.333333333333332,15.6,0.0,0.2,-0.8333333333333357,0.0,15.0,0.0,1,15,159.033,0
2021,5,Monaco Grand Prix,monaco,latifi,LAT,williams,18,15,0.0,+1 Lap,0,0,18,0,15.0,0.0,0.0,10.0,0.0,0.0,18.0,17.8,0.0,0.4,0.8333333333333321,0.0,10.0,0.0,1,16,158.961,0
2021,5,Monaco Grand Prix,monaco,tsunoda,TSU,alphatauri,16,16,0.0,+1 Lap,0,0,16,0,13.0,2.0,0.0,6.0,10.0,0.0,15.666666666666666,14.0,0.0,0.25,3.333333333333332,10.0,10.0,0.0,1,2,162.259,0
2021,5,Monaco Grand Prix,monaco,mazepin,MAZ,haas,19,17,0.0,+3 Laps,0,0,19,0,17.0,0.0,0.0,9.0,0.0,0.0,18.333333333333332,18.75,0.0,0.25,0.6666666666666643,0.0,10.0,0.0,1,19,156.287,0
2021,5,Monaco Grand Prix,monaco,mick_schumacher,MSC,haas,20,18,0.0,+3 Laps,0,0,20,0,16.0,0.0,0.0,9.0,0.0,0.0,17.0,16.75,0.0,0.0,-0.6666666666666679,0.0,10.0,0.0,1,18,157.189,0
2021,5,Monaco Grand Prix,monaco,bottas,BOT,mercedes,3,19,0.0,Wheel nut,0,1,3,0,3.0,47.0,0.0,1.0,141.0,3.0,8.0,5.8,31.0,0.2,3.333333333333333,88.0,3.0,1.0,2,17,158.682,0
2021,5,Monaco Grand Prix,monaco,leclerc,LEC,ferrari,1,20,0.0,Driveshaft,0,1,1,1,5.0,40.0,0.0,4.0,60.0,0.0,4.666666666666667,6.6,32.0,0.0,-1.5,44.0,20.0,0.0,2,10,207.043,1
2021,6,Azerbaijan Grand Prix,baku,perez,PER,red_bull,6,1,25.0,Finished,1,0,7,0,5.0,44.0,0.0,1.0,149.0,2.0,4.333333333333333,5.8,34.0,0.0,1.333333333333333,91.0,6.0,0.0,3,2,206.432,0
2021,6,Azerbaijan Grand Prix,baku,vettel,VET,aston_martin,11,2,18.0,Finished,1,0,11,0,11.0,10.0,0.0,5.0,19.0,0.0,10.333333333333334,12.2,10.0,0.2,-0.33333333333333215,32.0,3.0,1.0,3,4,206.032,0
2021,6,Azerbaijan Grand Prix,baku,gasly,GAS,alphatauri,4,3,15.0,Finished,1,0,4,0,9.0,16.0,0.0,6.0,18.0,0.0,8.666666666666666,10.0,10.0,0.2,-4.166666666666668,30.0,17.0,0.0,3,6,205.386,0
2021,6,Azerbaijan Grand Prix,baku,leclerc,LEC,ferrari,1,4,12.0,Finished,0,0,1,1,6.0,40.0,0.0,4.0,78.0,0.0,10.0,8.0,20.0,0.2,1.666666666666666,52.0,5.0,0.0,3,8,205.071,0
2021,6,Azerbaijan Grand Prix,baku,norris,NOR,mclaren,9,5,10.0,Finished,0,0,6,0,3.0,56.0,0.0,3.0,80.0,0.0,5.333333333333333,4.6,29.0,0.0,-1.833333333333334,39.0,8.0,0.0,3,7,205.18,0
2021,6,Azerbaijan Grand Prix,baku,alonso,ALO,alpine,8,6,8.0,Finished,0,0,9,0,13.0,5.0,0.0,7.0,17.0,0.0,12.666666666666666,13.4,4.0,0.2,2.166666666666666,12.0,10.0,0.0,4,11,204.601,0
2021,6,Azerbaijan Grand Prix,baku,tsunoda,TSU,alphatauri,7,7,6.0,Finished,0,0,8,0,14.0,2.0,0.0,6.0,18.0,0.0,17.0,14.4,0.0,0.2,4.166666666666666,30.0,10.0,0.0,3,5,205.936,0
2021,6,Azerbaijan Grand Prix,baku,sainz,SAI,ferrari,5,8,4.0,Finished,0,0,5,0,7.0,38.0,0.0,4.0,78.0,0.0,6.666666666666667,6.6,24.0,0.0,-1.666666666666667,52.0,7.0,0.0,3,13,204.454,0
2021,6,Azerbaijan Grand Prix,baku,ricciardo,RIC,mclaren,13,9,2.0,Finished,0,0,13,0,8.0,24.0,0.0,3.0,80.0,0.0,9.0,8.0,10.0,0.0,1.833333333333333,39.0,20.0,0.0,3,14,204.428,0
2021,6,Azerbaijan Grand Prix,baku,raikkonen,RAI,alfa,14,10,1.0,Finished,0,0,14,0,20.0,0.0,0.0,8.0,1.0,0.0,14.333333333333334,13.4,0.0,0.2,1.0,2.0,10.0,0.0,3,10,204.645,0
2021,6,Azerbaijan Grand Prix,baku,giovinazzi,GIO,alfa,20,11,0.0,Finished,0,0,20,0,15.0,1.0,0.0,8.0,1.0,0.0,12.333333333333334,12.6,1.0,0.0,-1.0,2.0,12.0,0.0,4,9,204.696,0
2021,6,Azerbaijan Grand Prix,baku,bottas,BOT,mercedes,10,12,0.0,Finished,0,0,10,0,4.0,47.0,0.0,2.0,148.0,3.0,8.333333333333334,9.2,31.0,0.4,2.666666666666667,47.0,1.0,1.0,3,12,204.521,0
2021,6,Azerbaijan Grand Prix,baku,mick_schumacher,MSC,haas,17,13,0.0,Finished,0,0,17,0,18.0,0.0,0.0,9.0,0.0,0.0,17.666666666666668,17.0,0.0,0.0,-0.33333333333333215,0.0,10.0,0.0,5,18,200.799,0
2021,6,Azerbaijan Grand Prix,baku,mazepin,MAZ,haas,18,14,0.0,Finished,0,0,18,0,17.0,0.0,0.0,9.0,0.0,0.0,18.333333333333332,18.4,0.0,0.2,0.33333333333333215,0.0,10.0,0.0,6,19,200.569,0
2021,6,Azerbaijan Grand Prix,baku,hamilton,HAM,mercedes,2,15,0.0,Finished,0,0,2,1,2.0,101.0,3.0,2.0,148.0,3.0,3.0,2.4,57.0,0.0,-2.666666666666667,47.0,2.0,1.0,3,3,206.27,0
2021,6,Azerbaijan Grand Prix,baku,latifi,LAT,williams,16,16,0.0,Finished,0,0,16,0,16.0,0.0,0.0,10.0,0.0,0.0,16.333333333333332,17.4,0.0,0.4,0.8333333333333321,0.0,10.0,0.0,2,17,202.712,0
2021,6,Azerbaijan Grand Prix,baku,russell,RUS,williams,15,17,0.0,Gearbox,0,1,15,0,19.0,0.0,0.0,10.0,0.0,0.0,14.666666666666666,15.4,0.0,0.2,-0.8333333333333339,0.0,15.0,0.0,4,15,203.954,0
2021,6,Azerbaijan Grand Prix,baku,max_verstappen,VER,red_bull,3,18,0.0,Accident,0,1,3,0,1.0,105.0,2.0,1.0,149.0,2.0,1.6666666666666667,1.6,62.0,0.0,-1.3333333333333333,91.0,4.0,0.0,1,1,206.839,0
2021,6,Azerbaijan Grand Prix,baku,stroll,STR,aston_martin,19,19,0.0,Accident,0,1,19,0,12.0,9.0,0.0,5.0,19.0,0.0,11.0,10.2,4.0,0.0,0.3333333333333339,32.0,9.0,0.0,2,16,203.478,0
2021,6,Azerbaijan Grand Prix,baku,ocon,OCO,alpine,12,20,0.0,Turbo,0,1,12,0,10.0,12.0,0.0,7.0,17.0,0.0,8.333333333333334,9.4,10.0,0.0,-2.166666666666666,12.0,10.0,0.0,2,20,194.955,0
2021,7,French Grand Prix,ricard,max_verstappen,VER,red_bull,1,1,26.0,Finished,1,0,1,1,1.0,105.0,2.0,1.0,174.0,3.0,7.0,4.8,44.0,0.2,1.833333333333333,103.0,4.0,0.0,2,1,218.156,0
2021,7,French Grand Prix,ricard,hamilton,HAM,mercedes,2,2,18.0,Finished,1,0,2,1,2.0,101.0,3.0,2.0,148.0,3.0,7.666666666666667,5.2,32.0,0.0,-1.833333333333333,37.0,1.0,1.0,1,5,215.903,0
2021,7,French Grand Prix,ricard,perez,PER,red_bull,4,3,15.0,Finished,1,0,4,0,3.0,69.0,1.0,1.0,174.0,3.0,3.3333333333333335,5.0,47.0,0.0,-1.8333333333333335,103.0,12.0,0.0,1,2,217.504,0
2021,7,French Grand Prix,ricard,bottas,BOT,mercedes,3,4,12.0,Finished,0,0,3,0,6.0,47.0,0.0,2.0,148.0,3.0,11.333333333333334,11.0,15.0,0.4,1.833333333333334,37.0,2.0,1.0,1,3,216.905,0
2021,7,French Grand Prix,ricard,norris,NOR,mclaren,8,5,10.0,Finished,0,0,8,0,4.0,66.0,0.0,4.0,92.0,0.0,5.333333333333333,4.8,29.0,0.0,-1.833333333333334,45.0,9.0,0.0,1,6,215.87,0
2021,7,French Grand Prix,ricard,ricciardo,RIC,mclaren,10,6,8.0,Finished,0,0,10,0,10.0,26.0,0.0,4.0,92.0,0.0,9.0,8.4,10.0,0.0,1.833333333333333,45.0,11.0,0.0,1,14,213.896,0
2021,7,French Grand Prix,ricard,gasly,GAS,alphatauri,6,7,6.0,Finished,0,0,6,0,8.0,31.0,0.0,5.0,39.0,0.0,6.333333333333333,7.2,24.0,0.0,-4.000000000000001,35.0,10.0,0.0,1,11,214.378,0
2021,7,French Grand Prix,ricard,alonso,ALO,alpine,9,8,4.0,Finished,0,0,9,0,11.0,13.0,0.0,7.0,25.0,0.0,12.0,10.8,8.0,0.0,-0.3333333333333339,14.0,10.0,0.0,1,7,215.382,0
2021,7,French Grand Prix,ricard,vettel,VET,aston_martin,12,9,2.0,Finished,0,0,12,0,9.0,28.0,0.0,6.0,37.0,0.0,6.666666666666667,9.6,28.0,0.2,-2.999999999999999,35.0,5.0,0.0,1,4,216.508,0
2021,7,French Grand Prix,ricard,stroll,STR,aston_martin,19,10,1.0,Finished,0,0,19,0,13.0,9.0,0.0,6.0,37.0,0.0,12.666666666666666,12.0,4.0,0.2,3.0,35.0,13.0,0.0,1,9,214.981,0
2021,7,French Grand Prix,ricard,sainz,SAI,ferrari,5,11,0.0,Finished,0,0,5,0,7.0,42.0,0.0,3.0,94.0,0.0,5.666666666666667,6.6,28.0,0.0,-1.833333333333333,34.0,6.0,0.0,1,18,212.584,0
2021,7,French Grand Prix,ricard,russell,RUS,williams,14,12,0.0,+1 Lap,0,0,14,0,20.0,0.0,0.0,10.0,0.0,0.0,15.0,16.0,0.0,0.4,-0.3333333333333339,0.0,19.0,0.0,1,13,213.918,0
2021,7,French Grand Prix,ricard,tsunoda,TSU,alphatauri,0,13,0.0,+1 Lap,0,0,20,0,14.0,8.0,0.0,5.0,39.0,0.0,14.333333333333334,14.0,6.0,0.2,4.0,35.0,10.0,0.0,1,19,212.479,0
2021,7,French Grand Prix,ricard,ocon,OCO,alpine,11,14,0.0,+1 Lap,0,0,11,0,12.0,12.0,0.0,7.0,25.0,0.0,12.666666666666666,10.8,4.0,0.2,0.33333333333333215,14.0,10.0,0.0,1,15,213.2,0
2021,7,French Grand Prix,ricard,giovinazzi,GIO,alfa,13,15,0.0,+1 Lap,0,0,13,0,15.0,1.0,0.0,8.0,2.0,0.0,12.0,12.4,1.0,0.0,0.5,2.0,16.0,0.0,1,16,213.077,0
2021,7,French Grand Prix,ricard,leclerc,LEC,ferrari,7,16,0.0,+1 Lap,0,0,7,0,5.0,52.0,0.0,3.0,94.0,0.0,9.333333333333334,7.6,24.0,0.2,1.833333333333334,34.0,3.0,1.0,2,8,215.304,0
2021,7,French Grand Prix,ricard,raikkonen,RAI,alfa,17,17,0.0,+1 Lap,0,0,17,0,16.0,1.0,0.0,8.0,2.0,0.0,11.0,13.2,1.0,0.2,-0.5,2.0,7.0,0.0,1,10,214.621,0
2021,7,French Grand Prix,ricard,latifi,LAT,williams,16,18,0.0,+1 Lap,0,0,16,0,19.0,0.0,0.0,10.0,0.0,0.0,15.666666666666666,17.0,0.0,0.2,0.33333333333333215,0.0,10.0,0.0,1,12,213.92,0
2021,7,French Grand Prix,ricard,mick_schumacher,MSC,haas,15,19,0.0,+1 Lap,0,0,15,0,18.0,0.0,0.0,9.0,0.0,0.0,16.333333333333332,16.4,0.0,0.0,-0.16666666666666785,0.0,10.0,0.0,1,17,212.765,0
2021,7,French Grand Prix,ricard,mazepin,MAZ,haas,18,20,0.0,+1 Lap,0,0,18,0,17.0,0.0,0.0,9.0,0.0,0.0,16.666666666666668,17.2,0.0,0.0,0.16666666666666785,0.0,10.0,0.0,1,20,211.758,0
2021,8,Styrian Grand Prix,red_bull_ring,max_verstappen,VER,red_bull,1,1,25.0,Finished,1,0,1,1,1.0,131.0,3.0,1.0,215.0,4.0,6.666666666666667,4.8,51.0,0.2,2.0,103.0,8.0,0.6666666666666666,1,3,228.542,0
2021,8,Styrian Grand Prix,red_bull_ring,hamilton,HAM,mercedes,2,2,19.0,Finished,1,0,3,0,2.0,119.0,3.0,2.0,178.0,3.0,8.0,5.2,25.0,0.0,-1.833333333333334,64.0,3.3333333333333335,0.3333333333333333,2,1,231.811,0
2021,8,Styrian Grand Prix,red_bull_ring,bottas,BOT,mercedes,5,3,15.0,Finished,1,0,2,1,5.0,59.0,0.0,2.0,178.0,3.0,11.666666666666666,8.2,12.0,0.2,1.8333333333333321,64.0,2.0,1.0,1,5,226.537,0
2021,8,Styrian Grand Prix,red_bull_ring,perez,PER,red_bull,4,4,12.0,Finished,0,0,5,0,3.0,84.0,1.0,1.0,215.0,4.0,2.6666666666666665,3.4,52.0,0.0,-2.0000000000000004,103.0,7.666666666666667,0.0,2,2,228.956,0
2021,8,Styrian Grand Prix,red_bull_ring,norris,NOR,mclaren,3,5,10.0,+1 Lap,0,0,4,0,4.0,76.0,0.0,3.0,110.0,0.0,4.333333333333333,5.2,35.0,0.0,-2.333333333333334,40.0,4.666666666666667,0.3333333333333333,1,7,225.604,0
2021,8,Styrian Grand Prix,red_bull_ring,sainz,SAI,ferrari,12,6,8.0,+1 Lap,0,0,12,0,7.0,42.0,0.0,4.0,94.0,0.0,7.0,7.8,22.0,0.0,-3.166666666666666,30.0,7.333333333333333,0.0,1,4,226.57,0
2021,8,Styrian Grand Prix,red_bull_ring,leclerc,LEC,ferrari,7,7,6.0,+1 Lap,0,0,7,0,6.0,52.0,0.0,4.0,94.0,0.0,13.333333333333334,10.0,12.0,0.2,3.166666666666668,30.0,7.666666666666667,0.6666666666666666,2,6,226.145,0
2021,8,Styrian Grand Prix,red_bull_ring,stroll,STR,aston_martin,9,8,4.0,+1 Lap,0,0,10,0,13.0,10.0,0.0,6.0,40.0,0.0,12.333333333333334,12.4,5.0,0.2,3.5,25.0,13.0,0.0,1,14,222.746,0
2021,8,Styrian Grand Prix,red_bull_ring,alonso,ALO,alpine,8,9,2.0,+1 Lap,0,0,9,0,11.0,17.0,0.0,7.0,29.0,0.0,9.0,10.4,12.0,0.0,-2.666666666666666,14.0,10.0,0.0,1,13,222.867,0
2021,8,Styrian Grand Prix,red_bull_ring,tsunoda,TSU,alphatauri,11,10,1.0,+1 Lap,0,0,8,0,14.0,8.0,0.0,5.0,45.0,0.0,12.0,14.2,6.0,0.2,3.333333333333334,28.0,10.0,0.0,1,11,223.184,0
2021,8,Styrian Grand Prix,red_bull_ring,raikkonen,RAI,alfa,18,11,0.0,+1 Lap,0,0,18,0,16.0,1.0,0.0,8.0,2.0,0.0,12.666666666666666,14.0,1.0,0.2,0.33333333333333215,1.0,11.333333333333334,0.0,1,8,224.869,0
2021,8,Styrian Grand Prix,red_bull_ring,vettel,VET,aston_martin,14,12,0.0,+1 Lap,0,0,14,0,10.0,30.0,0.0,6.0,40.0,0.0,5.333333333333333,8.4,30.0,0.0,-3.500000000000001,25.0,11.333333333333334,0.0,1,15,222.637,0
2021,8,Styrian Grand Prix,red_bull_ring,ricciardo,RIC,mclaren,13,13,0.0,+1 Lap,0,0,13,0,9.0,34.0,0.0,3.0,110.0,0.0,9.0,8.4,10.0,0.0,2.333333333333333,40.0,13.0,0.0,1,9,224.295,0
2021,8,Styrian Grand Prix,red_bull_ring,ocon,OCO,alpine,17,14,0.0,+1 Lap,0,0,17,0,12.0,12.0,0.0,7.0,29.0,0.0,14.333333333333334,11.8,2.0,0.2,2.666666666666668,14.0,13.0,0.0,1,10,223.421,0
2021,8,Styrian Grand Prix,red_bull_ring,giovinazzi,GIO,alfa,15,15,0.0,+1 Lap,0,0,15,0,15.0,1.0,0.0,8.0,2.0,0.0,12.0,12.6,1.0,0.0,-0.3333333333333339,1.0,11.0,0.0,1,12,222.95,0
2021,8,Styrian Grand Prix,red_bull_ring,mick_schumacher,MSC,haas,19,16,0.0,+2 Laps,0,0,19,0,18.0,0.0,0.0,9.0,0.0,0.0,16.666666666666668,17.0,0.0,0.0,-0.1666666666666643,0.0,10.0,0.0,1,16,222.052,0
2021,8,Styrian Grand Prix,red_bull_ring,latifi,LAT,williams,16,17,0.0,+3 Laps,0,0,16,0,19.0,0.0,0.0,10.0,0.0,0.0,16.333333333333332,16.6,0.0,0.0,0.9999999999999982,0.0,14.0,0.0,2,17,221.739,0
2021,8,Styrian Grand Prix,red_bull_ring,mazepin,MAZ,haas,20,18,0.0,+3 Laps,0,0,20,0,17.0,0.0,0.0,9.0,0.0,0.0,17.0,17.8,0.0,0.0,0.16666666666666785,0.0,10.0,0.0,1,19,219.092,0
2021,8,Styrian Grand Prix,red_bull_ring,russell,RUS,williams,10,19,0.0,Engine,0,1,11,0,20.0,0.0,0.0,10.0,0.0,0.0,14.333333333333334,14.6,0.0,0.2,-1.0,0.0,16.333333333333332,0.0,2,18,220.496,0
2021,8,Styrian Grand Prix,red_bull_ring,gasly,GAS,alphatauri,6,20,0.0,Collision,0,1,6,0,8.0,37.0,0.0,5.0,45.0,0.0,5.333333333333333,7.2,29.0,0.0,-3.333333333333333,28.0,9.666666666666666,0.0,2,10,207.043,0
2021,9,Austrian Grand Prix,red_bull_ring,max_verstappen,VER,red_bull,1,1,26.0,Finished,1,0,1,1,1.0,156.0,4.0,1.0,252.0,5.0,6.666666666666667,4.6,51.0,0.2,2.0,112.0,6.25,0.75,2,1,234.815,0
2021,9,Austrian Grand Prix,red_bull_ring,bottas,BOT,mercedes,5,2,18.0,Finished,1,0,5,0,5.0,74.0,0.0,2.0,212.0,3.0,6.333333333333333,8.2,27.0,0.2,0.0,94.0,2.25,1.0,1,6,227.349,0
2021,9,Austrian Grand Prix,red_bull_ring,norris,NOR,mclaren,2,3,15.0,Finished,1,0,2,1,4.0,86.0,0.0,3.0,120.0,0.0,5.0,5.2,30.0,0.0,-2.166666666666667,49.0,4.75,0.25,1,10,227.027,0
2021,9,Austrian Grand Prix,red_bull_ring,hamilton,HAM,mercedes,4,4,12.0,Finished,0,0,4,0,2.0,138.0,3.0,2.0,212.0,3.0,6.333333333333333,5.4,37.0,0.0,0.0,94.0,3.0,0.5,2,3,228.177,0
2021,9,Austrian Grand Prix,red_bull_ring,sainz,SAI,ferrari,10,5,10.0,Finished,0,0,11,0,7.0,50.0,0.0,4.0,108.0,0.0,8.333333333333334,6.8,12.0,0.0,-0.33333333333333215,28.0,7.0,0.0,1,2,229.402,0
2021,9,Austrian Grand Prix,red_bull_ring,perez,PER,red_bull,3,6,8.0,Finished,0,0,3,0,3.0,96.0,1.0,1.0,252.0,5.0,2.6666666666666665,3.4,52.0,0.0,-2.0000000000000004,112.0,6.75,0.0,1,5,227.956,0
2021,9,Austrian Grand Prix,red_bull_ring,ricciardo,RIC,mclaren,13,7,6.0,Finished,0,0,13,0,9.0,34.0,0.0,3.0,120.0,0.0,9.333333333333334,9.2,10.0,0.0,2.166666666666667,49.0,13.0,0.0,1,14,225.876,0
2021,9,Austrian Grand Prix,red_bull_ring,leclerc,LEC,ferrari,12,8,4.0,Finished,0,0,12,0,6.0,58.0,0.0,4.0,108.0,0.0,9.0,10.2,18.0,0.2,0.3333333333333339,28.0,7.5,0.5,1,13,226.277,0
2021,9,Austrian Grand Prix,red_bull_ring,gasly,GAS,alphatauri,6,9,2.0,Finished,0,0,6,0,8.0,37.0,0.0,5.0,46.0,0.0,10.0,9.2,21.0,0.2,0.0,9.0,12.25,0.0,2,4,228.11,0
2021,9,Austrian Grand Prix,red_bull_ring,alonso,ALO,alpine,14,10,1.0,+1 Lap,0,0,14,0,11.0,19.0,0.0,7.0,31.0,0.0,7.666666666666667,10.6,14.0,0.0,-4.166666666666667,7.0,9.0,0.0,1,7,227.246,0
2021,9,Austrian Grand Prix,red_bull_ring,russell,RUS,williams,8,11,0.0,+1 Lap,0,0,9,0,20.0,0.0,0.0,10.0,0.0,0.0,16.0,15.2,0.0,0.4,-0.5,0.0,17.0,0.0,1,16,225.613,0
2021,9,Austrian Grand Prix,red_bull_ring,tsunoda,TSU,alphatauri,7,12,0.0,+1 Lap,0,0,7,0,14.0,9.0,0.0,5.0,46.0,0.0,10.0,13.2,7.0,0.2,0.0,9.0,10.0,0.0,2,9,227.08,0
2021,9,Austrian Grand Prix,red_bull_ring,stroll,STR,aston_martin,9,13,0.0,+1 Lap,0,0,10,0,12.0,14.0,0.0,6.0,44.0,0.0,12.333333333333334,11.2,5.0,0.2,2.333333333333334,7.0,11.75,0.0,2,12,226.405,0
2021,9,Austrian Grand Prix,red_bull_ring,giovinazzi,GIO,alfa,15,14,0.0,+1 Lap,0,0,15,0,15.0,1.0,0.0,8.0,2.0,0.0,13.666666666666666,13.2,0.0,0.0,0.5,0.0,12.0,0.0,2,17,225.149,0
2021,9,Austrian Grand Prix,red_bull_ring,raikkonen,RAI,alfa,16,15,0.0,+1 Lap,0,0,16,0,16.0,1.0,0.0,8.0,2.0,0.0,12.666666666666666,12.2,1.0,0.0,-0.5,0.0,11.25,0.0,1,15,225.699,0
2021,9,Austrian Grand Prix,red_bull_ring,latifi,LAT,williams,18,16,0.0,+1 Lap,0,0,18,0,19.0,0.0,0.0,10.0,0.0,0.0,17.0,16.4,0.0,0.0,0.5,0.0,15.0,0.0,1,11,226.865,0
2021,9,Austrian Grand Prix,red_bull_ring,vettel,VET,aston_martin,11,17,0.0,Collision,0,1,8,0,10.0,30.0,0.0,6.0,44.0,0.0,7.666666666666667,8.2,20.0,0.0,-2.333333333333333,7.0,11.5,0.0,2,8,227.196,0
2021,9,Austrian Grand Prix,red_bull_ring,mick_schumacher,MSC,haas,19,18,0.0,+2 Laps,0,0,19,0,18.0,0.0,0.0,9.0,0.0,0.0,16.0,16.8,0.0,0.0,-0.6666666666666679,0.0,16.0,0.0,1,18,224.007,0
2021,9,Austrian Grand Prix,red_bull_ring,mazepin,MAZ,haas,20,19,0.0,+2 Laps,0,0,20,0,17.0,0.0,0.0,9.0,0.0,0.0,17.333333333333332,17.6,0.0,0.0,0.6666666666666643,0.0,18.0,0.0,2,19,222.842,0
2021,9,Austrian Grand Prix,red_bull_ring,ocon,OCO,alpine,17,20,0.0,Collision,0,1,17,0,13.0,12.0,0.0,7.0,31.0,0.0,16.0,13.2,0.0,0.2,4.166666666666666,7.0,13.333333333333334,0.0,2,10,207.043,0
2021,10,British Grand Prix,silverstone,hamilton,HAM,mercedes,2,1,25.0,Finished,1,0,1,1,2.0,150.0,3.0,2.0,242.0,3.0,2.6666666666666665,6.0,49.0,0.0,-0.16666666666666696,104.0,1.3333333333333333,1.0,2,2,236.43,1
2021,10,British Grand Prix,silverstone,leclerc,LEC,ferrari,4,2,18.0,Finished,1,0,4,0,6.0,62.0,0.0,4.0,122.0,0.0,10.333333333333334,11.0,10.0,0.2,1.5,54.0,3.3333333333333335,0.6666666666666666,2,5,234.159,0
2021,10,British Grand Prix,silverstone,bottas,BOT,mercedes,3,3,15.0,Finished,1,0,3,0,5.0,92.0,0.0,2.0,242.0,3.0,3.0,8.0,45.0,0.2,0.16666666666666652,104.0,5.333333333333333,0.6666666666666666,2,4,234.275,0
2021,10,British Grand Prix,silverstone,norris,NOR,mclaren,5,4,12.0,Finished,0,0,6,0,4.0,101.0,0.0,3.0,141.0,0.0,4.333333333333333,4.2,35.0,0.0,-2.166666666666667,53.0,8.333333333333334,0.0,2,9,231.979,1
2021,10,British Grand Prix,silverstone,ricciardo,RIC,mclaren,6,5,10.0,Finished,0,0,7,0,8.0,40.0,0.0,3.0,141.0,0.0,8.666666666666666,9.4,14.0,0.0,2.166666666666666,53.0,8.333333333333334,0.0,2,8,232.325,0
2021,10,British Grand Prix,silverstone,sainz,SAI,ferrari,10,6,8.0,Finished,0,0,9,0,7.0,60.0,0.0,4.0,122.0,0.0,7.333333333333333,6.4,18.0,0.0,-1.5000000000000009,54.0,10.666666666666666,0.0,2,7,232.48,0
2021,10,British Grand Prix,silverstone,alonso,ALO,alpine,7,7,6.0,Finished,0,0,11,0,11.0,20.0,0.0,7.0,32.0,0.0,9.0,9.2,7.0,0.0,-3.5,11.0,10.0,0.0,2,10,231.276,0
2021,10,British Grand Prix,silverstone,stroll,STR,aston_martin,14,8,4.0,Finished,0,0,15,0,12.0,14.0,0.0,6.0,44.0,0.0,10.333333333333334,11.6,5.0,0.2,-1.166666666666666,8.0,9.333333333333334,0.0,2,12,230.537,0
2021,10,British Grand Prix,silverstone,ocon,OCO,alpine,9,9,2.0,Finished,0,0,13,0,13.0,12.0,0.0,7.0,32.0,0.0,16.0,15.4,0.0,0.4,3.5,11.0,7.0,0.0,2,14,229.992,0
2021,10,British Grand Prix,silverstone,tsunoda,TSU,alphatauri,16,10,1.0,Finished,0,0,16,0,14.0,9.0,0.0,5.0,48.0,0.0,11.666666666666666,11.6,1.0,0.0,-0.16666666666666785,4.0,10.0,0.0,2,6,233.497,0
2021,10,British Grand Prix,silverstone,gasly,GAS,alphatauri,11,11,0.0,Finished,0,0,12,0,9.0,39.0,0.0,5.0,48.0,0.0,12.0,9.0,8.0,0.2,0.16666666666666607,4.0,7.333333333333333,0.0,3,3,234.945,0
2021,10,British Grand Prix,silverstone,russell,RUS,williams,12,12,0.0,+1 Lap,0,0,8,0,20.0,0.0,0.0,10.0,0.0,0.0,14.0,14.6,0.0,0.4,-1.5,0.0,14.666666666666666,0.0,2,13,230.394,1
2021,10,British Grand Prix,silverstone,giovinazzi,GIO,alfa,15,13,0.0,+1 Lap,0,0,14,0,15.0,1.0,0.0,8.0,2.0,0.0,14.666666666666666,13.0,0.0,0.0,0.16666666666666607,0.0,16.333333333333332,0.0,2,15,229.653,0
2021,10,British Grand Prix,silverstone,latifi,LAT,williams,17,14,0.0,+1 Lap,0,0,18,0,19.0,0.0,0.0,10.0,0.0,0.0,17.0,16.4,0.0,0.0,1.5,0.0,17.0,0.0,2,16,229.328,0
2021,10,British Grand Prix,silverstone,raikkonen,RAI,alfa,13,15,0.0,+1 Lap,0,0,17,0,16.0,1.0,0.0,8.0,2.0,0.0,14.333333333333334,12.8,0.0,0.0,-0.16666666666666607,0.0,13.333333333333334,0.0,2,11,230.78,0
2021,10,British Grand Prix,silverstone,perez,PER,red_bull,0,16,0.0,+1 Lap,0,0,5,0,3.0,104.0,1.0,1.0,286.0,6.0,4.333333333333333,3.6,35.0,0.0,1.6666666666666665,71.0,17.0,0.0,4,1,239.317,0
2021,10,British Grand Prix,silverstone,mazepin,MAZ,haas,19,17,0.0,+1 Lap,0,0,20,0,17.0,0.0,0.0,9.0,0.0,0.0,19.0,17.6,0.0,0.0,0.6666666666666679,0.0,10.0,0.0,2,18,228.262,0
2021,10,British Grand Prix,silverstone,mick_schumacher,MSC,haas,18,18,0.0,+1 Lap,0,0,19,0,18.0,0.0,0.0,9.0,0.0,0.0,17.666666666666668,16.8,0.0,0.0,-0.6666666666666643,0.0,10.0,0.0,2,17,228.377,0
2021,10,British Grand Prix,silverstone,vettel,VET,aston_martin,8,19,0.0,Retired,0,1,10,0,10.0,30.0,0.0,6.0,44.0,0.0,12.666666666666666,9.0,2.0,0.2,1.166666666666666,8.0,12.666666666666666,0.0,2,19,227.894,0
2021,10,British Grand Prix,silverstone,max_verstappen,VER,red_bull,1,20,0.0,Collision,0,1,2,1,1.0,182.0,5.0,1.0,286.0,6.0,1.0,4.4,77.0,0.2,-1.6666666666666665,71.0,2.6666666666666665,0.6666666666666666,2,10,207.043,0
2021,11,Hungarian Grand Prix,hungaroring,ocon,OCO,alpine,8,1,25.0,Finished,1,0,8,0,13.0,14.0,0.0,7.0,40.0,0.0,14.333333333333334,15.4,2.0,0.4,2.833333333333334,46.0,14.0,0.0,3,5,193.704,0
2021,11,Hungarian Grand Prix,hungaroring,hamilton,HAM,mercedes,1,2,18.0,Finished,1,0,1,1,2.0,175.0,4.0,2.0,282.0,4.0,2.3333333333333335,4.8,56.0,0.0,-0.16666666666666652,88.0,1.0,1.0,4,2,200.363,0
2021,11,Hungarian Grand Prix,hungaroring,sainz,SAI,ferrari,15,3,15.0,Finished,1,0,15,0,7.0,68.0,0.0,4.0,148.0,0.0,5.666666666666667,7.2,26.0,0.0,0.0,55.0,7.0,0.0,3,6,193.699,0
2021,11,Hungarian Grand Prix,hungaroring,alonso,ALO,alpine,9,4,12.0,Finished,0,0,9,0,11.0,26.0,0.0,7.0,40.0,0.0,8.666666666666666,8.0,9.0,0.0,-2.833333333333334,46.0,10.0,0.0,3,3,196.264,0
2021,11,Hungarian Grand Prix,hungaroring,gasly,GAS,alphatauri,5,5,11.0,Finished,0,0,5,0,9.0,39.0,0.0,5.0,49.0,0.0,13.333333333333334,10.0,2.0,0.2,1.333333333333334,22.0,13.0,0.0,4,1,201.183,0
2021,11,Hungarian Grand Prix,hungaroring,tsunoda,TSU,alphatauri,16,6,8.0,Finished,0,0,16,0,14.0,10.0,0.0,5.0,49.0,0.0,10.666666666666666,10.4,2.0,0.0,-1.333333333333334,22.0,10.0,0.0,3,10,191.286,0
2021,11,Hungarian Grand Prix,hungaroring,latifi,LAT,williams,18,7,6.0,Finished,0,0,18,0,19.0,0.0,0.0,10.0,0.0,0.0,15.666666666666666,16.2,0.0,0.0,0.8333333333333321,10.0,19.0,0.0,3,14,190.406,0
2021,11,Hungarian Grand Prix,hungaroring,russell,RUS,williams,17,8,4.0,Finished,0,0,17,0,20.0,0.0,0.0,10.0,0.0,0.0,14.0,14.2,0.0,0.4,-0.8333333333333339,10.0,17.0,0.0,3,9,192.074,0
2021,11,Hungarian Grand Prix,hungaroring,max_verstappen,VER,red_bull,3,9,2.0,Finished,0,0,3,0,1.0,182.0,5.0,1.0,286.0,6.0,7.333333333333333,8.2,51.0,0.4,-0.666666666666667,36.0,2.0,1.0,5,4,194.843,0
2021,11,Hungarian Grand Prix,hungaroring,raikkonen,RAI,alfa,13,10,1.0,+1 Lap,0,0,13,0,16.0,1.0,0.0,8.0,2.0,0.0,13.666666666666666,13.6,0.0,0.0,-0.16666666666666785,1.0,11.0,0.0,4,8,193.473,0
2021,11,Hungarian Grand Prix,hungaroring,ricciardo,RIC,mclaren,11,11,0.0,+1 Lap,0,0,11,0,8.0,50.0,0.0,3.0,163.0,0.0,8.333333333333334,8.0,16.0,0.0,2.166666666666667,43.0,11.0,0.0,3,13,190.473,0
2021,11,Hungarian Grand Prix,hungaroring,mick_schumacher,MSC,haas,20,12,0.0,+1 Lap,0,0,20,0,18.0,0.0,0.0,9.0,0.0,0.0,17.333333333333332,16.8,0.0,0.0,-0.3333333333333357,0.0,10.0,0.0,3,11,190.683,0
2021,11,Hungarian Grand Prix,hungaroring,giovinazzi,GIO,alfa,0,13,0.0,+1 Lap,0,0,14,0,15.0,1.0,0.0,8.0,2.0,0.0,14.0,13.6,0.0,0.0,0.16666666666666607,1.0,17.5,0.0,5,12,190.625,0
2021,11,Hungarian Grand Prix,hungaroring,mazepin,MAZ,haas,19,14,0.0,Collision,0,1,19,0,17.0,0.0,0.0,9.0,0.0,0.0,18.0,17.6,0.0,0.0,0.33333333333333215,0.0,10.0,0.0,2,10,207.043,0
2021,11,Hungarian Grand Prix,hungaroring,norris,NOR,mclaren,6,15,0.0,Collision,0,1,6,0,3.0,113.0,0.0,3.0,163.0,0.0,4.0,4.4,37.0,0.0,-2.166666666666667,43.0,11.0,0.0,1,10,207.043,0
2021,11,Hungarian Grand Prix,hungaroring,bottas,BOT,mercedes,2,16,0.0,Collision,0,1,2,1,4.0,107.0,0.0,2.0,282.0,4.0,2.6666666666666665,4.8,48.0,0.0,0.16666666666666652,88.0,5.5,0.5,2,10,207.043,0
2021,11,Hungarian Grand Prix,hungaroring,perez,PER,red_bull,4,17,0.0,Collision,0,1,4,0,5.0,104.0,1.0,1.0,286.0,6.0,8.666666666666666,6.0,20.0,0.0,0.6666666666666661,36.0,9.0,0.0,2,10,207.043,0
2021,11,Hungarian Grand Prix,hungaroring,leclerc,LEC,ferrari,7,18,0.0,Collision,0,1,7,0,6.0,80.0,0.0,4.0,148.0,0.0,5.666666666666667,7.4,28.0,0.0,0.0,55.0,7.5,0.0,2,10,207.043,0
2021,11,Hungarian Grand Prix,hungaroring,stroll,STR,aston_martin,12,19,0.0,Collision,0,1,12,0,12.0,18.0,0.0,6.0,48.0,0.0,9.666666666666666,11.6,8.0,0.2,-3.166666666666668,4.0,10.5,0.0,2,10,207.043,0
2021,11,Hungarian Grand Prix,hungaroring,vettel,VET,aston_martin,10,20,0.0,Disqualified,0,1,10,0,10.0,30.0,0.0,6.0,48.0,0.0,16.0,11.8,0.0,0.4,3.166666666666666,4.0,4.5,0.5,3,7,193.613,0
2021,12,Belgian Grand Prix,spa,max_verstappen,VER,red_bull,1,1,12.5,Finished,1,0,1,1,2.0,184.0,5.0,2.0,288.0,6.0,10.0,6.4,28.0,0.2,-1.5,14.5,11.5,0.5,2,10,207.043,0
2021,12,Belgian Grand Prix,spa,russell,RUS,williams,2,2,9.0,Finished,1,0,2,1,16.0,4.0,0.0,8.0,10.0,0.0,10.333333333333334,12.4,4.0,0.2,-1.0,20.0,17.0,0.0,2,10,207.043,0
2021,12,Belgian Grand Prix,spa,hamilton,HAM,mercedes,3,3,7.5,Finished,1,0,3,0,1.0,193.0,4.0,1.0,300.0,4.0,2.3333333333333335,2.2,55.0,0.0,-2.3333333333333335,65.5,1.5,1.0,2,10,207.043,0
2021,12,Belgian Grand Prix,spa,ricciardo,RIC,mclaren,4,4,6.0,Finished,0,0,4,0,9.0,50.0,0.0,4.0,163.0,0.0,7.666666666666667,8.4,16.0,0.0,0.16666666666666696,28.0,9.0,0.0,2,10,207.043,0
2021,12,Belgian Grand Prix,spa,vettel,VET,aston_martin,5,5,5.0,Finished,0,0,5,0,12.0,30.0,0.0,7.0,48.0,0.0,18.666666666666668,15.4,0.0,0.6,2.666666666666668,9.0,8.5,0.0,2,10,207.043,0
2021,12,Belgian Grand Prix,spa,gasly,GAS,alphatauri,6,6,4.0,Finished,0,0,6,0,8.0,50.0,0.0,6.0,68.0,0.0,8.333333333333334,10.4,13.0,0.2,-0.5,24.0,8.5,0.0,2,10,207.043,0
2021,12,Belgian Grand Prix,spa,ocon,OCO,alpine,8,7,3.0,Finished,0,0,9,0,10.0,39.0,1.0,5.0,77.0,1.0,10.0,11.6,27.0,0.2,1.5,48.0,5.0,0.0,2,10,207.043,0
2021,12,Belgian Grand Prix,spa,leclerc,LEC,ferrari,9,8,2.0,Finished,0,0,11,0,7.0,80.0,0.0,3.0,163.0,0.0,9.333333333333334,10.2,22.0,0.2,2.333333333333334,43.5,7.5,0.5,2,10,207.043,0
2021,12,Belgian Grand Prix,spa,latifi,LAT,williams,10,9,1.0,Finished,0,0,12,0,15.0,6.0,0.0,8.0,10.0,0.0,12.333333333333334,14.4,6.0,0.0,1.0,20.0,16.0,0.0,2,10,207.043,0
2021,12,Belgian Grand Prix,spa,sainz,SAI,ferrari,11,10,0.5,Finished,0,0,13,0,6.0,83.0,0.0,3.0,163.0,0.0,4.666666666666667,6.2,33.0,0.0,-2.333333333333333,43.5,19.5,0.0,2,10,207.043,0
2021,12,Belgian Grand Prix,spa,alonso,ALO,alpine,12,11,0.0,Finished,0,0,14,0,11.0,38.0,0.0,5.0,77.0,1.0,7.0,7.6,19.0,0.0,-1.5,48.0,10.0,0.0,2,10,207.043,0
2021,12,Belgian Grand Prix,spa,bottas,BOT,mercedes,13,12,0.0,Finished,0,0,8,0,4.0,107.0,0.0,1.0,300.0,4.0,7.0,5.6,33.0,0.2,2.333333333333333,65.5,2.5,1.0,2,10,207.043,0
2021,12,Belgian Grand Prix,spa,giovinazzi,GIO,alfa,14,13,0.0,Finished,0,0,16,0,18.0,1.0,0.0,9.0,3.0,0.0,13.333333333333334,14.0,0.0,0.0,0.0,1.0,18.0,0.0,2,10,207.043,0
2021,12,Belgian Grand Prix,spa,norris,NOR,mclaren,15,14,0.0,Finished,0,0,10,0,3.0,113.0,0.0,4.0,163.0,0.0,7.333333333333333,6.4,27.0,0.2,-0.16666666666666696,28.0,9.0,0.0,2,10,207.043,0
2021,12,Belgian Grand Prix,spa,tsunoda,TSU,alphatauri,16,15,0.0,Finished,0,0,17,0,13.0,18.0,0.0,6.0,68.0,0.0,9.333333333333334,10.2,9.0,0.0,0.5,24.0,10.0,0.0,2,10,207.043,0
2021,12,Belgian Grand Prix,spa,mick_schumacher,MSC,haas,17,16,0.0,Finished,0,0,18,0,20.0,0.0,0.0,10.0,0.0,0.0,16.0,16.6,0.0,0.0,-0.33333333333333215,0.0,10.0,0.0,2,10,207.043,0
2021,12,Belgian Grand Prix,spa,mazepin,MAZ,haas,18,17,0.0,Finished,0,0,20,0,19.0,0.0,0.0,10.0,0.0,0.0,16.666666666666668,17.6,0.0,0.2,0.3333333333333357,0.0,10.0,0.0,2,10,207.043,0
2021,12,Belgian Grand Prix,spa,raikkonen,RAI,alfa,0,18,0.0,Finished,0,0,19,0,17.0,2.0,0.0,9.0,3.0,0.0,13.333333333333334,13.6,1.0,0.0,0.0,1.0,14.0,0.0,2,10,207.043,0
2021,12,Belgian Grand Prix,spa,perez,PER,red_bull,0,19,0.0,Finished,0,0,7,0,5.0,104.0,1.0,2.0,288.0,6.0,13.0,9.2,8.0,0.2,1.5,14.5,8.0,0.0,2,10,207.043,0
2021,12,Belgian Grand Prix,spa,stroll,STR,aston_martin,19,20,0.0,Finished,0,0,15,0,14.0,18.0,0.0,7.0,48.0,0.0,13.333333333333334,11.6,4.0,0.2,-2.666666666666666,9.0,9.5,0.0,2,10,207.043,0
2021,13,Dutch Grand Prix,zandvoort,max_verstappen,VER,red_bull,1,1,25.0,Finished,1,0,1,1,2.0,196.5,6.0,2.0,300.5,7.0,10.0,6.4,14.5,0.2,-3.666666666666666,43.5,10.0,0.0,2,3,209.244,0
2021,13,Dutch Grand Prix,zandvoort,hamilton,HAM,mercedes,2,2,19.0,Finished,1,0,2,1,1.0,200.5,4.0,1.0,307.5,4.0,2.0,2.4,50.5,0.0,-4.166666666666667,59.5,10.0,0.0,3,1,215.654,0
2021,13,Dutch Grand Prix,zandvoort,bottas,BOT,mercedes,3,3,15.0,Finished,1,0,3,0,4.0,107.0,0.0,1.0,307.5,4.0,10.333333333333334,7.2,15.0,0.2,4.166666666666667,59.5,10.0,0.0,2,2,211.338,0
2021,13,Dutch Grand Prix,zandvoort,gasly,GAS,alphatauri,4,4,12.0,+1 Lap,0,0,4,0,9.0,54.0,0.0,6.0,72.0,0.0,7.333333333333333,10.2,15.0,0.2,-1.5000000000000009,35.0,10.0,0.0,1,10,204.929,0
2021,13,Dutch Grand Prix,zandvoort,leclerc,LEC,ferrari,5,5,10.0,+1 Lap,0,0,5,0,7.0,82.0,0.0,4.0,165.5,0.0,9.333333333333334,8.6,20.0,0.2,1.5000000000000009,33.5,10.0,0.0,1,9,205.033,0
2021,13,Dutch Grand Prix,zandvoort,alonso,ALO,alpine,9,6,8.0,+1 Lap,0,0,9,0,11.0,38.0,0.0,5.0,80.0,1.0,7.333333333333333,8.2,18.0,0.0,0.833333333333333,50.0,10.0,0.0,1,7,206.294,0
2021,13,Dutch Grand Prix,zandvoort,sainz,SAI,ferrari,6,7,6.0,+1 Lap,0,0,6,0,6.0,83.5,0.0,4.0,165.5,0.0,6.333333333333333,6.0,23.5,0.0,-1.5,33.5,10.0,0.0,1,13,203.725,0
2021,13,Dutch Grand Prix,zandvoort,perez,PER,red_bull,0,8,4.0,+1 Lap,0,0,16,0,5.0,104.0,1.0,2.0,300.5,7.0,17.333333333333332,12.4,0.0,0.2,3.666666666666666,43.5,10.0,0.0,2,4,208.714,0
2021,13,Dutch Grand Prix,zandvoort,ocon,OCO,alpine,8,9,2.0,+1 Lap,0,0,8,0,10.0,42.0,1.0,5.0,80.0,1.0,5.666666666666667,10.2,30.0,0.2,-0.833333333333333,50.0,10.0,0.0,1,8,205.321,0
2021,13,Dutch Grand Prix,zandvoort,norris,NOR,mclaren,13,10,1.0,+1 Lap,0,0,13,0,3.0,113.0,0.0,3.0,169.0,0.0,11.0,8.2,12.0,0.2,2.166666666666666,7.0,10.0,0.0,1,6,206.535,0
2021,13,Dutch Grand Prix,zandvoort,ricciardo,RIC,mclaren,10,11,0.0,+1 Lap,0,0,10,0,8.0,56.0,0.0,3.0,169.0,0.0,6.666666666666667,8.0,16.0,0.0,-2.166666666666667,7.0,10.0,0.0,1,11,204.65,0
2021,13,Dutch Grand Prix,zandvoort,stroll,STR,aston_martin,12,12,0.0,+2 Laps,0,0,12,0,14.0,18.0,0.0,7.0,53.0,0.0,15.666666666666666,13.6,4.0,0.2,0.5,5.0,10.0,0.0,1,15,202.78,0
2021,13,Dutch Grand Prix,zandvoort,vettel,VET,aston_martin,15,13,0.0,+2 Laps,0,0,17,0,12.0,35.0,0.0,7.0,53.0,0.0,14.666666666666666,14.6,5.0,0.6,-0.5,5.0,10.0,0.0,2,5,207.312,0
2021,13,Dutch Grand Prix,zandvoort,giovinazzi,GIO,alfa,7,14,0.0,+2 Laps,0,0,7,0,18.0,1.0,0.0,9.0,3.0,0.0,13.0,13.6,0.0,0.0,-0.6666666666666661,1.0,10.0,0.0,2,12,204.091,0
2021,13,Dutch Grand Prix,zandvoort,kubica,KUB,alfa,16,15,0.0,+2 Laps,0,0,18,0,10.0,0.0,0.0,9.0,3.0,0.0,18.0,17.8,0.0,0.2,4.333333333333334,1.0,10.0,0.0,1,14,203.234,0
2021,13,Dutch Grand Prix,zandvoort,latifi,LAT,williams,0,16,0.0,+2 Laps,0,0,14,0,16.0,7.0,0.0,8.0,20.0,0.0,10.0,12.6,7.0,0.0,1.333333333333334,20.0,10.0,0.0,1,18,202.301,0
2021,13,Dutch Grand Prix,zandvoort,russell,RUS,williams,11,17,0.0,Gearbox,0,1,11,0,15.0,13.0,0.0,8.0,20.0,0.0,7.333333333333333,10.4,13.0,0.2,-1.333333333333333,20.0,10.0,0.0,2,16,202.734,0
2021,13,Dutch Grand Prix,zandvoort,mick_schumacher,MSC,haas,17,18,0.0,+3 Laps,0,0,19,0,20.0,0.0,0.0,10.0,0.0,0.0,15.333333333333334,16.0,0.0,0.0,-0.33333333333333215,0.0,10.0,0.0,2,19,201.936,0
2021,13,Dutch Grand Prix,zandvoort,tsunoda,TSU,alphatauri,14,19,0.0,Power Unit,0,1,15,0,13.0,18.0,0.0,6.0,72.0,0.0,10.333333333333334,10.6,9.0,0.0,1.5,35.0,10.0,0.0,1,17,202.319,0
2021,13,Dutch Grand Prix,zandvoort,mazepin,MAZ,haas,18,20,0.0,Hydraulics,0,1,20,0,19.0,0.0,0.0,10.0,0.0,0.0,16.0,17.0,0.0,0.2,0.3333333333333339,0.0,10.0,0.0,1,20,201.567,0
2021,14,Italian Grand Prix,monza,ricciardo,RIC,mclaren,2,1,26.0,Finished,1,0,5,0,9.0,56.0,0.0,4.0,170.0,0.0,8.666666666666666,7.6,6.0,0.0,-2.166666666666668,51.0,5.0,0.0,1,1,245.894,0
2021,14,Italian Grand Prix,monza,norris,NOR,mclaren,3,2,18.0,Finished,1,0,4,0,4.0,114.0,0.0,4.0,170.0,0.0,13.0,9.2,1.0,0.2,2.166666666666666,51.0,7.0,0.0,1,3,245.434,0
2021,14,Italian Grand Prix,monza,bottas,BOT,mercedes,19,3,15.0,Finished,1,0,1,1,3.0,122.0,0.0,1.0,341.5,4.0,10.333333333333334,7.2,15.0,0.2,4.000000000000001,56.5,3.5,0.5,1,2,245.85,0
2021,14,Italian Grand Prix,monza,leclerc,LEC,ferrari,5,4,12.0,Finished,0,0,8,0,6.0,92.0,0.0,3.0,181.5,0.0,10.333333333333334,8.2,12.0,0.2,1.833333333333334,38.5,9.5,0.5,1,6,244.433,0
2021,14,Italian Grand Prix,monza,perez,PER,red_bull,8,5,10.0,Finished,0,0,9,0,5.0,108.0,1.0,2.0,329.5,8.0,14.666666666666666,13.2,4.0,0.2,5.5,51.5,8.5,0.0,1,4,244.901,0
2021,14,Italian Grand Prix,monza,sainz,SAI,ferrari,6,6,8.0,Finished,0,0,7,0,7.0,89.5,0.0,3.0,181.5,0.0,6.666666666666667,6.2,21.5,0.0,-1.833333333333333,38.5,11.0,0.5,1,8,243.747,0
2021,14,Italian Grand Prix,monza,stroll,STR,aston_martin,9,7,6.0,Finished,0,0,12,0,13.0,18.0,0.0,7.0,53.0,0.0,17.0,14.4,0.0,0.2,2.166666666666666,11.0,7.5,0.5,1,13,242.912,0
2021,14,Italian Grand Prix,monza,alonso,ALO,alpine,10,8,4.0,Finished,0,0,13,0,10.0,46.0,0.0,5.0,90.0,1.0,7.0,7.6,20.0,0.0,0.666666666666667,18.0,10.0,0.0,1,7,243.995,0
2021,14,Italian Grand Prix,monza,russell,RUS,williams,14,9,2.0,Finished,0,0,15,0,15.0,13.0,0.0,8.0,20.0,0.0,9.0,10.0,13.0,0.2,-0.8333333333333339,12.0,14.0,0.0,1,11,242.963,0
2021,14,Italian Grand Prix,monza,ocon,OCO,alpine,12,10,1.0,Finished,0,0,14,0,11.0,44.0,1.0,5.0,90.0,1.0,5.666666666666667,9.2,30.0,0.2,-0.6666666666666661,18.0,8.0,0.0,1,9,243.727,0
2021,14,Italian Grand Prix,monza,latifi,LAT,williams,13,11,0.0,Finished,0,0,16,0,16.0,7.0,0.0,8.0,20.0,0.0,10.666666666666666,12.4,7.0,0.0,0.8333333333333321,12.0,11.0,0.0,1,16,242.63,0
2021,14,Italian Grand Prix,monza,vettel,VET,aston_martin,11,12,0.0,Finished,0,0,11,0,12.0,35.0,0.0,7.0,53.0,0.0,12.666666666666666,14.8,5.0,0.6,-2.166666666666668,11.0,16.5,0.0,2,15,242.672,0
2021,14,Italian Grand Prix,monza,giovinazzi,GIO,alfa,7,13,0.0,Finished,0,0,10,0,18.0,1.0,0.0,9.0,3.0,0.0,13.333333333333334,13.4,0.0,0.0,-0.5,0.0,12.5,0.0,2,10,243.295,0
2021,14,Italian Grand Prix,monza,kubica,KUB,alfa,17,14,0.0,Finished,0,0,19,0,20.0,0.0,0.0,9.0,3.0,0.0,16.666666666666668,17.4,0.0,0.2,2.833333333333334,0.0,17.0,0.0,1,12,242.924,0
2021,14,Italian Grand Prix,monza,mick_schumacher,MSC,haas,18,15,0.0,Finished,0,0,18,0,21.0,0.0,0.0,10.0,0.0,0.0,15.333333333333334,16.4,0.0,0.0,-0.8333333333333339,0.0,10.0,0.0,1,17,240.52,0
2021,14,Italian Grand Prix,monza,mazepin,MAZ,haas,16,16,0.0,Power Unit,0,1,20,0,19.0,0.0,0.0,10.0,0.0,0.0,17.0,17.4,0.0,0.4,0.8333333333333321,0.0,10.0,0.0,3,18,239.155,0
2021,14,Italian Grand Prix,monza,hamilton,HAM,mercedes,4,17,0.0,Collision,0,1,2,1,2.0,219.5,4.0,1.0,341.5,4.0,2.3333333333333335,2.4,44.5,0.0,-3.9999999999999996,56.5,5.0,0.5,1,14,242.864,0
2021,14,Italian Grand Prix,monza,max_verstappen,VER,red_bull,1,18,0.0,Collision,0,1,3,0,1.0,221.5,7.0,2.0,329.5,8.0,3.6666666666666665,6.4,39.5,0.2,-5.5,51.5,12.5,0.0,1,5,244.852,0
2021,14,Italian Grand Prix,monza,gasly,GAS,alphatauri,0,19,0.0,Suspension,0,1,6,0,8.0,66.0,0.0,6.0,84.0,0.0,5.0,7.0,27.0,0.0,-4.166666666666666,16.0,6.0,0.5,2,19,234.31,0
2021,14,Italian Grand Prix,monza,tsunoda,TSU,alphatauri,0,20,0.0,Brakes,0,1,17,0,14.0,18.0,0.0,6.0,84.0,0.0,13.333333333333334,12.4,8.0,0.2,4.166666666666668,16.0,10.0,0.0,2,10,207.043,0
2021,15,Russian Grand Prix,sochi,hamilton,HAM,mercedes,4,1,25.0,Finished,1,0,4,0,2.0,219.5,4.0,1.0,356.5,4.0,7.333333333333333,5.0,26.5,0.2,0.6666666666666661,84.0,2.0,1.0,2,2,215.76,0
2021,15,Russian Grand Prix,sochi,max_verstappen,VER,red_bull,20,2,18.0,Finished,1,0,20,0,1.0,221.5,7.0,2.0,339.5,8.0,6.666666666666667,9.8,37.5,0.4,-1.9999999999999991,59.0,3.0,0.5,2,5,213.959,0
2021,15,Russian Grand Prix,sochi,sainz,SAI,ferrari,2,3,15.0,Finished,1,0,2,1,7.0,97.5,0.0,4.0,201.5,0.0,7.666666666666667,6.4,14.5,0.0,1.0,51.0,12.5,0.0,2,12,212.024,0
2021,15,Russian Grand Prix,sochi,ricciardo,RIC,mclaren,5,4,12.0,Finished,0,0,5,0,8.0,82.0,1.0,3.0,214.0,1.0,5.333333333333333,6.4,32.0,0.0,-1.666666666666667,64.0,12.0,0.0,2,9,212.388,0
2021,15,Russian Grand Prix,sochi,bottas,BOT,mercedes,16,5,10.0,Finished,0,0,7,0,3.0,137.0,0.0,1.0,356.5,4.0,6.0,7.4,30.0,0.2,-0.666666666666667,84.0,1.5,1.0,2,3,214.352,0
2021,15,Russian Grand Prix,sochi,alonso,ALO,alpine,6,6,8.0,Finished,0,0,6,0,10.0,50.0,0.0,5.0,95.0,1.0,8.333333333333334,7.2,12.0,0.0,-0.16666666666666607,23.0,10.0,0.0,2,6,213.331,0
2021,15,Russian Grand Prix,sochi,norris,NOR,mclaren,1,7,7.0,Finished,0,0,1,1,4.0,132.0,0.0,3.0,214.0,1.0,8.666666666666666,9.0,19.0,0.2,1.666666666666666,64.0,11.5,0.0,2,1,216.096,0
2021,15,Russian Grand Prix,sochi,raikkonen,RAI,alfa,13,8,4.0,Finished,0,0,16,0,17.0,2.0,0.0,9.0,3.0,0.0,14.333333333333334,13.8,1.0,0.0,-0.16666666666666607,4.0,13.5,0.0,2,16,209.921,0
2021,15,Russian Grand Prix,sochi,perez,PER,red_bull,8,9,2.0,Finished,0,0,9,0,5.0,118.0,1.0,2.0,339.5,8.0,10.666666666666666,13.0,14.0,0.2,2.0,59.0,5.5,0.0,2,10,212.193,0
2021,15,Russian Grand Prix,sochi,russell,RUS,williams,3,10,1.0,Finished,0,0,3,0,15.0,15.0,0.0,8.0,22.0,0.0,9.333333333333334,9.6,11.0,0.2,-1.3333333333333321,3.0,17.5,0.0,2,18,209.28,0
2021,15,Russian Grand Prix,sochi,stroll,STR,aston_martin,7,11,0.0,Finished,0,0,8,0,13.0,24.0,0.0,7.0,59.0,0.0,13.0,13.2,6.0,0.2,1.5,6.0,15.5,0.0,2,17,209.555,0
2021,15,Russian Grand Prix,sochi,vettel,VET,aston_martin,10,12,0.0,+1 Lap,0,0,11,0,12.0,35.0,0.0,7.0,59.0,0.0,10.0,13.8,5.0,0.4,-1.5,6.0,15.5,0.0,2,11,212.116,0
2021,15,Russian Grand Prix,sochi,gasly,GAS,alphatauri,11,13,0.0,+1 Lap,0,0,12,0,9.0,66.0,0.0,6.0,84.0,0.0,9.666666666666666,9.0,16.0,0.2,-4.166666666666668,12.0,11.5,0.0,2,4,214.214,0
2021,15,Russian Grand Prix,sochi,ocon,OCO,alpine,9,14,0.0,+1 Lap,0,0,10,0,11.0,45.0,1.0,5.0,95.0,1.0,8.666666666666666,7.2,6.0,0.0,0.16666666666666607,23.0,7.0,0.0,2,19,209.276,0
2021,15,Russian Grand Prix,sochi,leclerc,LEC,ferrari,19,15,0.0,+1 Lap,0,0,15,0,6.0,104.0,0.0,4.0,201.5,0.0,5.666666666666667,7.4,24.0,0.2,-1.0,51.0,4.5,0.5,2,7,212.667,0
2021,15,Russian Grand Prix,sochi,giovinazzi,GIO,alfa,17,16,0.0,+1 Lap,0,0,18,0,18.0,1.0,0.0,9.0,3.0,0.0,13.333333333333334,13.2,0.0,0.0,-1.166666666666666,4.0,13.0,0.0,2,8,212.53,0
2021,15,Russian Grand Prix,sochi,tsunoda,TSU,alphatauri,12,17,0.0,+1 Lap,0,0,13,0,14.0,18.0,0.0,6.0,84.0,0.0,18.0,14.0,0.0,0.4,4.166666666666666,12.0,10.0,0.0,3,13,210.612,0
2021,15,Russian Grand Prix,sochi,mazepin,MAZ,haas,15,18,0.0,+2 Laps,0,0,19,0,19.0,0.0,0.0,10.0,0.0,0.0,17.666666666666668,16.8,0.0,0.6,0.6666666666666679,0.0,10.0,0.0,2,20,206.982,0
2021,15,Russian Grand Prix,sochi,latifi,LAT,williams,18,19,0.0,Accident,0,1,14,0,16.0,7.0,0.0,8.0,22.0,0.0,12.0,11.4,1.0,0.0,1.333333333333334,3.0,16.0,0.0,1,14,210.528,0
2021,15,Russian Grand Prix,sochi,mick_schumacher,MSC,haas,14,20,0.0,Oil leak,0,1,17,0,21.0,0.0,0.0,10.0,0.0,0.0,16.333333333333332,15.8,0.0,0.0,-0.6666666666666679,0.0,10.0,0.0,1,15,209.948,0
2021,16,Turkish Grand Prix,istanbul,bottas,BOT,mercedes,1,1,26.0,Finished,1,0,2,1,3.0,147.0,0.0,1.0,391.5,5.0,3.6666666666666665,7.8,40.0,0.2,-1.5000000000000004,86.0,14.0,0.0,1,1,212.5,0
2021,16,Turkish Grand Prix,istanbul,max_verstappen,VER,red_bull,2,2,18.0,Finished,1,0,3,0,2.0,239.5,7.0,2.0,359.5,8.0,7.0,6.2,43.0,0.2,-0.16666666666666696,63.0,6.0,0.0,1,9,207.169,0
2021,16,Turkish Grand Prix,istanbul,perez,PER,red_bull,6,3,15.0,Finished,1,0,7,0,5.0,120.0,1.0,2.0,359.5,8.0,7.333333333333333,11.6,16.0,0.2,0.16666666666666607,63.0,2.0,1.0,1,4,207.841,0
2021,16,Turkish Grand Prix,istanbul,leclerc,LEC,ferrari,3,4,12.0,Finished,0,0,4,0,7.0,104.0,0.0,4.0,216.5,0.0,8.0,10.0,22.0,0.2,1.333333333333333,51.0,4.0,0.0,1,8,207.218,0
2021,16,Turkish Grand Prix,istanbul,hamilton,HAM,mercedes,11,5,10.0,Finished,0,0,1,1,1.0,244.5,5.0,1.0,391.5,5.0,6.666666666666667,5.0,44.0,0.2,1.5,86.0,1.0,1.0,1,10,207.16,0
2021,16,Turkish Grand Prix,istanbul,gasly,GAS,alphatauri,4,6,8.0,Finished,0,0,5,0,9.0,66.0,0.0,6.0,84.0,0.0,12.0,9.4,12.0,0.2,-3.333333333333334,8.0,13.0,0.0,1,11,207.046,0
2021,16,Turkish Grand Prix,istanbul,norris,NOR,mclaren,7,7,6.0,Finished,0,0,8,0,4.0,139.0,0.0,3.0,233.0,1.0,6.333333333333333,9.6,26.0,0.2,0.5,69.0,8.0,0.0,1,3,207.87,0
2021,16,Turkish Grand Prix,istanbul,sainz,SAI,ferrari,19,8,4.0,Finished,0,0,15,0,6.0,112.5,0.0,4.0,216.5,0.0,5.333333333333333,5.8,29.0,0.0,-1.333333333333334,51.0,5.0,0.0,1,2,209.057,0
2021,16,Turkish Grand Prix,istanbul,stroll,STR,aston_martin,8,9,2.0,Finished,0,0,9,0,13.0,24.0,0.0,7.0,59.0,0.0,10.0,13.8,6.0,0.2,-1.166666666666666,8.0,9.0,0.0,1,6,207.506,0
2021,16,Turkish Grand Prix,istanbul,ocon,OCO,alpine,12,10,1.0,+1 Lap,0,0,12,0,11.0,45.0,1.0,5.0,103.0,1.0,11.0,8.2,3.0,0.0,2.166666666666666,14.0,11.0,0.0,2,19,203.171,0
2021,16,Turkish Grand Prix,istanbul,giovinazzi,GIO,alfa,16,11,0.0,+1 Lap,0,0,18,0,18.0,1.0,0.0,9.0,7.0,0.0,14.333333333333334,13.8,0.0,0.0,1.0,4.0,20.0,0.0,1,13,206.845,0
2021,16,Turkish Grand Prix,istanbul,raikkonen,RAI,alfa,17,12,0.0,+1 Lap,0,0,19,0,17.0,6.0,0.0,9.0,7.0,0.0,12.0,13.2,5.0,0.0,-1.333333333333334,4.0,15.0,0.0,1,5,207.556,0
2021,16,Turkish Grand Prix,istanbul,ricciardo,RIC,mclaren,20,13,0.0,+1 Lap,0,0,16,0,8.0,94.0,1.0,3.0,233.0,1.0,5.333333333333333,6.2,38.0,0.0,-0.5,69.0,10.0,0.0,1,15,206.067,0
2021,16,Turkish Grand Prix,istanbul,tsunoda,TSU,alphatauri,9,14,0.0,+1 Lap,0,0,10,0,14.0,18.0,0.0,6.0,84.0,0.0,18.666666666666668,15.4,0.0,0.4,3.333333333333334,8.0,10.0,0.0,1,12,206.979,0
2021,16,Turkish Grand Prix,istanbul,russell,RUS,williams,13,15,0.0,+1 Lap,0,0,13,0,15.0,16.0,0.0,8.0,23.0,0.0,12.0,9.2,3.0,0.2,-1.666666666666666,3.0,16.0,0.0,1,16,205.749,0
2021,16,Turkish Grand Prix,istanbul,alonso,ALO,alpine,5,16,0.0,+1 Lap,0,0,6,0,10.0,58.0,0.0,5.0,103.0,1.0,6.666666666666667,7.0,20.0,0.0,-2.166666666666667,14.0,10.0,0.0,1,14,206.073,0
2021,16,Turkish Grand Prix,istanbul,latifi,LAT,williams,15,17,0.0,+1 Lap,0,0,17,0,16.0,7.0,0.0,8.0,23.0,0.0,15.333333333333334,12.4,0.0,0.2,1.6666666666666679,3.0,19.0,0.0,1,17,205.149,0
2021,16,Turkish Grand Prix,istanbul,vettel,VET,aston_martin,10,18,0.0,+1 Lap,0,0,11,0,12.0,35.0,0.0,7.0,59.0,0.0,12.333333333333334,12.4,0.0,0.2,1.1666666666666679,8.0,3.0,1.0,2,7,207.233,0
2021,16,Turkish Grand Prix,istanbul,mick_schumacher,MSC,haas,14,19,0.0,+2 Laps,0,0,14,0,21.0,0.0,0.0,10.0,0.0,0.0,17.666666666666668,16.2,0.0,0.2,-0.1666666666666643,0.0,10.0,0.0,1,18,203.98,0
2021,16,Turkish Grand Prix,istanbul,mazepin,MAZ,haas,18,20,0.0,+2 Laps,0,0,20,0,19.0,0.0,0.0,10.0,0.0,0.0,18.0,17.0,0.0,0.6,0.16666666666666785,0.0,10.0,0.0,1,20,201.353,0
2021,17,United States Grand Prix,americas,max_verstappen,VER,red_bull,1,1,25.0,Finished,1,0,1,1,1.0,257.5,7.0,2.0,392.5,8.0,7.333333333333333,4.8,36.0,0.2,0.833333333333333,93.0,3.0,1.0,2,2,200.278,0
2021,17,United States Grand Prix,americas,hamilton,HAM,mercedes,2,2,19.0,Finished,1,0,2,1,2.0,254.5,5.0,1.0,427.5,6.0,7.666666666666667,5.6,35.0,0.2,2.333333333333334,98.0,2.0,1.0,2,1,201.521,0
2021,17,United States Grand Prix,americas,perez,PER,red_bull,3,3,15.0,Finished,1,0,3,0,5.0,135.0,1.0,2.0,392.5,8.0,5.666666666666667,8.8,27.0,0.0,-0.833333333333333,93.0,10.0,0.0,2,4,199.333,0
2021,17,United States Grand Prix,americas,leclerc,LEC,ferrari,4,4,12.0,Finished,0,0,5,0,7.0,116.0,0.0,4.0,232.5,0.0,7.666666666666667,7.2,24.0,0.0,1.0,49.0,4.0,0.0,2,3,199.861,0
2021,17,United States Grand Prix,americas,ricciardo,RIC,mclaren,6,5,10.0,Finished,0,0,7,0,8.0,94.0,1.0,3.0,239.0,1.0,6.0,6.6,38.0,0.0,0.33333333333333304,39.0,6.0,0.0,2,8,197.785,0
2021,17,United States Grand Prix,americas,bottas,BOT,mercedes,9,6,8.0,Finished,0,0,4,0,3.0,173.0,1.0,1.0,427.5,6.0,3.0,4.8,51.0,0.0,-2.333333333333333,98.0,1.0,1.0,2,6,198.176,0
2021,17,United States Grand Prix,americas,sainz,SAI,ferrari,5,7,6.0,Finished,0,0,6,0,6.0,116.5,0.0,4.0,232.5,0.0,5.666666666666667,6.8,27.0,0.0,-1.0,49.0,8.0,0.0,2,9,197.722,0
2021,17,United States Grand Prix,americas,norris,NOR,mclaren,7,8,4.0,Finished,0,0,8,0,4.0,145.0,0.0,3.0,239.0,1.0,5.333333333333333,8.0,31.0,0.0,-0.3333333333333339,39.0,7.0,0.0,2,7,198.016,0
2021,17,United States Grand Prix,americas,tsunoda,TSU,alphatauri,10,9,2.0,+1 Lap,0,0,10,0,14.0,18.0,0.0,6.0,92.0,0.0,17.0,17.0,0.0,0.4,2.166666666666666,10.0,10.0,0.0,2,13,196.209,0
2021,17,United States Grand Prix,americas,vettel,VET,aston_martin,18,10,1.0,+1 Lap,0,0,12,0,12.0,35.0,0.0,7.0,61.0,0.0,14.0,12.0,0.0,0.0,2.5,3.0,20.0,0.0,2,10,197.517,0
2021,17,United States Grand Prix,americas,giovinazzi,GIO,alfa,12,11,0.0,+1 Lap,0,0,13,0,18.0,1.0,0.0,9.0,7.0,0.0,13.333333333333334,13.4,0.0,0.0,1.0,4.0,14.0,0.0,2,12,196.221,0
2021,17,United States Grand Prix,americas,stroll,STR,aston_martin,13,12,0.0,+1 Lap,0,0,16,0,13.0,26.0,0.0,7.0,61.0,0.0,9.0,11.8,8.0,0.0,-2.5,3.0,13.0,0.0,2,14,196.135,0
2021,17,United States Grand Prix,americas,raikkonen,RAI,alfa,15,13,0.0,+1 Lap,0,0,18,0,17.0,6.0,0.0,9.0,7.0,0.0,12.666666666666666,12.6,4.0,0.0,0.33333333333333215,4.0,11.0,0.0,2,15,195.843,0
2021,17,United States Grand Prix,americas,russell,RUS,williams,20,14,0.0,+1 Lap,0,0,15,0,15.0,16.0,0.0,8.0,23.0,0.0,11.333333333333334,10.6,3.0,0.2,-2.166666666666666,1.0,17.0,0.0,2,11,196.269,0
2021,17,United States Grand Prix,americas,latifi,LAT,williams,14,15,0.0,+1 Lap,0,0,17,0,16.0,7.0,0.0,8.0,23.0,0.0,15.666666666666666,14.4,0.0,0.2,2.166666666666666,1.0,10.0,0.0,2,17,194.924,0
2021,17,United States Grand Prix,americas,mick_schumacher,MSC,haas,16,16,0.0,+2 Laps,0,0,19,0,21.0,0.0,0.0,10.0,0.0,0.0,18.0,17.6,0.0,0.2,0.0,0.0,10.0,0.0,2,16,195.737,0
2021,17,United States Grand Prix,americas,mazepin,MAZ,haas,17,17,0.0,+2 Laps,0,0,20,0,19.0,0.0,0.0,10.0,0.0,0.0,18.0,18.2,0.0,0.4,0.0,0.0,10.0,0.0,3,20,192.9,0
2021,17,United States Grand Prix,americas,alonso,ALO,alpine,19,18,0.0,Rear wing,0,1,14,0,10.0,58.0,0.0,5.0,104.0,1.0,10.0,9.4,12.0,0.0,-0.6666666666666661,9.0,10.0,0.0,3,5,198.335,0
2021,17,United States Grand Prix,americas,ocon,OCO,alpine,11,19,0.0,Mechanical,0,1,11,0,11.0,46.0,1.0,5.0,104.0,1.0,11.333333333333334,10.0,2.0,0.0,0.6666666666666679,9.0,10.0,0.0,2,19,194.207,0
2021,17,United States Grand Prix,americas,gasly,GAS,alphatauri,8,20,0.0,Suspension,0,1,9,0,9.0,74.0,0.0,6.0,92.0,0.0,12.666666666666666,9.6,8.0,0.2,-2.166666666666668,10.0,16.0,0.0,1,18,194.547,0
2021,18,Mexico City Grand Prix,rodriguez,max_verstappen,VER,red_bull,3,1,25.0,Finished,1,0,3,0,1.0,282.5,8.0,2.0,432.5,9.0,1.6666666666666667,4.8,61.0,0.2,-1.6666666666666667,113.0,6.0,0.0,1,2,196.134,0
2021,18,Mexico City Grand Prix,rodriguez,hamilton,HAM,mercedes,2,2,18.0,Finished,1,0,2,1,2.0,273.5,5.0,1.0,454.5,6.0,2.6666666666666665,5.4,54.0,0.2,-0.666666666666667,81.0,1.0,1.0,1,4,194.116,0
2021,18,Mexico City Grand Prix,rodriguez,perez,PER,red_bull,4,3,15.0,Finished,1,0,4,0,4.0,150.0,1.0,2.0,432.5,9.0,5.0,5.6,32.0,0.0,1.6666666666666665,113.0,7.0,0.0,1,3,194.976,0
2021,18,Mexico City Grand Prix,rodriguez,gasly,GAS,alphatauri,5,4,12.0,Finished,0,0,5,0,9.0,74.0,0.0,6.0,94.0,0.0,13.0,12.4,8.0,0.4,-0.16666666666666607,22.0,9.0,0.0,1,7,192.453,0
2021,18,Mexico City Grand Prix,rodriguez,leclerc,LEC,ferrari,8,5,10.0,Finished,0,0,8,0,6.0,128.0,0.0,4.0,250.5,0.0,7.666666666666667,6.4,24.0,0.0,0.8333333333333339,52.0,4.0,0.0,1,9,192.083,0
2021,18,Mexico City Grand Prix,rodriguez,sainz,SAI,ferrari,6,6,8.0,+1 Lap,0,0,6,0,7.0,122.5,0.0,4.0,250.5,0.0,6.0,6.2,25.0,0.0,-0.833333333333333,52.0,13.0,0.0,1,5,193.484,0
2021,18,Mexico City Grand Prix,rodriguez,vettel,VET,aston_martin,9,7,6.0,+1 Lap,0,0,11,0,12.0,36.0,0.0,7.0,62.0,0.0,13.333333333333334,13.0,1.0,0.0,1.333333333333334,9.0,2.0,1.0,1,6,192.572,0
2021,18,Mexico City Grand Prix,rodriguez,raikkonen,RAI,alfa,10,8,4.0,+1 Lap,0,0,12,0,17.0,6.0,0.0,9.0,7.0,0.0,11.0,12.2,4.0,0.0,-0.8333333333333339,4.0,19.0,0.0,1,11,191.969,0
2021,18,Mexico City Grand Prix,rodriguez,alonso,ALO,alpine,12,9,2.0,+1 Lap,0,0,16,0,10.0,58.0,0.0,5.0,104.0,1.0,13.333333333333334,10.8,8.0,0.2,-0.5,3.0,10.0,0.0,1,10,191.973,0
2021,18,Mexico City Grand Prix,rodriguez,norris,NOR,mclaren,18,10,1.0,+1 Lap,0,0,10,0,5.0,149.0,0.0,3.0,253.0,1.0,7.333333333333333,6.8,17.0,0.0,0.0,21.0,20.0,0.0,1,8,192.197,0
2021,18,Mexico City Grand Prix,rodriguez,giovinazzi,GIO,alfa,11,11,0.0,+1 Lap,0,0,14,0,18.0,1.0,0.0,9.0,7.0,0.0,12.666666666666666,13.0,0.0,0.0,0.8333333333333321,4.0,14.0,0.0,1,16,190.061,0
2021,18,Mexico City Grand Prix,rodriguez,ricciardo,RIC,mclaren,7,12,0.0,+1 Lap,0,0,7,0,8.0,104.0,1.0,3.0,253.0,1.0,7.333333333333333,6.8,22.0,0.0,0.0,21.0,8.0,0.0,2,13,191.126,0
2021,18,Mexico City Grand Prix,rodriguez,ocon,OCO,alpine,19,13,0.0,+1 Lap,0,0,15,0,11.0,46.0,1.0,5.0,104.0,1.0,14.333333333333334,12.4,1.0,0.2,0.5,3.0,10.0,0.0,1,14,190.47,0
2021,18,Mexico City Grand Prix,rodriguez,stroll,STR,aston_martin,20,14,0.0,+2 Laps,0,0,20,0,13.0,26.0,0.0,7.0,62.0,0.0,10.666666666666666,10.2,2.0,0.0,-1.333333333333334,9.0,12.0,0.0,2,12,191.454,0
2021,18,Mexico City Grand Prix,rodriguez,bottas,BOT,mercedes,1,15,0.0,+2 Laps,0,0,1,1,3.0,181.0,1.0,1.0,454.5,6.0,4.0,3.6,44.0,0.0,0.6666666666666665,81.0,3.0,1.0,4,1,199.223,0
2021,18,Mexico City Grand Prix,rodriguez,russell,RUS,williams,16,16,0.0,+2 Laps,0,0,13,0,15.0,16.0,0.0,8.0,23.0,0.0,13.0,13.0,1.0,0.2,-2.0,0.0,16.0,0.0,1,18,188.919,0
2021,18,Mexico City Grand Prix,rodriguez,latifi,LAT,williams,13,17,0.0,+2 Laps,0,0,17,0,16.0,7.0,0.0,8.0,23.0,0.0,17.0,15.6,0.0,0.2,2.0,0.0,10.0,0.0,2,17,190.008,0
2021,18,Mexico City Grand Prix,rodriguez,mazepin,MAZ,haas,15,18,0.0,+3 Laps,0,0,19,0,19.0,0.0,0.0,10.0,0.0,0.0,18.333333333333332,18.2,0.0,0.4,0.0,0.0,10.0,0.0,2,15,190.344,0
2021,18,Mexico City Grand Prix,rodriguez,mick_schumacher,MSC,haas,14,19,0.0,Collision,0,1,18,0,21.0,0.0,0.0,10.0,0.0,0.0,18.333333333333332,17.6,0.0,0.2,0.0,0.0,10.0,0.0,2,10,207.043,0
2021,18,Mexico City Grand Prix,rodriguez,tsunoda,TSU,alphatauri,17,20,0.0,Collision,0,1,9,0,14.0,20.0,0.0,6.0,94.0,0.0,13.333333333333334,15.8,2.0,0.4,0.16666666666666785,22.0,10.0,0.0,2,10,207.043,0
2021,19,São Paulo Grand Prix,interlagos,hamilton,HAM,mercedes,10,1,25.0,Finished,1,0,1,1,2.0,291.5,5.0,1.0,472.5,6.0,3.0,5.4,47.0,0.2,-2.166666666666667,85.0,7.0,0.0,4,2,215.503,0
2021,19,São Paulo Grand Prix,interlagos,max_verstappen,VER,red_bull,2,2,18.0,Finished,1,0,2,1,1.0,307.5,9.0,2.0,472.5,10.0,1.3333333333333333,4.8,68.0,0.2,-0.8333333333333333,111.0,1.0,1.0,4,3,214.005,0
2021,19,São Paulo Grand Prix,interlagos,bottas,BOT,mercedes,1,3,15.0,Finished,1,0,3,0,3.0,181.0,1.0,1.0,472.5,6.0,7.333333333333333,6.0,34.0,0.0,2.166666666666666,85.0,20.0,0.0,4,4,213.887,0
2021,19,São Paulo Grand Prix,interlagos,perez,PER,red_bull,4,4,13.0,Finished,0,0,4,0,4.0,165.0,1.0,2.0,472.5,10.0,3.0,4.6,45.0,0.0,0.8333333333333335,111.0,9.0,0.0,5,1,218.453,0
2021,19,São Paulo Grand Prix,interlagos,leclerc,LEC,ferrari,6,5,10.0,Finished,0,0,7,0,6.0,138.0,0.0,3.0,268.5,0.0,4.333333333333333,6.4,34.0,0.0,-1.333333333333334,54.0,18.0,0.0,4,7,213.018,0
2021,19,São Paulo Grand Prix,interlagos,sainz,SAI,ferrari,3,6,8.0,Finished,0,0,6,0,7.0,130.5,0.0,3.0,268.5,0.0,7.0,6.0,18.0,0.0,1.333333333333333,54.0,3.0,1.0,4,6,213.346,0
2021,19,São Paulo Grand Prix,interlagos,gasly,GAS,alphatauri,7,7,6.0,+1 Lap,0,0,5,0,9.0,86.0,0.0,6.0,106.0,0.0,10.0,12.4,20.0,0.4,-2.166666666666666,20.0,2.0,1.0,4,8,211.839,0
2021,19,São Paulo Grand Prix,interlagos,ocon,OCO,alpine,8,8,4.0,+1 Lap,0,0,11,0,11.0,46.0,1.0,5.0,106.0,1.0,14.0,13.2,1.0,0.2,-0.16666666666666607,8.0,10.0,0.0,3,16,208.415,0
2021,19,São Paulo Grand Prix,interlagos,alonso,ALO,alpine,12,9,2.0,+1 Lap,0,0,10,0,10.0,60.0,0.0,5.0,106.0,1.0,14.333333333333334,11.4,2.0,0.2,0.16666666666666785,8.0,10.0,0.0,3,12,209.848,0
2021,19,São Paulo Grand Prix,interlagos,norris,NOR,mclaren,5,10,1.0,+1 Lap,0,0,8,0,5.0,150.0,0.0,4.0,254.0,1.0,8.333333333333334,6.8,11.0,0.0,-0.8333333333333321,16.0,8.0,0.0,5,10,210.306,0
2021,19,São Paulo Grand Prix,interlagos,vettel,VET,aston_martin,9,11,0.0,+1 Lap,0,0,12,0,12.0,42.0,0.0,7.0,68.0,0.0,11.666666666666666,11.8,7.0,0.0,0.0,7.0,17.0,0.0,4,9,210.668,0
2021,19,São Paulo Grand Prix,interlagos,raikkonen,RAI,alfa,0,12,0.0,+1 Lap,0,0,14,0,16.0,10.0,0.0,9.0,11.0,0.0,11.0,11.8,4.0,0.0,0.0,4.0,4.0,0.0,4,5,213.607,0
2021,19,São Paulo Grand Prix,interlagos,russell,RUS,williams,17,13,0.0,+1 Lap,0,0,18,0,15.0,16.0,0.0,8.0,23.0,0.0,15.0,12.8,0.0,0.0,-0.6666666666666661,0.0,12.0,0.0,4,15,208.626,0
2021,19,São Paulo Grand Prix,interlagos,giovinazzi,GIO,alfa,13,14,0.0,+1 Lap,0,0,15,0,18.0,1.0,0.0,9.0,11.0,0.0,11.0,12.4,0.0,0.0,0.0,4.0,5.0,0.0,4,14,208.985,0
2021,19,São Paulo Grand Prix,interlagos,tsunoda,TSU,alphatauri,15,15,0.0,+1 Lap,0,0,13,0,14.0,20.0,0.0,6.0,106.0,0.0,14.333333333333334,16.0,2.0,0.4,2.166666666666668,20.0,10.0,0.0,5,13,209.05,0
2021,19,São Paulo Grand Prix,interlagos,latifi,LAT,williams,16,16,0.0,+1 Lap,0,0,17,0,17.0,7.0,0.0,8.0,23.0,0.0,16.333333333333332,15.8,0.0,0.2,0.6666666666666661,0.0,10.0,0.0,4,18,207.896,0
2021,19,São Paulo Grand Prix,interlagos,mazepin,MAZ,haas,19,17,0.0,+2 Laps,0,0,20,0,19.0,0.0,0.0,10.0,0.0,0.0,18.333333333333332,17.8,0.0,0.2,0.1666666666666643,0.0,10.0,0.0,3,19,206.958,0
2021,19,São Paulo Grand Prix,interlagos,mick_schumacher,MSC,haas,18,18,0.0,+2 Laps,0,0,19,0,21.0,0.0,0.0,10.0,0.0,0.0,18.0,17.8,0.0,0.4,-0.16666666666666785,0.0,10.0,0.0,5,11,210.215,0
2021,19,São Paulo Grand Prix,interlagos,ricciardo,RIC,mclaren,11,19,0.0,Power loss,0,1,9,0,8.0,104.0,1.0,4.0,254.0,1.0,10.0,7.0,10.0,0.0,0.8333333333333339,16.0,6.0,0.0,3,17,208.379,0
2021,19,São Paulo Grand Prix,interlagos,stroll,STR,aston_martin,14,20,0.0,Collision damage,0,1,16,0,13.0,26.0,0.0,7.0,68.0,0.0,11.666666666666666,10.6,2.0,0.0,0.0,7.0,19.0,0.0,3,20,205.887,0
2021,20,Qatar Grand Prix,losail,hamilton,HAM,mercedes,1,1,25.0,Finished,1,0,1,1,2.0,316.5,6.0,1.0,512.5,7.0,1.6666666666666667,2.2,62.0,0.0,-3.166666666666666,83.0,10.0,0.0,2,2,227.633,0
2021,20,Qatar Grand Prix,losail,max_verstappen,VER,red_bull,7,2,19.0,Finished,1,0,2,1,1.0,325.5,9.0,2.0,503.5,10.0,1.3333333333333333,1.6,68.0,0.0,-1.0000000000000002,102.0,10.0,0.0,3,1,232.799,0
2021,20,Qatar Grand Prix,losail,alonso,ALO,alpine,3,3,15.0,Finished,1,0,5,0,10.0,62.0,0.0,5.0,112.0,1.0,12.0,11.6,4.0,0.2,-0.6666666666666661,33.0,10.0,0.0,1,10,223.437,0
2021,20,Qatar Grand Prix,losail,perez,PER,red_bull,11,4,12.0,Finished,0,0,11,0,4.0,178.0,1.0,2.0,503.5,10.0,3.3333333333333335,4.4,43.0,0.0,1.0,102.0,10.0,0.0,2,3,226.227,0
2021,20,Qatar Grand Prix,losail,ocon,OCO,alpine,9,5,10.0,Finished,0,0,9,0,11.0,50.0,1.0,5.0,112.0,1.0,13.333333333333334,12.8,4.0,0.2,0.6666666666666679,33.0,10.0,0.0,1,13,222.464,0
2021,20,Qatar Grand Prix,losail,stroll,STR,aston_martin,12,6,8.0,Finished,0,0,12,0,13.0,26.0,0.0,7.0,68.0,0.0,15.333333333333334,13.2,0.0,0.2,3.0,15.0,10.0,0.0,1,17,221.713,0
2021,20,Qatar Grand Prix,losail,sainz,SAI,ferrari,5,7,6.0,Finished,0,0,7,0,7.0,138.5,0.0,3.0,286.5,0.0,6.333333333333333,6.0,22.0,0.0,0.833333333333333,46.0,10.0,0.0,1,9,223.726,0
2021,20,Qatar Grand Prix,losail,leclerc,LEC,ferrari,13,8,4.0,Finished,0,0,13,0,6.0,148.0,0.0,3.0,286.5,0.0,4.666666666666667,6.6,32.0,0.0,-0.833333333333333,46.0,10.0,0.0,1,8,223.765,0
2021,20,Qatar Grand Prix,losail,norris,NOR,mclaren,4,9,2.0,+1 Lap,0,0,6,0,5.0,151.0,0.0,4.0,255.0,1.0,9.333333333333334,8.4,6.0,0.0,-1.3333333333333321,4.0,10.0,0.0,2,4,225.876,0
2021,20,Qatar Grand Prix,losail,vettel,VET,aston_martin,10,10,1.0,+1 Lap,0,0,10,0,12.0,42.0,0.0,7.0,68.0,0.0,9.333333333333334,11.6,7.0,0.0,-3.0,15.0,10.0,0.0,1,7,224.078,0
2021,20,Qatar Grand Prix,losail,gasly,GAS,alphatauri,2,11,0.0,+1 Lap,0,0,4,0,9.0,92.0,0.0,6.0,112.0,0.0,10.333333333333334,10.0,18.0,0.2,-2.166666666666666,18.0,10.0,0.0,2,11,222.572,0
2021,20,Qatar Grand Prix,losail,ricciardo,RIC,mclaren,14,12,0.0,+1 Lap,0,0,14,0,8.0,104.0,1.0,4.0,255.0,1.0,12.0,10.6,10.0,0.2,1.333333333333334,4.0,10.0,0.0,1,14,222.115,0
2021,20,Qatar Grand Prix,losail,tsunoda,TSU,alphatauri,8,13,0.0,+1 Lap,0,0,8,0,14.0,20.0,0.0,6.0,112.0,0.0,14.666666666666666,15.0,2.0,0.2,2.166666666666666,18.0,10.0,0.0,2,12,222.51,0
2021,20,Qatar Grand Prix,losail,raikkonen,RAI,alfa,16,14,0.0,+1 Lap,0,0,16,0,16.0,10.0,0.0,9.0,11.0,0.0,11.0,10.6,4.0,0.0,-0.5,4.0,10.0,0.0,2,6,224.275,0
2021,20,Qatar Grand Prix,losail,giovinazzi,GIO,alfa,18,15,0.0,+1 Lap,0,0,18,0,18.0,1.0,0.0,9.0,11.0,0.0,12.0,12.6,0.0,0.0,0.5,4.0,10.0,0.0,2,18,220.534,0
2021,20,Qatar Grand Prix,losail,mick_schumacher,MSC,haas,19,16,0.0,+1 Lap,0,0,19,0,21.0,0.0,0.0,10.0,0.0,0.0,17.666666666666668,18.4,0.0,0.4,0.16666666666666785,0.0,10.0,0.0,1,19,219.065,0
2021,20,Qatar Grand Prix,losail,russell,RUS,williams,15,17,0.0,+2 Laps,0,0,15,0,15.0,16.0,0.0,8.0,23.0,0.0,14.333333333333334,13.6,0.0,0.0,-0.8333333333333321,0.0,10.0,0.0,2,5,225.818,0
2021,20,Qatar Grand Prix,losail,mazepin,MAZ,haas,20,18,0.0,+2 Laps,0,0,20,0,19.0,0.0,0.0,10.0,0.0,0.0,17.333333333333332,18.0,0.0,0.0,-0.16666666666666785,0.0,10.0,0.0,1,16,221.754,0
2021,20,Qatar Grand Prix,losail,latifi,LAT,williams,17,19,0.0,Puncture,0,1,17,0,17.0,7.0,0.0,8.0,23.0,0.0,16.0,16.8,0.0,0.2,0.8333333333333339,0.0,10.0,0.0,1,20,218.275,0
2021,20,Qatar Grand Prix,losail,bottas,BOT,mercedes,6,20,0.0,Damage,0,1,3,0,3.0,196.0,1.0,1.0,512.5,7.0,8.0,6.0,23.0,0.0,3.166666666666667,83.0,10.0,0.0,1,15,221.992,0
2021,21,Saudi Arabian Grand Prix,jeddah,hamilton,HAM,mercedes,1,1,26.0,Finished,1,0,1,1,2.0,341.5,7.0,1.0,537.5,8.0,1.3333333333333333,2.2,68.0,0.0,-5.666666666666667,106.0,10.0,0.0,3,1,244.962,0
2021,21,Saudi Arabian Grand Prix,jeddah,max_verstappen,VER,red_bull,3,2,18.0,Finished,1,0,3,0,1.0,344.5,9.0,2.0,534.5,10.0,1.6666666666666667,1.6,62.0,0.0,-0.9999999999999998,80.0,10.0,0.0,2,3,242.943,0
2021,21,Saudi Arabian Grand Prix,jeddah,bottas,BOT,mercedes,2,3,15.0,Finished,1,0,2,1,3.0,196.0,1.0,1.0,537.5,8.0,12.666666666666666,9.0,15.0,0.2,5.666666666666666,106.0,10.0,0.0,3,2,243.155,0
2021,21,Saudi Arabian Grand Prix,jeddah,ocon,OCO,alpine,9,4,12.0,Finished,0,0,9,0,11.0,60.0,1.0,5.0,137.0,1.0,8.666666666666666,11.0,14.0,0.2,0.833333333333333,43.0,10.0,0.0,2,6,242.125,0
2021,21,Saudi Arabian Grand Prix,jeddah,ricciardo,RIC,mclaren,11,5,10.0,Finished,0,0,11,0,8.0,104.0,1.0,4.0,257.0,1.0,14.333333333333334,12.2,0.0,0.2,2.333333333333334,14.0,10.0,0.0,2,11,239.725,0
2021,21,Saudi Arabian Grand Prix,jeddah,gasly,GAS,alphatauri,6,6,8.0,Finished,0,0,6,0,9.0,92.0,0.0,6.0,112.0,0.0,7.333333333333333,9.6,18.0,0.2,-4.333333333333333,14.0,10.0,0.0,2,9,240.813,0
2021,21,Saudi Arabian Grand Prix,jeddah,leclerc,LEC,ferrari,4,7,6.0,Finished,0,0,4,0,6.0,152.0,0.0,3.0,296.5,0.0,6.0,5.2,24.0,0.0,-0.16666666666666696,38.0,10.0,0.0,3,4,242.643,0
2021,21,Saudi Arabian Grand Prix,jeddah,sainz,SAI,ferrari,15,8,4.0,Finished,0,0,15,0,7.0,144.5,0.0,3.0,296.5,0.0,6.333333333333333,6.8,22.0,0.0,0.16666666666666607,38.0,10.0,0.0,2,7,241.983,0
2021,21,Saudi Arabian Grand Prix,jeddah,giovinazzi,GIO,alfa,10,9,2.0,Finished,0,0,10,0,18.0,1.0,0.0,9.0,11.0,0.0,13.333333333333334,12.4,0.0,0.0,1.0,2.0,10.0,0.0,2,15,239.34,0
2021,21,Saudi Arabian Grand Prix,jeddah,norris,NOR,mclaren,7,10,1.0,Finished,0,0,7,0,5.0,153.0,0.0,4.0,257.0,1.0,9.666666666666666,8.8,4.0,0.0,-2.333333333333334,14.0,10.0,0.0,3,8,241.817,0
2021,21,Saudi Arabian Grand Prix,jeddah,stroll,STR,aston_martin,18,11,0.0,Finished,0,0,18,0,13.0,34.0,0.0,7.0,77.0,0.0,13.333333333333334,12.2,8.0,0.2,2.0,9.0,10.0,0.0,3,14,239.498,0
2021,21,Saudi Arabian Grand Prix,jeddah,latifi,LAT,williams,16,12,0.0,Finished,0,0,16,0,17.0,7.0,0.0,8.0,23.0,0.0,17.333333333333332,16.8,0.0,0.2,1.0,0.0,10.0,0.0,3,12,239.635,0
2021,21,Saudi Arabian Grand Prix,jeddah,alonso,ALO,alpine,13,13,0.0,+1 Lap,0,0,13,0,10.0,77.0,0.0,5.0,137.0,1.0,7.0,11.0,19.0,0.2,-0.833333333333333,43.0,10.0,0.0,4,5,242.558,0
2021,21,Saudi Arabian Grand Prix,jeddah,tsunoda,TSU,alphatauri,8,14,0.0,+1 Lap,0,0,8,0,14.0,20.0,0.0,6.0,112.0,0.0,16.0,14.2,0.0,0.2,4.333333333333334,14.0,10.0,0.0,3,10,240.269,0
2021,21,Saudi Arabian Grand Prix,jeddah,raikkonen,RAI,alfa,12,15,0.0,+1 Lap,0,0,12,0,16.0,10.0,0.0,9.0,11.0,0.0,11.333333333333334,11.8,4.0,0.0,-1.0,2.0,10.0,0.0,3,13,239.565,0
2021,21,Saudi Arabian Grand Prix,jeddah,vettel,VET,aston_martin,17,16,0.0,Collision damage,0,1,17,0,12.0,43.0,0.0,7.0,77.0,0.0,9.333333333333334,11.2,7.0,0.0,-2.0,9.0,10.0,0.0,2,16,236.375,0
2021,21,Saudi Arabian Grand Prix,jeddah,perez,PER,red_bull,5,17,0.0,Collision,0,1,5,0,4.0,190.0,1.0,2.0,534.5,10.0,3.6666666666666665,3.4,40.0,0.0,1.0,80.0,10.0,0.0,2,17,236.104,0
2021,21,Saudi Arabian Grand Prix,jeddah,mazepin,MAZ,haas,20,18,0.0,Collision,0,1,20,0,19.0,0.0,0.0,10.0,0.0,0.0,17.666666666666668,18.0,0.0,0.0,0.0,0.0,10.0,0.0,1,20,229.036,0
2021,21,Saudi Arabian Grand Prix,jeddah,russell,RUS,williams,14,19,0.0,Collision,0,1,14,0,15.0,16.0,0.0,8.0,23.0,0.0,15.333333333333334,15.0,0.0,0.0,-0.9999999999999982,0.0,10.0,0.0,2,19,231.211,0
2021,21,Saudi Arabian Grand Prix,jeddah,mick_schumacher,MSC,haas,19,20,0.0,Accident,0,1,19,0,21.0,0.0,0.0,10.0,0.0,0.0,17.666666666666668,17.6,0.0,0.2,0.0,0.0,10.0,0.0,2,18,231.421,0
2021,22,Abu Dhabi Grand Prix,yas_marina,max_verstappen,VER,red_bull,1,1,26.0,Finished,1,0,1,1,2.0,362.5,9.0,2.0,552.5,10.0,2.0,1.6,55.0,0.0,-3.166666666666667,75.0,1.5,1.0,3,1,220.8,0
2021,22,Abu Dhabi Grand Prix,yas_marina,hamilton,HAM,mercedes,2,2,18.0,Finished,1,0,2,1,1.0,367.5,8.0,1.0,578.5,9.0,1.0,1.4,76.0,0.0,-3.833333333333333,92.0,2.0,1.0,1,3,219.495,0
2021,22,Abu Dhabi Grand Prix,yas_marina,sainz,SAI,ferrari,5,3,15.0,Finished,1,0,5,0,7.0,148.5,0.0,3.0,306.5,0.0,7.0,6.8,18.0,0.0,0.16666666666666696,36.0,8.0,0.0,1,9,216.982,0
2021,22,Abu Dhabi Grand Prix,yas_marina,tsunoda,TSU,alphatauri,8,4,12.0,Finished,0,0,8,0,14.0,20.0,0.0,6.0,120.0,0.0,14.0,14.2,0.0,0.2,3.0,30.0,10.0,0.0,2,7,217.285,0
2021,22,Abu Dhabi Grand Prix,yas_marina,gasly,GAS,alphatauri,12,5,10.0,Finished,0,0,12,0,9.0,100.0,0.0,6.0,120.0,0.0,8.0,9.6,14.0,0.2,-3.0,30.0,13.0,0.0,2,6,217.668,0
2021,22,Abu Dhabi Grand Prix,yas_marina,bottas,BOT,mercedes,6,6,8.0,Finished,0,0,6,0,3.0,211.0,1.0,1.0,578.5,9.0,8.666666666666666,9.4,30.0,0.2,3.833333333333333,92.0,3.0,0.5,1,5,218.871,0
2021,22,Abu Dhabi Grand Prix,yas_marina,norris,NOR,mclaren,3,7,6.0,Finished,0,0,3,0,6.0,154.0,0.0,4.0,268.0,1.0,9.666666666666666,9.4,4.0,0.0,-1.1666666666666679,19.0,6.5,0.0,2,4,219.123,0
2021,22,Abu Dhabi Grand Prix,yas_marina,alonso,ALO,alpine,11,8,4.0,Finished,0,0,11,0,10.0,77.0,0.0,5.0,149.0,1.0,8.333333333333334,10.4,17.0,0.2,1.333333333333334,43.0,10.0,0.0,1,8,217.01,0
2021,22,Abu Dhabi Grand Prix,yas_marina,ocon,OCO,alpine,9,9,2.0,Finished,0,0,9,0,11.0,72.0,1.0,5.0,149.0,1.0,5.666666666666667,9.8,26.0,0.2,-1.333333333333333,43.0,9.0,0.0,1,10,215.431,0
2021,22,Abu Dhabi Grand Prix,yas_marina,leclerc,LEC,ferrari,7,10,1.0,Finished,0,0,7,0,5.0,158.0,0.0,3.0,306.5,0.0,6.666666666666667,5.8,20.0,0.0,-0.16666666666666607,36.0,8.0,0.5,2,12,214.983,0
2021,22,Abu Dhabi Grand Prix,yas_marina,vettel,VET,aston_martin,15,11,0.0,Finished,0,0,15,0,12.0,43.0,0.0,7.0,77.0,0.0,12.333333333333334,10.8,1.0,0.2,0.0,9.0,9.5,0.0,1,11,215.299,0
2021,22,Abu Dhabi Grand Prix,yas_marina,ricciardo,RIC,mclaren,10,12,0.0,+1 Lap,0,0,10,0,8.0,114.0,1.0,4.0,268.0,1.0,12.0,10.6,10.0,0.2,1.166666666666666,19.0,9.0,0.0,2,14,214.28,0
2021,22,Abu Dhabi Grand Prix,yas_marina,stroll,STR,aston_martin,13,13,0.0,+1 Lap,0,0,13,0,13.0,34.0,0.0,7.0,77.0,0.0,12.333333333333334,12.6,8.0,0.2,0.0,9.0,15.0,0.0,2,13,214.657,0
2021,22,Abu Dhabi Grand Prix,yas_marina,mick_schumacher,MSC,haas,19,14,0.0,+1 Lap,0,0,19,0,21.0,0.0,0.0,10.0,0.0,0.0,18.0,17.8,0.0,0.4,0.16666666666666785,0.0,10.0,0.0,2,17,212.522,0
2021,22,Abu Dhabi Grand Prix,yas_marina,perez,PER,red_bull,4,15,0.0,Engine,0,1,4,0,4.0,190.0,1.0,2.0,552.5,10.0,8.333333333333334,6.2,25.0,0.2,3.166666666666667,75.0,13.5,0.0,3,2,219.993,0
2021,22,Abu Dhabi Grand Prix,yas_marina,latifi,LAT,williams,16,16,0.0,Accident,0,1,16,0,17.0,7.0,0.0,8.0,23.0,0.0,15.666666666666666,15.8,0.0,0.2,-0.3333333333333339,0.0,17.0,0.0,1,15,212.912,0
2021,22,Abu Dhabi Grand Prix,yas_marina,giovinazzi,GIO,alfa,14,17,0.0,Gearbox,0,1,14,0,18.0,3.0,0.0,9.0,13.0,0.0,12.666666666666666,12.0,2.0,0.0,-0.5,2.0,16.0,0.0,1,16,212.557,0
2021,22,Abu Dhabi Grand Prix,yas_marina,russell,RUS,williams,17,18,0.0,Gearbox,0,1,17,0,15.0,16.0,0.0,8.0,23.0,0.0,16.333333333333332,15.8,0.0,0.2,0.33333333333333215,0.0,16.0,0.0,2,19,209.732,0
2021,22,Abu Dhabi Grand Prix,yas_marina,raikkonen,RAI,alfa,18,19,0.0,Brakes,0,1,18,0,16.0,10.0,0.0,9.0,13.0,0.0,13.666666666666666,12.4,0.0,0.0,0.5,2.0,12.5,0.0,1,18,211.951,0
2021,22,Abu Dhabi Grand Prix,yas_marina,mazepin,MAZ,haas,20,20,0.0,Illness,0,1,20,0,19.0,0.0,0.0,10.0,0.0,0.0,17.666666666666668,17.6,0.0,0.2,-0.1666666666666643,0.0,10.0,0.0,2,10,207.043,0
2022,1,Bahrain Grand Prix,bahrain,leclerc,LEC,ferrari,1,1,26.0,Finished,1,0,1,1,10.0,0.0,0.0,5.0,0.0,0.0,8.333333333333334,7.0,11.0,0.0,1.166666666666667,0.0,9.75,0.25,3,1,206.018,0
2022,1,Bahrain Grand Prix,bahrain,sainz,SAI,ferrari,3,2,18.0,Finished,1,0,3,0,10.0,0.0,0.0,5.0,0.0,0.0,6.0,6.0,25.0,0.0,-1.166666666666667,0.0,9.0,0.0,3,3,203.501,0
2022,1,Bahrain Grand Prix,bahrain,hamilton,HAM,mercedes,5,3,15.0,Finished,1,0,5,0,10.0,0.0,0.0,5.0,0.0,0.0,1.3333333333333333,1.4,69.0,0.0,-4.166666666666667,0.0,1.0,1.0,3,5,202.469,0
2022,1,Bahrain Grand Prix,bahrain,russell,RUS,mercedes,9,4,12.0,Finished,0,0,9,0,10.0,0.0,0.0,5.0,0.0,0.0,18.0,16.6,0.0,0.4,12.5,0.0,12.5,0.0,3,6,202.313,0
2022,1,Bahrain Grand Prix,bahrain,kevin_magnussen,MAG,haas,7,5,10.0,Finished,0,0,7,0,10.0,0.0,0.0,5.0,0.0,0.0,16.666666666666668,17.0,0.0,0.4,-1.0,0.0,15.0,0.0,3,8,201.641,0
2022,1,Bahrain Grand Prix,bahrain,bottas,BOT,alfa,6,6,8.0,Finished,0,0,6,0,10.0,0.0,0.0,5.0,0.0,0.0,9.666666666666666,9.4,23.0,0.2,-5.166666666666668,0.0,5.25,0.5,3,7,201.691,0
2022,1,Bahrain Grand Prix,bahrain,ocon,OCO,alpine,11,7,6.0,Finished,0,0,11,0,10.0,0.0,0.0,5.0,0.0,0.0,6.0,7.8,24.0,0.0,-1.0,0.0,8.0,0.3333333333333333,3,14,200.63,0
2022,1,Bahrain Grand Prix,bahrain,tsunoda,TSU,alphatauri,16,8,4.0,Finished,0,0,16,0,10.0,0.0,0.0,5.0,0.0,0.0,10.333333333333334,13.2,12.0,0.2,1.5,0.0,9.0,0.0,3,13,200.642,0
2022,1,Bahrain Grand Prix,bahrain,alonso,ALO,alpine,8,9,2.0,Finished,0,0,8,0,10.0,0.0,0.0,5.0,0.0,0.0,8.0,8.4,19.0,0.0,1.0,0.0,19.0,0.0,3,10,201.412,0
2022,1,Bahrain Grand Prix,bahrain,zhou,ZHO,alfa,15,10,1.0,Finished,0,0,15,0,10.0,0.0,0.0,5.0,0.0,0.0,,,,,0.0,0.0,10.0,0.0,3,9,201.512,0
2022,1,Bahrain Grand Prix,bahrain,mick_schumacher,MSC,haas,12,11,0.0,Finished,0,0,12,0,10.0,0.0,0.0,5.0,0.0,0.0,16.666666666666668,17.4,0.0,0.4,-1.0,0.0,16.0,0.0,2,11,200.948,0
2022,1,Bahrain Grand Prix,bahrain,stroll,STR,aston_martin,19,12,0.0,Finished,0,0,19,0,10.0,0.0,0.0,5.0,0.0,0.0,10.0,12.8,8.0,0.2,-1.166666666666666,0.0,11.5,0.25,3,15,200.555,0
2022,1,Bahrain Grand Prix,bahrain,albon,ALB,williams,14,13,0.0,Finished,0,0,14,0,10.0,0.0,0.0,5.0,0.0,0.0,4.333333333333333,7.0,35.0,0.0,-12.5,0.0,6.0,0.3333333333333333,3,18,200.125,0
2022,1,Bahrain Grand Prix,bahrain,ricciardo,RIC,mclaren,18,14,0.0,Finished,0,0,18,0,10.0,0.0,0.0,5.0,0.0,0.0,9.666666666666666,12.0,10.0,0.2,0.5,0.0,9.25,0.0,3,16,200.318,0
2022,1,Bahrain Grand Prix,bahrain,norris,NOR,mclaren,13,15,0.0,Finished,0,0,13,0,10.0,0.0,0.0,5.0,0.0,0.0,8.666666666666666,9.2,9.0,0.0,-0.5,0.0,6.0,0.0,3,12,200.882,0
2022,1,Bahrain Grand Prix,bahrain,latifi,LAT,williams,20,16,0.0,Finished,0,0,20,0,10.0,0.0,0.0,5.0,0.0,0.0,15.666666666666666,16.0,0.0,0.4,-1.166666666666666,0.0,16.666666666666668,0.0,3,20,198.3,0
2022,1,Bahrain Grand Prix,bahrain,hulkenberg,HUL,aston_martin,17,17,0.0,Finished,0,0,17,0,10.0,0.0,0.0,5.0,0.0,0.0,11.666666666666666,12.4,10.0,0.2,0.5,0.0,17.0,0.0,3,19,198.401,0
2022,1,Bahrain Grand Prix,bahrain,perez,PER,red_bull,4,18,0.0,Fuel pressure,0,1,4,0,10.0,0.0,0.0,5.0,0.0,0.0,12.0,8.6,12.0,0.4,5.166666666666667,0.0,8.5,0.25,3,4,202.762,0
2022,1,Bahrain Grand Prix,bahrain,max_verstappen,VER,red_bull,2,19,0.0,Fuel pressure,0,1,2,1,10.0,0.0,0.0,5.0,0.0,0.0,1.6666666666666667,1.6,63.0,0.0,-5.166666666666666,0.0,6.75,0.5,3,2,204.14,0
2022,1,Bahrain Grand Prix,bahrain,gasly,GAS,alphatauri,10,20,0.0,Power Unit,0,1,10,0,10.0,0.0,0.0,5.0,0.0,0.0,7.333333333333333,6.6,18.0,0.0,-1.5000000000000009,0.0,10.5,0.0,2,17,200.189,0
2022,2,Saudi Arabian Grand Prix,jeddah,max_verstappen,VER,red_bull,4,1,25.0,Finished,1,0,4,0,15.0,0.0,0.0,9.0,0.0,0.0,7.333333333333333,5.2,44.0,0.2,-4.666666666666667,0.0,2.0,1.0,2,2,242.191,0
2022,2,Saudi Arabian Grand Prix,jeddah,leclerc,LEC,ferrari,2,2,19.0,Finished,1,0,2,1,1.0,26.0,1.0,1.0,44.0,1.0,6.0,6.2,33.0,0.0,0.833333333333333,0.0,7.0,0.0,2,1,242.556,0
2022,2,Saudi Arabian Grand Prix,jeddah,sainz,SAI,ferrari,3,3,15.0,Finished,1,0,3,0,2.0,18.0,0.0,1.0,44.0,1.0,4.333333333333333,5.2,37.0,0.0,-0.8333333333333339,0.0,8.0,0.0,2,3,241.841,0
2022,2,Saudi Arabian Grand Prix,jeddah,perez,PER,red_bull,1,4,12.0,Finished,0,0,1,1,18.0,0.0,0.0,9.0,0.0,0.0,16.666666666666668,11.6,0.0,0.6,4.666666666666668,0.0,17.0,0.0,2,4,241.481,0
2022,2,Saudi Arabian Grand Prix,jeddah,russell,RUS,mercedes,6,5,10.0,Finished,0,0,6,0,4.0,12.0,0.0,2.0,27.0,0.0,13.666666666666666,14.2,12.0,0.4,10.5,0.0,19.0,0.0,2,7,239.454,0
2022,2,Saudi Arabian Grand Prix,jeddah,ocon,OCO,alpine,5,6,8.0,Finished,0,0,5,0,7.0,6.0,0.0,5.0,8.0,0.0,6.666666666666667,6.6,20.0,0.0,-1.666666666666667,0.0,4.0,0.0,2,9,238.729,0
2022,2,Saudi Arabian Grand Prix,jeddah,norris,NOR,mclaren,11,7,6.0,Finished,0,0,11,0,13.0,0.0,0.0,8.0,0.0,0.0,10.666666666666666,10.2,7.0,0.0,0.16666666666666607,0.0,10.0,0.0,2,5,239.629,0
2022,2,Saudi Arabian Grand Prix,jeddah,gasly,GAS,alphatauri,9,8,4.0,Finished,0,0,9,0,11.0,0.0,0.0,6.0,4.0,0.0,10.333333333333334,9.8,18.0,0.2,0.8333333333333339,0.0,6.0,0.0,2,10,237.796,0
2022,2,Saudi Arabian Grand Prix,jeddah,kevin_magnussen,MAG,haas,10,9,2.0,Finished,0,0,10,0,5.0,10.0,0.0,3.0,10.0,0.0,12.666666666666666,14.4,10.0,0.2,-2.0,0.0,10.0,0.0,2,6,239.562,0
2022,2,Saudi Arabian Grand Prix,jeddah,hamilton,HAM,mercedes,15,10,1.0,Finished,0,0,16,0,3.0,15.0,0.0,2.0,27.0,0.0,2.0,1.6,59.0,0.0,-1.1666666666666665,0.0,1.0,1.0,2,8,239.001,0
2022,2,Saudi Arabian Grand Prix,jeddah,zhou,ZHO,alfa,12,11,0.0,Finished,0,0,13,0,10.0,1.0,0.0,4.0,9.0,0.0,10.0,10.0,1.0,0.0,-2.666666666666666,0.0,10.0,0.0,2,13,236.642,0
2022,2,Saudi Arabian Grand Prix,jeddah,hulkenberg,HUL,aston_martin,17,12,0.0,Finished,0,0,18,0,17.0,0.0,0.0,7.0,0.0,0.0,10.666666666666666,12.8,10.0,0.2,-2.666666666666668,0.0,10.0,0.0,2,11,237.332,0
2022,2,Saudi Arabian Grand Prix,jeddah,stroll,STR,aston_martin,13,13,0.0,+1 Lap,0,0,15,0,20.0,0.0,0.0,7.0,0.0,0.0,12.0,12.4,0.0,0.2,-1.333333333333334,0.0,11.0,0.0,2,16,235.334,0
2022,2,Saudi Arabian Grand Prix,jeddah,albon,ALB,williams,16,14,0.0,Collision damage,0,1,17,0,12.0,0.0,0.0,10.0,0.0,0.0,7.666666666666667,6.6,20.0,0.0,-7.999999999999999,0.0,10.0,0.0,2,15,235.528,0
2022,2,Saudi Arabian Grand Prix,jeddah,bottas,BOT,alfa,8,15,0.0,Cooling system,0,1,8,0,6.0,8.0,0.0,4.0,9.0,0.0,5.0,7.6,31.0,0.2,-7.666666666666666,0.0,3.0,1.0,2,14,236.503,0
2022,2,Saudi Arabian Grand Prix,jeddah,alonso,ALO,alpine,7,16,0.0,Water pump,0,1,7,0,9.0,2.0,0.0,5.0,8.0,0.0,10.0,8.4,6.0,0.0,1.666666666666666,0.0,13.0,0.0,2,12,236.876,0
2022,2,Saudi Arabian Grand Prix,jeddah,ricciardo,RIC,mclaren,14,17,0.0,Gearbox,0,1,12,0,19.0,0.0,0.0,8.0,0.0,0.0,10.333333333333334,12.4,10.0,0.2,-0.16666666666666607,0.0,5.0,0.0,2,17,235.232,0
2022,2,Saudi Arabian Grand Prix,jeddah,latifi,LAT,williams,18,18,0.0,Accident,0,1,19,0,16.0,0.0,0.0,10.0,0.0,0.0,14.666666666666666,15.8,0.0,0.4,-1.0,0.0,12.0,0.0,2,18,227.892,0
2022,2,Saudi Arabian Grand Prix,jeddah,tsunoda,TSU,alphatauri,19,19,0.0,Power Unit,0,1,20,0,8.0,4.0,0.0,6.0,4.0,0.0,8.666666666666666,10.8,16.0,0.0,-0.8333333333333339,0.0,14.0,0.0,2,10,207.043,0
2022,2,Saudi Arabian Grand Prix,jeddah,mick_schumacher,MSC,haas,0,20,0.0,Withdrew,0,1,14,0,14.0,0.0,0.0,3.0,10.0,0.0,15.0,15.8,0.0,0.2,0.3333333333333339,0.0,20.0,0.0,2,10,207.043,0
2022,3,Australian Grand Prix,albert_park,leclerc,LEC,ferrari,1,1,26.0,Finished,1,0,1,1,1.0,45.0,1.0,1.0,78.0,1.0,4.333333333333333,5.6,46.0,0.0,0.833333333333333,0.0,5.0,0.0,1,1,236.74,0
2022,3,Australian Grand Prix,albert_park,perez,PER,red_bull,3,2,18.0,Finished,1,0,3,0,7.0,12.0,0.0,3.0,37.0,1.0,12.333333333333334,11.6,12.0,0.6,2.666666666666668,0.0,13.0,0.0,1,3,234.305,0
2022,3,Australian Grand Prix,albert_park,russell,RUS,mercedes,6,3,15.0,Finished,1,0,6,0,4.0,22.0,0.0,2.0,38.0,0.0,9.0,12.6,22.0,0.4,4.0,0.0,16.0,0.0,1,4,233.152,0
2022,3,Australian Grand Prix,albert_park,hamilton,HAM,mercedes,5,4,12.0,Finished,0,0,5,0,5.0,16.0,0.0,2.0,38.0,0.0,5.0,3.4,34.0,0.0,0.0,0.0,2.0,1.0,1,7,232.039,0
2022,3,Australian Grand Prix,albert_park,norris,NOR,mclaren,4,5,10.0,Finished,0,0,4,0,10.0,6.0,0.0,8.0,6.0,0.0,9.666666666666666,9.6,12.0,0.0,-2.333333333333334,0.0,12.0,0.0,1,8,231.018,0
2022,3,Australian Grand Prix,albert_park,ricciardo,RIC,mclaren,7,6,8.0,Finished,0,0,7,0,19.0,0.0,0.0,8.0,6.0,0.0,14.333333333333334,12.0,0.0,0.2,2.333333333333334,0.0,19.0,0.0,1,9,230.449,1
2022,3,Australian Grand Prix,albert_park,ocon,OCO,alpine,8,7,6.0,Finished,0,0,8,0,6.0,14.0,0.0,4.0,16.0,0.0,7.333333333333333,6.2,16.0,0.0,-1.833333333333333,0.0,10.0,0.0,1,10,230.399,0
2022,3,Australian Grand Prix,albert_park,bottas,BOT,alfa,12,8,4.0,Finished,0,0,12,0,9.0,8.0,0.0,6.0,9.0,0.0,9.0,10.0,16.0,0.4,-4.0,0.0,1.0,1.0,1,5,232.707,0
2022,3,Australian Grand Prix,albert_park,gasly,GAS,alphatauri,11,9,2.0,Finished,0,0,11,0,11.0,4.0,0.0,7.0,8.0,0.0,11.0,10.0,14.0,0.2,0.3333333333333339,0.0,11.0,0.0,1,13,229.669,0
2022,3,Australian Grand Prix,albert_park,albon,ALB,williams,20,10,1.0,Finished,0,0,16,0,15.0,0.0,0.0,10.0,0.0,0.0,10.333333333333334,8.0,12.0,0.2,-5.5,0.0,14.0,0.0,1,12,230.064,0
2022,3,Australian Grand Prix,albert_park,zhou,ZHO,alfa,14,11,0.0,Finished,0,0,14,0,14.0,1.0,0.0,6.0,9.0,0.0,10.5,10.5,1.0,0.0,-2.5,0.0,10.0,0.0,1,11,230.198,0
2022,3,Australian Grand Prix,albert_park,stroll,STR,aston_martin,19,12,0.0,Finished,0,0,20,0,20.0,0.0,0.0,9.0,0.0,0.0,12.666666666666666,11.0,0.0,0.0,-0.3333333333333339,0.0,9.0,0.0,3,17,227.304,0
2022,3,Australian Grand Prix,albert_park,mick_schumacher,MSC,haas,15,13,0.0,+1 Lap,0,0,15,0,17.0,0.0,0.0,5.0,12.0,0.0,15.0,16.2,0.0,0.4,1.833333333333334,0.0,10.0,0.0,1,14,228.908,0
2022,3,Australian Grand Prix,albert_park,kevin_magnussen,MAG,haas,16,14,0.0,+1 Lap,0,0,17,0,8.0,12.0,0.0,5.0,12.0,0.0,10.666666666666666,12.8,12.0,0.0,-2.5,0.0,6.0,0.0,1,15,228.729,0
2022,3,Australian Grand Prix,albert_park,tsunoda,TSU,alphatauri,13,15,0.0,+1 Lap,0,0,13,0,12.0,4.0,0.0,7.0,8.0,0.0,10.333333333333334,11.6,16.0,0.2,-0.33333333333333215,0.0,10.0,0.0,1,16,227.985,0
2022,3,Australian Grand Prix,albert_park,latifi,LAT,williams,18,16,0.0,+1 Lap,0,0,19,0,18.0,0.0,0.0,10.0,0.0,0.0,16.666666666666668,16.2,0.0,0.6,0.8333333333333339,0.0,10.0,0.0,2,18,226.518,0
2022,3,Australian Grand Prix,albert_park,alonso,ALO,alpine,10,17,0.0,+1 Lap,0,0,10,0,13.0,2.0,0.0,4.0,16.0,0.0,11.0,9.8,6.0,0.2,1.833333333333334,0.0,10.0,0.0,2,2,235.024,0
2022,3,Australian Grand Prix,albert_park,max_verstappen,VER,red_bull,2,18,0.0,Fuel leak,0,1,2,1,3.0,25.0,1.0,3.0,37.0,1.0,7.0,5.0,51.0,0.2,-2.666666666666666,0.0,3.0,1.0,1,6,232.633,0
2022,3,Australian Grand Prix,albert_park,vettel,VET,aston_martin,17,19,0.0,Accident,0,1,18,0,10.0,0.0,0.0,9.0,0.0,0.0,12.333333333333334,11.0,1.0,0.2,-0.6666666666666661,0.0,4.0,0.0,2,19,223.042,0
2022,3,Australian Grand Prix,albert_park,sainz,SAI,ferrari,9,20,0.0,Spun off,0,1,9,0,2.0,33.0,0.0,1.0,78.0,1.0,2.6666666666666665,4.6,48.0,0.0,-0.8333333333333335,0.0,20.0,0.0,2,10,207.043,0
2022,4,Emilia Romagna Grand Prix,imola,max_verstappen,VER,red_bull,1,1,26.0,Finished,1,0,1,1,6.0,25.0,1.0,3.0,55.0,1.0,12.666666666666666,8.2,25.0,0.4,2.333333333333332,99.0,9.0,0.5,2,1,225.281,0
2022,4,Emilia Romagna Grand Prix,imola,perez,PER,red_bull,3,2,18.0,Finished,1,0,7,0,4.0,30.0,0.0,3.0,55.0,1.0,8.0,11.2,30.0,0.6,-2.333333333333334,99.0,8.5,0.0,2,3,223.845,0
2022,4,Emilia Romagna Grand Prix,imola,norris,NOR,mclaren,5,3,15.0,Finished,1,0,3,0,8.0,16.0,0.0,4.0,24.0,0.0,9.0,8.8,16.0,0.0,-1.666666666666666,39.0,5.5,0.5,2,7,218.439,0
2022,4,Emilia Romagna Grand Prix,imola,russell,RUS,mercedes,11,4,12.0,Finished,0,0,11,0,2.0,37.0,0.0,2.0,65.0,0.0,4.0,9.8,37.0,0.4,-0.833333333333333,50.0,17.5,0.0,2,8,218.28,0
2022,4,Emilia Romagna Grand Prix,imola,bottas,BOT,alfa,7,5,10.0,Finished,0,0,8,0,9.0,12.0,0.0,6.0,13.0,0.0,9.666666666666666,7.6,12.0,0.2,-0.5,14.0,10.0,0.5,2,6,218.831,0
2022,4,Emilia Romagna Grand Prix,imola,leclerc,LEC,ferrari,2,6,8.0,Finished,0,0,2,1,1.0,71.0,2.0,1.0,104.0,2.0,1.3333333333333333,4.2,71.0,0.0,-3.5,68.0,4.5,0.0,2,2,224.914,0
2022,4,Emilia Romagna Grand Prix,imola,tsunoda,TSU,alphatauri,12,7,6.0,Finished,0,0,16,0,13.0,4.0,0.0,8.0,10.0,0.0,14.0,12.0,4.0,0.2,0.8333333333333339,12.0,12.0,0.0,2,5,219.412,0
2022,4,Emilia Romagna Grand Prix,imola,vettel,VET,aston_martin,13,8,4.0,Finished,0,0,9,0,21.0,0.0,0.0,10.0,0.0,0.0,15.333333333333334,13.4,0.0,0.4,1.1666666666666679,5.0,13.5,0.0,2,9,217.61,0
2022,4,Emilia Romagna Grand Prix,imola,kevin_magnussen,MAG,haas,8,9,2.0,Finished,0,0,4,0,10.0,12.0,0.0,7.0,12.0,0.0,9.333333333333334,12.2,12.0,0.0,-2.666666666666666,4.0,18.0,0.0,2,10,217.538,0
2022,4,Emilia Romagna Grand Prix,imola,stroll,STR,aston_martin,15,10,1.0,+1 Lap,0,0,15,0,20.0,0.0,0.0,10.0,0.0,0.0,12.333333333333334,12.2,0.0,0.0,-1.8333333333333321,5.0,10.5,0.0,2,16,216.176,0
2022,4,Emilia Romagna Grand Prix,imola,albon,ALB,williams,18,11,0.0,+1 Lap,0,0,20,0,15.0,1.0,0.0,9.0,1.0,0.0,12.333333333333334,9.4,1.0,0.2,-2.166666666666666,1.0,15.0,0.0,2,17,216.157,0
2022,4,Emilia Romagna Grand Prix,imola,gasly,GAS,alphatauri,17,12,0.0,+1 Lap,0,0,17,0,12.0,6.0,0.0,8.0,10.0,0.0,12.333333333333334,9.6,6.0,0.2,-0.8333333333333321,12.0,13.5,0.0,2,15,216.274,0
2022,4,Emilia Romagna Grand Prix,imola,hamilton,HAM,mercedes,14,13,0.0,+1 Lap,0,0,13,0,5.0,28.0,0.0,2.0,65.0,0.0,5.666666666666667,4.0,28.0,0.0,0.8333333333333339,50.0,1.5,1.0,2,13,217.054,0
2022,4,Emilia Romagna Grand Prix,imola,ocon,OCO,alpine,16,14,0.0,+1 Lap,0,0,19,0,7.0,20.0,0.0,5.0,22.0,0.0,6.666666666666667,6.6,20.0,0.0,-3.666666666666667,14.0,14.0,0.0,2,18,215.814,0
2022,4,Emilia Romagna Grand Prix,imola,zhou,ZHO,alfa,0,15,0.0,+1 Lap,0,0,14,0,16.0,1.0,0.0,6.0,13.0,0.0,10.666666666666666,10.666666666666666,1.0,0.0,0.5,14.0,10.0,0.0,2,11,217.41,0
2022,4,Emilia Romagna Grand Prix,imola,latifi,LAT,williams,19,16,0.0,+1 Lap,0,0,18,0,19.0,0.0,0.0,9.0,1.0,0.0,16.666666666666668,15.6,0.0,0.4,2.166666666666668,1.0,15.5,0.0,2,12,217.271,0
2022,4,Emilia Romagna Grand Prix,imola,mick_schumacher,MSC,haas,10,17,0.0,+1 Lap,0,0,12,0,18.0,0.0,0.0,7.0,12.0,0.0,14.666666666666666,15.6,0.0,0.4,2.666666666666666,4.0,16.0,0.0,2,4,223.704,0
2022,4,Emilia Romagna Grand Prix,imola,ricciardo,RIC,mclaren,6,18,0.0,+1 Lap,0,0,6,0,11.0,8.0,0.0,4.0,24.0,0.0,12.333333333333334,10.8,8.0,0.2,1.6666666666666679,39.0,4.5,0.5,2,14,216.634,0
2022,4,Emilia Romagna Grand Prix,imola,alonso,ALO,alpine,9,19,0.0,Collision damage,0,1,5,0,14.0,2.0,0.0,5.0,22.0,0.0,14.0,12.6,2.0,0.2,3.666666666666666,14.0,10.0,0.0,2,19,177.282,0
2022,4,Emilia Romagna Grand Prix,imola,sainz,SAI,ferrari,4,20,0.0,Collision,0,1,10,0,3.0,33.0,0.0,1.0,104.0,2.0,8.333333333333334,7.2,33.0,0.2,3.500000000000001,68.0,6.0,0.0,2,10,207.043,0
2022,5,Miami Grand Prix,miami,max_verstappen,VER,red_bull,3,1,26.0,Finished,1,0,3,0,2.0,51.0,2.0,2.0,99.0,2.0,6.666666666666667,8.0,51.0,0.4,2.0,100.0,10.0,0.0,1,1,213.255,0
2022,5,Miami Grand Prix,miami,leclerc,LEC,ferrari,1,2,18.0,Finished,1,0,1,1,1.0,79.0,2.0,1.0,112.0,2.0,3.0,4.0,53.0,0.0,-5.666666666666666,67.0,10.0,0.0,1,2,212.959,0
2022,5,Miami Grand Prix,miami,sainz,SAI,ferrari,2,3,15.0,Finished,1,0,2,1,5.0,33.0,0.0,1.0,112.0,2.0,14.333333333333334,9.6,15.0,0.4,5.666666666666668,67.0,10.0,0.0,1,3,212.258,0
2022,5,Miami Grand Prix,miami,perez,PER,red_bull,4,4,12.0,Finished,0,0,4,0,4.0,48.0,0.0,2.0,99.0,2.0,2.6666666666666665,8.2,48.0,0.4,-2.0000000000000004,100.0,10.0,0.0,2,4,212.191,0
2022,5,Miami Grand Prix,miami,russell,RUS,mercedes,12,5,10.0,Finished,0,0,12,0,3.0,49.0,0.0,3.0,77.0,0.0,4.0,6.8,37.0,0.2,-2.5,57.0,10.0,0.0,1,5,211.325,0
2022,5,Miami Grand Prix,miami,hamilton,HAM,mercedes,6,6,8.0,Finished,0,0,6,0,7.0,28.0,0.0,3.0,77.0,0.0,9.0,6.4,13.0,0.0,2.5,57.0,10.0,0.0,1,7,209.629,0
2022,5,Miami Grand Prix,miami,bottas,BOT,alfa,5,7,6.0,Finished,0,0,5,0,8.0,22.0,0.0,5.0,23.0,0.0,9.333333333333334,8.0,14.0,0.2,-1.5,20.0,10.0,0.0,1,10,209.083,0
2022,5,Miami Grand Prix,miami,ocon,OCO,alpine,20,8,4.0,Finished,0,0,20,0,9.0,20.0,0.0,6.0,22.0,0.0,9.0,8.6,14.0,0.0,-4.166666666666666,10.0,10.0,0.0,1,9,209.13,0
2022,5,Miami Grand Prix,miami,albon,ALB,williams,18,9,2.0,Finished,0,0,18,0,16.0,1.0,0.0,10.0,1.0,0.0,11.666666666666666,10.4,1.0,0.2,-2.5,3.0,10.0,0.0,1,15,208.494,0
2022,5,Miami Grand Prix,miami,stroll,STR,aston_martin,0,10,1.0,Finished,0,0,10,0,17.0,1.0,0.0,9.0,5.0,0.0,11.666666666666666,12.0,1.0,0.0,-0.6666666666666679,6.0,10.0,0.0,1,12,208.796,0
2022,5,Miami Grand Prix,miami,alonso,ALO,alpine,11,11,0.0,Finished,0,0,11,0,15.0,2.0,0.0,6.0,22.0,0.0,17.333333333333332,13.8,0.0,0.4,4.166666666666666,10.0,10.0,0.0,1,13,208.753,0
2022,5,Miami Grand Prix,miami,tsunoda,TSU,alphatauri,9,12,0.0,Finished,0,0,9,0,11.0,10.0,0.0,7.0,16.0,0.0,13.666666666666666,10.6,6.0,0.2,2.0,8.0,10.0,0.0,2,8,209.417,0
2022,5,Miami Grand Prix,miami,ricciardo,RIC,mclaren,14,13,0.0,Finished,0,0,14,0,12.0,8.0,0.0,4.0,39.0,0.0,13.666666666666666,13.4,8.0,0.2,4.333333333333332,33.0,10.0,0.0,2,11,208.901,0
2022,5,Miami Grand Prix,miami,latifi,LAT,williams,19,14,0.0,Finished,0,0,19,0,21.0,0.0,0.0,10.0,1.0,0.0,16.666666666666668,16.4,0.0,0.4,2.5000000000000018,3.0,10.0,0.0,1,18,206.896,0
2022,5,Miami Grand Prix,miami,mick_schumacher,MSC,haas,15,15,0.0,Finished,0,0,15,0,19.0,0.0,0.0,8.0,14.0,0.0,16.666666666666668,15.0,0.0,0.2,3.0000000000000018,2.0,10.0,0.0,2,6,210.565,0
2022,5,Miami Grand Prix,miami,kevin_magnussen,MAG,haas,16,16,0.0,Front wing,0,1,16,0,10.0,14.0,0.0,8.0,14.0,0.0,10.666666666666666,11.0,4.0,0.0,-3.0,2.0,10.0,0.0,2,17,208.351,0
2022,5,Miami Grand Prix,miami,vettel,VET,aston_martin,0,17,0.0,Collision,0,1,13,0,14.0,4.0,0.0,9.0,5.0,0.0,12.666666666666666,12.8,4.0,0.4,0.33333333333333215,6.0,10.0,0.0,1,16,208.423,0
2022,5,Miami Grand Prix,miami,gasly,GAS,alphatauri,7,18,0.0,Suspension,0,1,7,0,13.0,6.0,0.0,7.0,16.0,0.0,9.666666666666666,10.8,6.0,0.2,-2.0,8.0,10.0,0.0,2,19,206.199,0
2022,5,Miami Grand Prix,miami,norris,NOR,mclaren,8,19,0.0,Collision,0,1,8,0,6.0,31.0,0.0,4.0,39.0,0.0,5.0,7.4,31.0,0.0,-4.333333333333334,33.0,10.0,0.0,1,14,208.575,0
2022,5,Miami Grand Prix,miami,zhou,ZHO,alfa,17,20,0.0,Water leak,0,1,17,0,18.0,1.0,0.0,5.0,23.0,0.0,12.333333333333334,11.75,0.0,0.0,1.5,20.0,10.0,0.0,2,20,203.52,0
2022,6,Spanish Grand Prix,catalunya,max_verstappen,VER,red_bull,2,1,25.0,Finished,1,0,2,1,2.0,77.0,3.0,2.0,137.0,3.0,6.666666666666667,8.0,52.0,0.4,2.0,126.0,2.3333333333333335,1.0,3,4,196.943,0
2022,6,Spanish Grand Prix,catalunya,perez,PER,red_bull,5,2,19.0,Finished,1,0,5,0,3.0,60.0,0.0,2.0,137.0,3.0,2.6666666666666665,6.0,48.0,0.2,-2.0000000000000004,126.0,8.333333333333334,0.0,3,1,200.099,0
2022,6,Spanish Grand Prix,catalunya,russell,RUS,mercedes,4,3,15.0,Finished,1,0,4,0,4.0,59.0,0.0,3.0,95.0,0.0,4.0,4.2,37.0,0.0,-1.833333333333333,55.0,16.0,0.0,3,3,198.851,0
2022,6,Spanish Grand Prix,catalunya,sainz,SAI,ferrari,3,4,12.0,Finished,0,0,3,0,5.0,48.0,0.0,1.0,145.0,2.0,14.333333333333334,9.6,15.0,0.4,5.666666666666668,53.0,7.0,0.0,3,7,195.731,1
2022,6,Spanish Grand Prix,catalunya,hamilton,HAM,mercedes,6,5,10.0,Finished,0,0,6,0,6.0,36.0,0.0,3.0,95.0,0.0,7.666666666666667,7.2,20.0,0.0,1.833333333333334,55.0,1.0,1.0,3,2,199.755,0
2022,6,Spanish Grand Prix,catalunya,bottas,BOT,alfa,7,6,8.0,Finished,0,0,7,0,8.0,28.0,0.0,5.0,29.0,0.0,6.666666666666667,8.2,20.0,0.2,-4.333333333333333,24.0,2.6666666666666665,1.0,2,8,194.802,0
2022,6,Spanish Grand Prix,catalunya,ocon,OCO,alpine,12,7,6.0,Finished,0,0,12,0,9.0,24.0,0.0,6.0,26.0,0.0,9.666666666666666,8.4,10.0,0.0,-3.0,12.0,11.0,0.0,3,6,195.845,0
2022,6,Spanish Grand Prix,catalunya,norris,NOR,mclaren,11,8,4.0,Finished,0,0,11,0,7.0,31.0,0.0,4.0,39.0,0.0,9.0,9.8,25.0,0.2,-1.666666666666666,19.0,12.666666666666666,0.0,3,5,196.568,0
2022,6,Spanish Grand Prix,catalunya,alonso,ALO,alpine,20,9,2.0,+1 Lap,0,0,17,0,16.0,2.0,0.0,6.0,26.0,0.0,15.666666666666666,14.4,0.0,0.4,3.0,12.0,17.0,0.0,3,9,194.344,1
2022,6,Spanish Grand Prix,catalunya,tsunoda,TSU,alphatauri,13,10,1.0,+1 Lap,0,0,13,0,11.0,10.0,0.0,7.0,16.0,0.0,11.333333333333334,12.2,6.0,0.2,-0.8333333333333321,7.0,20.0,0.0,3,10,193.831,0
2022,6,Spanish Grand Prix,catalunya,vettel,VET,aston_martin,16,11,0.0,+1 Lap,0,0,16,0,14.0,4.0,0.0,9.0,6.0,0.0,14.666666666666666,14.2,4.0,0.6,2.0,6.0,8.0,0.0,2,18,192.059,0
2022,6,Spanish Grand Prix,catalunya,ricciardo,RIC,mclaren,9,12,0.0,+1 Lap,0,0,9,0,12.0,8.0,0.0,4.0,39.0,0.0,12.333333333333334,13.6,8.0,0.2,1.6666666666666679,19.0,9.666666666666666,0.0,3,15,192.816,0
2022,6,Spanish Grand Prix,catalunya,gasly,GAS,alphatauri,14,13,0.0,+1 Lap,0,0,14,0,13.0,6.0,0.0,7.0,16.0,0.0,13.0,13.4,2.0,0.4,0.8333333333333339,7.0,8.333333333333334,0.0,3,12,193.477,0
2022,6,Spanish Grand Prix,catalunya,mick_schumacher,MSC,haas,10,14,0.0,+1 Lap,0,0,10,0,19.0,0.0,0.0,8.0,14.0,0.0,15.0,15.2,0.0,0.2,1.0,2.0,18.0,0.0,2,16,192.459,0
2022,6,Spanish Grand Prix,catalunya,stroll,STR,aston_martin,17,15,0.0,+1 Lap,0,0,18,0,17.0,2.0,0.0,9.0,6.0,0.0,10.666666666666666,11.4,2.0,0.0,-2.0,6.0,11.333333333333334,0.0,3,11,193.724,0
2022,6,Spanish Grand Prix,catalunya,latifi,LAT,williams,19,16,0.0,+2 Laps,0,0,20,0,21.0,0.0,0.0,10.0,3.0,0.0,15.333333333333334,16.0,0.0,0.2,2.666666666666668,2.0,17.0,0.0,3,14,192.902,0
2022,6,Spanish Grand Prix,catalunya,kevin_magnussen,MAG,haas,8,17,0.0,+2 Laps,0,0,8,0,10.0,14.0,0.0,8.0,14.0,0.0,13.0,10.6,2.0,0.2,-1.0,2.0,11.0,0.0,2,17,192.261,0
2022,6,Spanish Grand Prix,catalunya,albon,ALB,williams,18,18,0.0,+2 Laps,0,0,19,0,15.0,3.0,0.0,10.0,3.0,0.0,10.0,11.4,3.0,0.2,-2.666666666666666,2.0,9.5,0.0,4,19,190.641,0
2022,6,Spanish Grand Prix,catalunya,zhou,ZHO,alfa,15,19,0.0,Power loss,0,1,15,0,18.0,1.0,0.0,5.0,29.0,0.0,15.333333333333334,13.4,0.0,0.2,4.333333333333334,24.0,10.0,0.0,1,20,190.352,0
2022,6,Spanish Grand Prix,catalunya,leclerc,LEC,ferrari,1,20,0.0,Turbo,0,1,1,1,1.0,97.0,2.0,1.0,145.0,2.0,3.0,2.4,52.0,0.0,-5.666666666666666,53.0,9.666666666666666,0.0,1,13,193.381,0
2022,7,Monaco Grand Prix,monaco,perez,PER,red_bull,3,1,25.0,Finished,1,0,3,0,3.0,79.0,0.0,1.0,181.0,4.0,2.6666666666666665,2.8,49.0,0.0,0.8333333333333333,122.0,8.0,0.0,2,4,158.01,0
2022,7,Monaco Grand Prix,monaco,sainz,SAI,ferrari,2,2,18.0,Finished,1,0,2,1,5.0,60.0,0.0,2.0,157.0,2.0,9.0,10.0,27.0,0.4,-0.16666666666666607,75.0,4.0,0.5,2,7,157.197,0
2022,7,Monaco Grand Prix,monaco,max_verstappen,VER,red_bull,4,3,15.0,Finished,1,0,4,0,1.0,102.0,4.0,1.0,181.0,4.0,1.0,4.4,77.0,0.2,-0.8333333333333333,122.0,2.5,0.5,2,5,157.96,0
2022,7,Monaco Grand Prix,monaco,leclerc,LEC,ferrari,1,4,12.0,Finished,0,0,1,1,2.0,97.0,2.0,2.0,157.0,2.0,9.333333333333334,6.2,26.0,0.2,0.16666666666666785,75.0,20.0,0.0,2,6,157.552,1
2022,7,Monaco Grand Prix,monaco,russell,RUS,mercedes,6,5,10.0,Finished,0,0,6,0,4.0,74.0,0.0,3.0,120.0,0.0,4.0,4.0,37.0,0.0,-2.0,57.0,14.5,0.0,2,8,156.36,0
2022,7,Monaco Grand Prix,monaco,norris,NOR,mclaren,5,6,9.0,Finished,0,0,5,0,8.0,35.0,0.0,4.0,43.0,0.0,10.0,8.4,19.0,0.2,-2.166666666666666,13.0,7.0,0.5,2,1,160.834,0
2022,7,Monaco Grand Prix,monaco,alonso,ALO,alpine,7,7,6.0,Finished,0,0,7,0,15.0,4.0,0.0,6.0,34.0,0.0,13.0,14.4,2.0,0.4,1.666666666666666,18.0,13.0,0.0,2,3,158.314,0
2022,7,Monaco Grand Prix,monaco,hamilton,HAM,mercedes,8,8,4.0,Finished,0,0,8,0,6.0,46.0,0.0,3.0,120.0,0.0,8.0,7.6,18.0,0.0,2.0,57.0,4.0,0.5,2,9,155.605,0
2022,7,Monaco Grand Prix,monaco,bottas,BOT,alfa,12,9,2.0,Finished,0,0,12,0,7.0,36.0,0.0,5.0,37.0,0.0,6.0,8.2,24.0,0.2,-6.0,16.0,11.0,0.5,2,14,154.809,0
2022,7,Monaco Grand Prix,monaco,vettel,VET,aston_martin,9,10,1.0,Finished,0,0,9,0,14.0,4.0,0.0,9.0,6.0,0.0,12.0,13.2,4.0,0.4,0.16666666666666607,2.0,3.5,0.5,2,12,154.893,0
2022,7,Monaco Grand Prix,monaco,gasly,GAS,alphatauri,17,11,0.0,Finished,0,0,17,0,13.0,6.0,0.0,7.0,17.0,0.0,14.333333333333334,12.0,0.0,0.2,2.333333333333334,1.0,5.5,0.0,2,10,155.321,0
2022,7,Monaco Grand Prix,monaco,ocon,OCO,alpine,10,12,0.0,Finished,0,0,10,0,9.0,30.0,0.0,6.0,34.0,0.0,9.666666666666666,8.4,10.0,0.0,-1.6666666666666679,18.0,9.0,0.0,2,13,154.867,0
2022,7,Monaco Grand Prix,monaco,ricciardo,RIC,mclaren,14,13,0.0,Finished,0,0,14,0,12.0,8.0,0.0,4.0,43.0,0.0,14.333333333333334,13.2,0.0,0.2,2.166666666666668,13.0,10.5,0.0,2,11,154.945,0
2022,7,Monaco Grand Prix,monaco,stroll,STR,aston_martin,18,14,0.0,Finished,0,0,18,0,17.0,2.0,0.0,9.0,6.0,0.0,11.666666666666666,12.0,2.0,0.0,-0.16666666666666785,2.0,12.0,0.0,2,15,154.665,0
2022,7,Monaco Grand Prix,monaco,latifi,LAT,williams,19,15,0.0,+1 Lap,0,0,19,0,21.0,0.0,0.0,10.0,3.0,0.0,15.333333333333334,16.0,0.0,0.2,1.333333333333334,2.0,15.0,0.0,2,18,152.88,0
2022,7,Monaco Grand Prix,monaco,zhou,ZHO,alfa,20,16,0.0,+1 Lap,0,0,20,0,18.0,1.0,0.0,5.0,37.0,0.0,18.0,15.2,0.0,0.4,6.0,16.0,10.0,0.0,2,17,153.621,0
2022,7,Monaco Grand Prix,monaco,tsunoda,TSU,alphatauri,11,17,0.0,+1 Lap,0,0,11,0,11.0,11.0,0.0,7.0,17.0,0.0,9.666666666666666,12.6,7.0,0.2,-2.333333333333334,1.0,16.0,0.0,2,2,159.465,0
2022,7,Monaco Grand Prix,monaco,albon,ALB,williams,16,18,0.0,Mechanical,0,1,16,0,16.0,3.0,0.0,10.0,3.0,0.0,12.666666666666666,12.4,2.0,0.2,-1.333333333333334,2.0,8.0,0.0,2,16,153.969,0
2022,7,Monaco Grand Prix,monaco,mick_schumacher,MSC,haas,15,19,0.0,Accident,0,1,15,0,19.0,0.0,0.0,8.0,14.0,0.0,15.333333333333334,15.8,0.0,0.2,0.6666666666666679,0.0,18.0,0.0,2,19,141.701,0
2022,7,Monaco Grand Prix,monaco,kevin_magnussen,MAG,haas,13,20,0.0,Water pressure,0,1,13,0,10.0,14.0,0.0,8.0,14.0,0.0,14.0,13.0,2.0,0.2,-0.6666666666666661,0.0,14.0,0.0,2,20,128.135,0
2022,8,Azerbaijan Grand Prix,baku,max_verstappen,VER,red_bull,3,1,25.0,Finished,1,0,3,0,1.0,117.0,4.0,1.0,221.0,5.0,1.6666666666666667,4.8,66.0,0.2,-0.33333333333333326,128.0,11.0,0.0,2,2,203.779,0
2022,8,Azerbaijan Grand Prix,baku,perez,PER,red_bull,2,2,19.0,Finished,1,0,2,1,3.0,104.0,1.0,1.0,221.0,5.0,2.3333333333333335,2.2,56.0,0.0,0.3333333333333335,128.0,3.5,0.5,2,1,203.787,0
2022,8,Azerbaijan Grand Prix,baku,russell,RUS,mercedes,5,3,15.0,Finished,1,0,5,0,4.0,84.0,0.0,3.0,134.0,0.0,4.333333333333333,4.0,35.0,0.0,-1.0,66.0,16.0,0.0,2,4,201.636,0
2022,8,Azerbaijan Grand Prix,baku,hamilton,HAM,mercedes,7,4,12.0,Finished,0,0,7,0,6.0,50.0,0.0,3.0,134.0,0.0,6.333333333333333,7.2,22.0,0.0,1.0,66.0,8.5,0.5,2,3,201.887,0
2022,8,Azerbaijan Grand Prix,baku,gasly,GAS,alphatauri,6,5,10.0,Finished,0,0,6,0,14.0,6.0,0.0,7.0,17.0,0.0,14.0,12.6,0.0,0.2,0.5,11.0,10.0,0.5,1,16,199.143,0
2022,8,Azerbaijan Grand Prix,baku,vettel,VET,aston_martin,9,6,8.0,Finished,0,0,9,0,15.0,5.0,0.0,9.0,7.0,0.0,12.666666666666666,13.0,1.0,0.4,-0.16666666666666785,9.0,2.5,1.0,1,12,199.719,0
2022,8,Azerbaijan Grand Prix,baku,alonso,ALO,alpine,10,7,6.0,Finished,0,0,10,0,12.0,10.0,0.0,5.0,40.0,0.0,9.0,12.6,8.0,0.2,0.0,21.0,6.0,0.0,1,8,200.12,0
2022,8,Azerbaijan Grand Prix,baku,ricciardo,RIC,mclaren,12,8,4.0,Finished,0,0,12,0,13.0,8.0,0.0,4.0,52.0,0.0,12.666666666666666,12.4,0.0,0.0,0.8333333333333321,19.0,14.5,0.0,1,13,199.589,0
2022,8,Azerbaijan Grand Prix,baku,norris,NOR,mclaren,11,9,2.0,Finished,0,0,11,0,7.0,44.0,0.0,4.0,52.0,0.0,11.0,8.2,13.0,0.2,-0.8333333333333339,19.0,6.5,0.0,1,9,200.105,0
2022,8,Azerbaijan Grand Prix,baku,ocon,OCO,alpine,13,10,1.0,Finished,0,0,13,0,9.0,30.0,0.0,5.0,40.0,0.0,9.0,9.6,10.0,0.0,0.0,21.0,20.0,0.0,1,14,199.551,0
2022,8,Azerbaijan Grand Prix,baku,bottas,BOT,alfa,15,11,0.0,+1 Lap,0,0,15,0,8.0,38.0,0.0,6.0,39.0,0.0,7.333333333333333,7.0,16.0,0.0,-5.500000000000001,10.0,6.5,0.5,1,11,199.768,0
2022,8,Azerbaijan Grand Prix,baku,albon,ALB,williams,17,12,0.0,+1 Lap,0,0,17,0,16.0,3.0,0.0,10.0,3.0,0.0,15.0,13.2,2.0,0.2,0.0,0.0,11.0,0.0,2,7,200.163,0
2022,8,Azerbaijan Grand Prix,baku,tsunoda,TSU,alphatauri,8,13,0.0,+1 Lap,0,0,8,0,11.0,11.0,0.0,7.0,17.0,0.0,13.0,12.2,1.0,0.0,-0.5,11.0,7.0,0.0,2,5,200.987,0
2022,8,Azerbaijan Grand Prix,baku,mick_schumacher,MSC,haas,20,14,0.0,+1 Lap,0,0,20,0,19.0,0.0,0.0,8.0,14.0,0.0,16.0,15.6,0.0,0.2,-0.8333333333333321,0.0,13.0,0.0,2,15,199.343,0
2022,8,Azerbaijan Grand Prix,baku,latifi,LAT,williams,18,15,0.0,+1 Lap,0,0,18,0,21.0,0.0,0.0,10.0,3.0,0.0,15.0,15.4,0.0,0.0,0.0,0.0,16.0,0.0,2,20,197.209,0
2022,8,Azerbaijan Grand Prix,baku,stroll,STR,aston_martin,19,16,0.0,Vibrations,0,1,19,0,17.0,2.0,0.0,9.0,7.0,0.0,13.0,12.2,1.0,0.0,0.16666666666666607,9.0,14.0,0.0,1,10,200.029,0
2022,8,Azerbaijan Grand Prix,baku,kevin_magnussen,MAG,haas,16,17,0.0,Power Unit,0,1,16,0,10.0,14.0,0.0,8.0,14.0,0.0,17.666666666666668,15.2,0.0,0.4,0.8333333333333357,0.0,13.0,0.0,1,18,198.648,0
2022,8,Azerbaijan Grand Prix,baku,zhou,ZHO,alfa,14,18,0.0,Hydraulics,0,1,14,0,18.0,1.0,0.0,6.0,39.0,0.0,18.333333333333332,16.2,0.0,0.4,5.499999999999998,10.0,10.0,0.0,1,17,198.769,0
2022,8,Azerbaijan Grand Prix,baku,leclerc,LEC,ferrari,1,19,0.0,Power Unit,0,1,1,1,2.0,109.0,2.0,2.0,187.0,2.0,8.666666666666666,6.6,30.0,0.2,2.833333333333333,42.0,4.5,0.0,1,6,200.972,0
2022,8,Azerbaijan Grand Prix,baku,sainz,SAI,ferrari,4,20,0.0,Hydraulics,0,1,4,0,5.0,78.0,0.0,2.0,187.0,2.0,3.0,9.8,45.0,0.4,-2.833333333333333,42.0,7.5,0.0,2,19,198.304,0
2022,9,Canadian Grand Prix,villeneuve,max_verstappen,VER,red_bull,1,1,25.0,Finished,1,0,1,1,1.0,142.0,5.0,1.0,265.0,6.0,1.6666666666666667,1.4,65.0,0.0,0.0,109.0,5.0,0.0,2,2,207.012,0
2022,9,Canadian Grand Prix,villeneuve,sainz,SAI,ferrari,3,2,19.0,Finished,1,0,3,0,5.0,78.0,0.0,2.0,187.0,2.0,8.666666666666666,9.8,30.0,0.4,-2.833333333333334,59.0,11.0,0.0,2,1,207.258,0
2022,9,Canadian Grand Prix,villeneuve,hamilton,HAM,mercedes,4,3,15.0,Finished,1,0,4,0,6.0,62.0,0.0,3.0,161.0,0.0,5.666666666666667,7.2,26.0,0.0,1.0,68.0,1.0,1.0,2,4,206.12,0
2022,9,Canadian Grand Prix,villeneuve,russell,RUS,mercedes,8,4,12.0,Finished,0,0,8,0,4.0,99.0,0.0,3.0,161.0,0.0,3.6666666666666665,4.0,40.0,0.0,-1.0000000000000004,68.0,16.0,0.0,2,5,205.443,0
2022,9,Canadian Grand Prix,villeneuve,leclerc,LEC,ferrari,19,5,10.0,Finished,0,0,15,0,3.0,109.0,2.0,2.0,187.0,2.0,14.333333333333334,10.2,12.0,0.4,2.833333333333334,59.0,3.0,1.0,1,3,206.843,0
2022,9,Canadian Grand Prix,villeneuve,ocon,OCO,alpine,7,6,8.0,Finished,0,0,7,0,9.0,31.0,0.0,5.0,47.0,0.0,9.666666666666666,10.2,7.0,0.0,1.0,23.0,10.0,0.0,2,9,203.6,0
2022,9,Canadian Grand Prix,villeneuve,bottas,BOT,alfa,11,7,6.0,Finished,0,0,11,0,8.0,38.0,0.0,6.0,39.0,0.0,8.666666666666666,7.6,10.0,0.0,-4.5,12.0,4.0,0.0,1,8,203.864,0
2022,9,Canadian Grand Prix,villeneuve,zhou,ZHO,alfa,10,8,4.0,Finished,0,0,10,0,18.0,1.0,0.0,6.0,39.0,0.0,17.666666666666668,17.6,0.0,0.6,4.500000000000002,12.0,10.0,0.0,2,7,204.084,0
2022,9,Canadian Grand Prix,villeneuve,alonso,ALO,alpine,2,9,2.0,Finished,0,0,2,1,10.0,16.0,0.0,5.0,47.0,0.0,7.666666666666667,10.6,14.0,0.2,-0.9999999999999991,23.0,10.0,0.0,2,6,205.014,0
2022,9,Canadian Grand Prix,villeneuve,stroll,STR,aston_martin,17,10,1.0,Finished,0,0,18,0,17.0,2.0,0.0,8.0,15.0,0.0,15.0,13.0,0.0,0.2,3.0,10.0,9.0,0.0,1,10,202.782,1
2022,9,Canadian Grand Prix,villeneuve,ricciardo,RIC,mclaren,9,11,0.0,Finished,0,0,9,0,14.0,12.0,0.0,4.0,58.0,0.0,11.0,12.8,4.0,0.0,1.666666666666666,15.0,6.0,0.0,2,13,201.452,0
2022,9,Canadian Grand Prix,villeneuve,vettel,VET,aston_martin,16,12,0.0,Finished,0,0,17,0,13.0,13.0,0.0,8.0,15.0,0.0,9.0,10.4,9.0,0.2,-3.0,10.0,2.0,1.0,2,15,201.39,0
2022,9,Canadian Grand Prix,villeneuve,albon,ALB,williams,12,13,0.0,Finished,0,0,12,0,16.0,3.0,0.0,10.0,3.0,0.0,16.0,13.6,0.0,0.2,0.3333333333333339,0.0,19.0,0.0,2,14,201.403,0
2022,9,Canadian Grand Prix,villeneuve,gasly,GAS,alphatauri,15,14,0.0,Finished,0,0,16,0,11.0,16.0,0.0,7.0,27.0,0.0,9.666666666666666,11.8,10.0,0.2,-1.833333333333334,10.0,8.0,0.0,2,12,201.768,0
2022,9,Canadian Grand Prix,villeneuve,norris,NOR,mclaren,14,15,0.0,Finished,0,0,14,0,7.0,46.0,0.0,4.0,58.0,0.0,7.666666666666667,9.0,15.0,0.2,-1.666666666666667,15.0,20.0,0.0,2,11,202.588,0
2022,9,Canadian Grand Prix,villeneuve,latifi,LAT,williams,18,16,0.0,Finished,0,0,19,0,21.0,0.0,0.0,10.0,3.0,0.0,15.333333333333334,15.2,0.0,0.0,-0.33333333333333215,0.0,10.0,0.0,2,18,199.893,0
2022,9,Canadian Grand Prix,villeneuve,kevin_magnussen,MAG,haas,5,17,0.0,Finished,0,0,5,0,12.0,14.0,0.0,9.0,14.0,0.0,18.0,15.8,0.0,0.6,1.1666666666666679,0.0,17.0,0.0,1,16,201.158,0
2022,9,Canadian Grand Prix,villeneuve,tsunoda,TSU,alphatauri,20,18,0.0,Accident,0,1,20,0,15.0,11.0,0.0,7.0,27.0,0.0,13.333333333333334,11.8,1.0,0.0,1.833333333333334,10.0,10.0,0.0,2,17,200.482,0
2022,9,Canadian Grand Prix,villeneuve,mick_schumacher,MSC,haas,6,19,0.0,Engine,0,1,6,0,19.0,0.0,0.0,9.0,14.0,0.0,15.666666666666666,15.8,0.0,0.2,-1.166666666666666,0.0,10.0,0.0,2,20,198.812,0
2022,9,Canadian Grand Prix,villeneuve,perez,PER,red_bull,13,20,0.0,Gearbox,0,1,13,0,2.0,123.0,1.0,1.0,265.0,6.0,1.6666666666666667,2.2,63.0,0.0,0.0,109.0,12.0,0.0,2,19,199.122,0
2022,10,British Grand Prix,silverstone,sainz,SAI,ferrari,1,1,25.0,Finished,1,0,1,1,5.0,97.0,0.0,2.0,216.0,2.0,8.0,6.2,37.0,0.2,-0.6666666666666661,66.0,9.5,0.0,2,2,233.53,0
2022,10,British Grand Prix,silverstone,perez,PER,red_bull,4,2,18.0,Finished,1,0,4,0,2.0,123.0,1.0,1.0,290.0,7.0,7.666666666666667,5.8,44.0,0.2,3.0,93.0,16.5,0.0,2,3,233.212,0
2022,10,British Grand Prix,silverstone,hamilton,HAM,mercedes,5,3,16.0,Finished,1,0,5,0,6.0,77.0,0.0,3.0,188.0,0.0,5.0,5.2,31.0,0.0,0.5,70.0,1.25,1.0,2,1,234.312,1
2022,10,British Grand Prix,silverstone,leclerc,LEC,ferrari,3,4,12.0,Finished,0,0,3,0,3.0,119.0,2.0,2.0,216.0,2.0,9.333333333333334,10.0,22.0,0.4,0.6666666666666679,66.0,3.0,0.75,2,4,232.33,0
2022,10,British Grand Prix,silverstone,alonso,ALO,alpine,7,5,10.0,Finished,0,0,7,0,10.0,18.0,0.0,5.0,57.0,0.0,7.666666666666667,8.6,14.0,0.0,-0.833333333333333,27.0,7.0,0.0,2,5,231.501,0
2022,10,British Grand Prix,silverstone,norris,NOR,mclaren,6,6,8.0,Finished,0,0,6,0,7.0,46.0,0.0,4.0,58.0,0.0,10.0,11.4,11.0,0.2,-0.3333333333333339,14.0,7.25,0.0,2,6,231.41,1
2022,10,British Grand Prix,silverstone,max_verstappen,VER,red_bull,2,7,6.0,Finished,0,0,2,1,1.0,167.0,6.0,1.0,290.0,7.0,1.6666666666666667,1.4,65.0,0.0,-3.0,93.0,7.0,0.5,2,8,229.633,0
2022,10,British Grand Prix,silverstone,mick_schumacher,MSC,haas,19,8,4.0,Finished,0,0,19,0,19.0,0.0,0.0,9.0,14.0,0.0,17.333333333333332,16.2,0.0,0.4,-0.3333333333333357,5.0,18.0,0.0,2,7,230.244,0
2022,10,British Grand Prix,silverstone,vettel,VET,aston_martin,18,9,2.0,Finished,0,0,18,0,13.0,13.0,0.0,8.0,16.0,0.0,9.333333333333334,11.2,9.0,0.2,-2.0,11.0,14.25,0.0,2,10,229.343,0
2022,10,British Grand Prix,silverstone,kevin_magnussen,MAG,haas,17,10,1.0,Finished,0,0,17,0,12.0,14.0,0.0,9.0,14.0,0.0,18.0,17.4,0.0,0.6,0.33333333333333215,5.0,19.666666666666668,0.0,2,12,228.872,0
2022,10,British Grand Prix,silverstone,stroll,STR,aston_martin,20,11,0.0,Finished,0,0,20,0,18.0,3.0,0.0,8.0,16.0,0.0,13.333333333333334,13.0,1.0,0.2,2.0,11.0,9.0,0.0,2,9,229.571,0
2022,10,British Grand Prix,silverstone,latifi,LAT,williams,10,12,0.0,Finished,0,0,10,0,21.0,0.0,0.0,10.0,3.0,0.0,15.333333333333334,15.2,0.0,0.0,0.5,0.0,16.0,0.0,2,13,227.339,0
2022,10,British Grand Prix,silverstone,ricciardo,RIC,mclaren,14,13,0.0,Finished,0,0,14,0,14.0,12.0,0.0,4.0,58.0,0.0,10.666666666666666,11.4,4.0,0.0,0.33333333333333215,14.0,7.5,0.0,2,11,228.914,0
2022,10,British Grand Prix,silverstone,tsunoda,TSU,alphatauri,13,14,0.0,Finished,0,0,13,0,15.0,11.0,0.0,7.0,27.0,0.0,16.0,14.0,0.0,0.2,3.0,10.0,10.0,0.0,2,15,226.016,0
2022,10,British Grand Prix,silverstone,ocon,OCO,alpine,15,15,0.0,Fuel pump,0,1,15,0,9.0,39.0,0.0,5.0,57.0,0.0,9.333333333333334,8.6,9.0,0.0,0.8333333333333339,27.0,7.666666666666667,0.0,2,14,226.729,0
2022,10,British Grand Prix,silverstone,gasly,GAS,alphatauri,11,16,0.0,Collision damage,0,1,11,0,11.0,16.0,0.0,7.0,27.0,0.0,10.0,12.2,10.0,0.2,-3.0,10.0,8.25,0.0,2,16,224.148,0
2022,10,British Grand Prix,silverstone,bottas,BOT,alfa,12,17,0.0,Gearbox,0,1,12,0,8.0,44.0,0.0,6.0,49.0,0.0,9.0,8.0,8.0,0.0,-2.5,10.0,4.75,0.75,2,17,222.996,0
2022,10,British Grand Prix,silverstone,russell,RUS,mercedes,8,18,0.0,Collision,0,1,8,0,4.0,111.0,0.0,3.0,188.0,0.0,4.0,4.0,37.0,0.0,-0.5,70.0,14.0,0.0,2,10,207.043,1
2022,10,British Grand Prix,silverstone,zhou,ZHO,alfa,9,19,0.0,Collision,0,1,9,0,16.0,5.0,0.0,6.0,49.0,0.0,14.0,16.2,4.0,0.6,2.5,10.0,10.0,0.0,2,10,207.043,0
2022,10,British Grand Prix,silverstone,albon,ALB,williams,16,20,0.0,Collision,0,1,16,0,17.0,3.0,0.0,10.0,3.0,0.0,14.333333333333334,14.0,0.0,0.2,-0.5,0.0,8.333333333333334,0.0,2,10,207.043,0
2022,11,Austrian Grand Prix,red_bull_ring,leclerc,LEC,ferrari,2,1,25.0,Finished,1,0,2,1,3.0,131.0,2.0,2.0,253.0,3.0,9.333333333333334,10.4,22.0,0.4,0.8333333333333339,91.0,7.6,0.4,3,2,230.01,0
2022,11,Austrian Grand Prix,red_bull_ring,max_verstappen,VER,red_bull,1,2,19.0,Finished,1,0,1,1,1.0,173.0,6.0,1.0,314.0,7.0,3.0,2.6,56.0,0.0,-2.5,68.0,5.2,0.8,3,1,231.063,0
2022,11,Austrian Grand Prix,red_bull_ring,hamilton,HAM,mercedes,8,3,15.0,Finished,1,0,9,0,6.0,93.0,0.0,3.0,204.0,0.0,3.3333333333333335,4.6,43.0,0.0,-2.4999999999999996,70.0,3.2,0.4,2,5,225.286,0
2022,11,Austrian Grand Prix,red_bull_ring,russell,RUS,mercedes,4,4,12.0,Finished,0,0,4,0,5.0,111.0,0.0,3.0,204.0,0.0,8.333333333333334,6.6,27.0,0.2,2.500000000000001,70.0,15.8,0.0,2,6,225.042,0
2022,11,Austrian Grand Prix,red_bull_ring,ocon,OCO,alpine,6,5,10.0,Finished,0,0,5,0,9.0,39.0,0.0,4.0,67.0,0.0,10.333333333333334,10.0,9.0,0.2,1.6666666666666679,31.0,15.0,0.0,2,10,223.476,0
2022,11,Austrian Grand Prix,red_bull_ring,mick_schumacher,MSC,haas,9,6,8.0,+1 Lap,0,0,7,0,17.0,4.0,0.0,8.0,19.0,0.0,13.666666666666666,14.8,4.0,0.4,-0.5,17.0,17.0,0.0,2,11,223.264,0
2022,11,Austrian Grand Prix,red_bull_ring,norris,NOR,mclaren,10,7,6.0,+1 Lap,0,0,15,0,7.0,54.0,0.0,5.0,66.0,0.0,10.0,8.8,10.0,0.0,-0.3333333333333339,16.0,4.4,0.4,2,8,224.298,0
2022,11,Austrian Grand Prix,red_bull_ring,kevin_magnussen,MAG,haas,7,8,4.0,+1 Lap,0,0,6,0,13.0,15.0,0.0,8.0,19.0,0.0,14.666666666666666,16.2,1.0,0.4,0.5,17.0,16.0,0.0,2,14,222.265,0
2022,11,Austrian Grand Prix,red_bull_ring,ricciardo,RIC,mclaren,11,9,2.0,+1 Lap,0,0,16,0,14.0,12.0,0.0,5.0,66.0,0.0,10.666666666666666,11.4,4.0,0.0,0.33333333333333215,16.0,11.8,0.0,2,13,222.309,0
2022,11,Austrian Grand Prix,red_bull_ring,alonso,ALO,alpine,19,10,1.0,+1 Lap,0,0,8,0,10.0,28.0,0.0,4.0,67.0,0.0,7.0,7.4,18.0,0.0,-1.666666666666666,31.0,9.5,0.0,3,3,226.739,0
2022,11,Austrian Grand Prix,red_bull_ring,bottas,BOT,alfa,0,11,0.0,+1 Lap,0,0,12,0,8.0,44.0,0.0,6.0,49.0,0.0,11.666666666666666,10.0,6.0,0.2,-1.6666666666666679,10.0,2.2,1.0,2,7,224.421,0
2022,11,Austrian Grand Prix,red_bull_ring,albon,ALB,williams,15,12,0.0,+1 Lap,0,0,11,0,18.0,3.0,0.0,10.0,3.0,0.0,15.0,16.2,0.0,0.4,0.3333333333333339,0.0,10.666666666666666,0.0,2,12,223.123,0
2022,11,Austrian Grand Prix,red_bull_ring,stroll,STR,aston_martin,12,13,0.0,+1 Lap,0,0,17,0,19.0,3.0,0.0,9.0,18.0,0.0,12.333333333333334,13.2,1.0,0.2,1.6666666666666679,3.0,12.0,0.0,2,17,221.916,0
2022,11,Austrian Grand Prix,red_bull_ring,zhou,ZHO,alfa,13,14,0.0,+1 Lap,0,0,18,0,16.0,5.0,0.0,6.0,49.0,0.0,15.0,16.0,4.0,0.6,1.666666666666666,10.0,10.0,0.0,2,9,224.053,0
2022,11,Austrian Grand Prix,red_bull_ring,gasly,GAS,alphatauri,14,15,0.0,+1 Lap,0,0,10,0,11.0,16.0,0.0,7.0,27.0,0.0,11.666666666666666,11.8,10.0,0.2,-1.6666666666666679,0.0,11.6,0.0,2,18,221.739,0
2022,11,Austrian Grand Prix,red_bull_ring,tsunoda,TSU,alphatauri,16,16,0.0,+1 Lap,0,0,14,0,15.0,11.0,0.0,7.0,27.0,0.0,15.0,14.4,0.0,0.2,1.666666666666666,0.0,11.0,0.0,2,16,221.995,0
2022,11,Austrian Grand Prix,red_bull_ring,vettel,VET,aston_martin,18,17,0.0,+1 Lap,0,0,20,0,12.0,15.0,0.0,9.0,18.0,0.0,9.0,9.6,10.0,0.0,-1.666666666666666,3.0,12.6,0.0,2,15,222.065,0
2022,11,Austrian Grand Prix,red_bull_ring,sainz,SAI,ferrari,3,18,0.0,Power Unit,0,1,3,0,4.0,122.0,1.0,2.0,253.0,3.0,7.666666666666667,5.8,44.0,0.2,-0.833333333333333,91.0,6.6,0.0,2,4,226.438,0
2022,11,Austrian Grand Prix,red_bull_ring,latifi,LAT,williams,17,19,0.0,Undertray,0,1,19,0,21.0,0.0,0.0,10.0,3.0,0.0,14.333333333333334,14.8,0.0,0.0,-0.33333333333333215,0.0,15.25,0.0,2,19,219.28,0
2022,11,Austrian Grand Prix,red_bull_ring,perez,PER,red_bull,5,20,0.0,Collision damage,0,1,13,0,2.0,141.0,1.0,1.0,314.0,7.0,8.0,5.4,37.0,0.2,2.5,68.0,6.6,0.0,1,20,216.371,0
2022,12,French Grand Prix,ricard,max_verstappen,VER,red_bull,2,1,25.0,Finished,1,0,2,1,1.0,192.0,6.0,1.0,333.0,7.0,3.3333333333333335,2.8,50.0,0.0,-5.333333333333332,80.0,2.5,0.5,2,2,215.724,0
2022,12,French Grand Prix,ricard,hamilton,HAM,mercedes,4,2,18.0,Finished,1,0,4,0,6.0,108.0,0.0,3.0,231.0,0.0,3.0,4.2,46.0,0.0,-2.833333333333333,76.0,1.5,1.0,2,4,215.333,0
2022,12,French Grand Prix,ricard,russell,RUS,mercedes,6,3,15.0,Finished,1,0,6,0,4.0,123.0,0.0,3.0,231.0,0.0,8.666666666666666,6.8,24.0,0.2,2.833333333333333,76.0,15.5,0.0,2,3,215.598,0
2022,12,French Grand Prix,ricard,perez,PER,red_bull,3,4,12.0,Finished,0,0,3,0,3.0,141.0,1.0,1.0,333.0,7.0,14.0,9.0,18.0,0.4,5.333333333333334,80.0,7.5,0.5,2,5,215.086,0
2022,12,French Grand Prix,ricard,sainz,SAI,ferrari,19,5,11.0,Finished,0,0,9,0,5.0,122.0,1.0,2.0,278.0,4.0,7.0,8.6,44.0,0.4,1.833333333333333,73.0,8.5,0.0,2,1,219.575,0
2022,12,French Grand Prix,ricard,alonso,ALO,alpine,7,6,8.0,Finished,0,0,7,0,10.0,29.0,0.0,4.0,78.0,0.0,8.0,7.6,13.0,0.0,-0.3333333333333339,33.0,8.0,0.0,2,8,214.254,0
2022,12,French Grand Prix,ricard,norris,NOR,mclaren,5,7,6.0,Finished,0,0,5,0,7.0,60.0,0.0,5.0,74.0,0.0,9.333333333333334,8.6,14.0,0.0,-0.8333333333333321,24.0,7.0,0.0,2,11,212.356,0
2022,12,French Grand Prix,ricard,ocon,OCO,alpine,10,8,4.0,Finished,0,0,12,0,8.0,49.0,0.0,4.0,78.0,0.0,8.666666666666666,9.6,18.0,0.2,0.33333333333333215,33.0,14.0,0.0,2,9,213.116,0
2022,12,French Grand Prix,ricard,ricciardo,RIC,mclaren,9,9,2.0,Finished,0,0,11,0,14.0,14.0,0.0,5.0,74.0,0.0,11.0,10.8,2.0,0.0,0.8333333333333339,24.0,8.5,0.0,2,14,212.151,0
2022,12,French Grand Prix,ricard,stroll,STR,aston_martin,15,10,1.0,Finished,0,0,17,0,19.0,3.0,0.0,9.0,18.0,0.0,11.333333333333334,12.8,1.0,0.2,-0.6666666666666661,3.0,11.5,0.0,2,15,212.04,0
2022,12,French Grand Prix,ricard,vettel,VET,aston_martin,12,11,0.0,Finished,0,0,14,0,13.0,15.0,0.0,9.0,18.0,0.0,12.666666666666666,10.8,2.0,0.0,0.6666666666666661,3.0,7.0,0.0,2,12,212.341,0
2022,12,French Grand Prix,ricard,gasly,GAS,alphatauri,14,12,0.0,Finished,0,0,16,0,12.0,16.0,0.0,8.0,27.0,0.0,15.0,12.2,0.0,0.2,-0.5,0.0,8.5,0.0,2,10,212.896,0
2022,12,French Grand Prix,ricard,albon,ALB,williams,13,13,0.0,Finished,0,0,15,0,18.0,3.0,0.0,10.0,3.0,0.0,15.0,15.0,0.0,0.4,-0.3333333333333339,0.0,15.0,0.0,2,16,212.01,0
2022,12,French Grand Prix,ricard,bottas,BOT,alfa,11,14,0.0,Finished,0,0,13,0,9.0,44.0,0.0,6.0,49.0,0.0,11.666666666666666,11.0,6.0,0.2,-1.0,0.0,3.0,0.5,2,6,214.685,0
2022,12,French Grand Prix,ricard,mick_schumacher,MSC,haas,17,15,0.0,Finished,0,0,19,0,15.0,12.0,0.0,7.0,31.0,0.0,11.0,13.2,12.0,0.4,-0.3333333333333339,17.0,19.0,0.0,2,13,212.29,0
2022,12,French Grand Prix,ricard,zhou,ZHO,alfa,16,16,0.0,+6 Laps,0,0,18,0,17.0,5.0,0.0,6.0,49.0,0.0,13.666666666666666,15.0,4.0,0.4,1.0,0.0,10.0,0.0,2,18,211.649,0
2022,12,French Grand Prix,ricard,latifi,LAT,williams,18,17,0.0,Collision damage,0,1,20,0,21.0,0.0,0.0,10.0,3.0,0.0,15.666666666666666,15.4,0.0,0.2,0.33333333333333215,0.0,18.0,0.0,2,19,211.05,0
2022,12,French Grand Prix,ricard,kevin_magnussen,MAG,haas,20,18,0.0,Collision damage,0,1,10,0,11.0,19.0,0.0,7.0,31.0,0.0,11.666666666666666,14.4,5.0,0.4,0.33333333333333215,17.0,17.0,0.0,2,17,211.869,0
2022,12,French Grand Prix,ricard,leclerc,LEC,ferrari,1,19,0.0,Accident,0,1,1,1,2.0,156.0,3.0,2.0,278.0,4.0,3.3333333333333335,6.6,47.0,0.2,-1.8333333333333335,73.0,9.5,0.5,2,7,214.411,0
2022,12,French Grand Prix,ricard,tsunoda,TSU,alphatauri,8,20,0.0,Undertray,0,1,8,0,16.0,11.0,0.0,8.0,27.0,0.0,16.0,15.6,0.0,0.2,0.5,0.0,13.0,0.0,2,20,209.858,0
2022,13,Hungarian Grand Prix,hungaroring,max_verstappen,VER,red_bull,10,1,25.0,Finished,1,0,10,0,1.0,217.0,7.0,1.0,370.0,8.0,3.3333333333333335,2.4,50.0,0.0,-2.6666666666666665,91.0,4.333333333333333,0.6666666666666666,2,6,192.041,0
2022,13,Hungarian Grand Prix,hungaroring,hamilton,HAM,mercedes,7,2,19.0,Finished,1,0,7,0,6.0,126.0,0.0,3.0,264.0,0.0,2.6666666666666665,3.0,49.0,0.0,-2.8333333333333335,94.0,1.3333333333333333,1.0,2,1,193.787,0
2022,13,Hungarian Grand Prix,hungaroring,russell,RUS,mercedes,1,3,15.0,Finished,1,0,1,1,4.0,138.0,0.0,3.0,264.0,0.0,8.333333333333334,6.4,27.0,0.2,2.833333333333334,94.0,14.0,0.0,2,9,190.556,0
2022,13,Hungarian Grand Prix,hungaroring,sainz,SAI,ferrari,2,4,12.0,Finished,0,0,2,1,5.0,133.0,1.0,2.0,289.0,4.0,8.0,9.2,36.0,0.4,0.0,56.0,5.666666666666667,0.3333333333333333,2,4,192.336,0
2022,13,Hungarian Grand Prix,hungaroring,perez,PER,red_bull,11,5,10.0,Finished,0,0,11,0,3.0,153.0,1.0,1.0,370.0,8.0,8.666666666666666,9.6,30.0,0.4,2.666666666666666,91.0,11.666666666666666,0.0,2,3,192.477,0
2022,13,Hungarian Grand Prix,hungaroring,leclerc,LEC,ferrari,3,6,8.0,Finished,0,0,3,0,2.0,156.0,3.0,2.0,289.0,4.0,8.0,9.6,37.0,0.4,0.0,56.0,11.0,0.0,3,2,193.227,0
2022,13,Hungarian Grand Prix,hungaroring,norris,NOR,mclaren,4,7,6.0,Finished,0,0,4,0,7.0,66.0,0.0,5.0,82.0,0.0,6.666666666666667,8.8,20.0,0.0,-1.833333333333333,22.0,12.333333333333334,0.0,2,11,189.92,0
2022,13,Hungarian Grand Prix,hungaroring,alonso,ALO,alpine,6,8,4.0,+1 Lap,0,0,6,0,10.0,37.0,0.0,4.0,90.0,0.0,7.0,7.4,19.0,0.0,-1.166666666666666,29.0,4.0,0.0,1,18,187.804,0
2022,13,Hungarian Grand Prix,hungaroring,ocon,OCO,alpine,5,9,2.0,+1 Lap,0,0,5,0,8.0,53.0,0.0,4.0,90.0,0.0,9.333333333333334,8.8,14.0,0.2,1.1666666666666679,29.0,7.5,0.5,1,20,187.424,0
2022,13,Hungarian Grand Prix,hungaroring,vettel,VET,aston_martin,18,10,1.0,+1 Lap,0,0,18,0,14.0,15.0,0.0,9.0,19.0,0.0,12.333333333333334,11.0,2.0,0.0,0.5,2.0,9.666666666666666,0.3333333333333333,2,10,190.423,0
2022,13,Hungarian Grand Prix,hungaroring,stroll,STR,aston_martin,14,11,0.0,+1 Lap,0,0,14,0,18.0,4.0,0.0,9.0,19.0,0.0,11.333333333333334,12.0,1.0,0.2,-0.5,2.0,13.333333333333334,0.0,2,7,191.317,0
2022,13,Hungarian Grand Prix,hungaroring,gasly,GAS,alphatauri,0,12,0.0,+1 Lap,0,0,19,0,13.0,16.0,0.0,8.0,27.0,0.0,14.333333333333334,12.4,0.0,0.2,-1.166666666666666,0.0,10.333333333333334,0.0,2,14,189.564,0
2022,13,Hungarian Grand Prix,hungaroring,zhou,ZHO,alfa,12,13,0.0,+1 Lap,0,0,12,0,17.0,5.0,0.0,6.0,49.0,0.0,16.333333333333332,15.0,0.0,0.4,1.166666666666666,0.0,10.0,0.0,2,5,192.268,0
2022,13,Hungarian Grand Prix,hungaroring,mick_schumacher,MSC,haas,15,14,0.0,+1 Lap,0,0,15,0,15.0,12.0,0.0,7.0,31.0,0.0,9.666666666666666,12.4,12.0,0.2,-1.1666666666666679,12.0,12.0,0.0,2,13,189.674,0
2022,13,Hungarian Grand Prix,hungaroring,ricciardo,RIC,mclaren,9,15,0.0,+1 Lap,0,0,9,0,12.0,16.0,0.0,5.0,82.0,0.0,10.333333333333334,10.0,4.0,0.0,1.833333333333334,22.0,11.0,0.0,2,17,188.533,0
2022,13,Hungarian Grand Prix,hungaroring,kevin_magnussen,MAG,haas,13,16,0.0,+1 Lap,0,0,13,0,11.0,19.0,0.0,7.0,31.0,0.0,12.0,14.0,5.0,0.4,1.166666666666666,12.0,11.5,0.0,3,15,188.856,0
2022,13,Hungarian Grand Prix,hungaroring,albon,ALB,williams,17,17,0.0,+1 Lap,0,0,17,0,19.0,3.0,0.0,10.0,3.0,0.0,15.0,14.0,0.0,0.2,-0.5,0.0,7.5,0.0,3,12,189.911,0
2022,13,Hungarian Grand Prix,hungaroring,latifi,LAT,williams,19,18,0.0,+1 Lap,0,0,20,0,21.0,0.0,0.0,10.0,3.0,0.0,16.0,15.8,0.0,0.4,0.5,0.0,13.0,0.0,3,8,191.221,0
2022,13,Hungarian Grand Prix,hungaroring,tsunoda,TSU,alphatauri,16,19,0.0,+2 Laps,0,0,16,0,16.0,11.0,0.0,8.0,27.0,0.0,16.666666666666668,16.2,0.0,0.4,1.1666666666666679,0.0,6.0,0.0,3,16,188.795,0
2022,13,Hungarian Grand Prix,hungaroring,bottas,BOT,alfa,8,20,0.0,Power Unit,0,1,8,0,9.0,44.0,0.0,6.0,49.0,0.0,14.0,12.0,0.0,0.2,-1.166666666666666,0.0,9.0,0.3333333333333333,1,19,187.752,0
2022,14,Belgian Grand Prix,spa,max_verstappen,VER,red_bull,14,1,26.0,Finished,1,0,1,1,1.0,242.0,8.0,1.0,405.0,9.0,1.3333333333333333,2.4,69.0,0.0,-4.166666666666667,116.0,8.0,0.6666666666666666,2,1,230.575,0
2022,14,Belgian Grand Prix,spa,perez,PER,red_bull,2,2,18.0,Finished,1,0,3,0,3.0,163.0,1.0,1.0,405.0,9.0,9.666666666666666,10.2,22.0,0.4,4.166666666666666,116.0,11.666666666666666,0.0,2,3,227.64,0
2022,14,Belgian Grand Prix,spa,sainz,SAI,ferrari,1,3,15.0,Finished,1,0,2,1,6.0,145.0,1.0,2.0,309.0,4.0,9.0,6.0,23.0,0.2,0.16666666666666607,54.0,16.333333333333332,0.0,2,7,225.174,0
2022,14,Belgian Grand Prix,spa,russell,RUS,mercedes,5,4,12.0,Finished,0,0,8,0,4.0,153.0,0.0,3.0,298.0,0.0,3.3333333333333335,6.4,42.0,0.2,0.5,79.0,12.0,0.3333333333333333,2,4,227.581,0
2022,14,Belgian Grand Prix,spa,alonso,ALO,alpine,3,5,10.0,Finished,0,0,6,0,10.0,41.0,0.0,4.0,96.0,0.0,8.0,7.6,13.0,0.0,0.33333333333333304,34.0,11.0,0.0,2,13,223.397,0
2022,14,Belgian Grand Prix,spa,leclerc,LEC,ferrari,15,6,8.0,Finished,0,0,4,0,2.0,164.0,3.0,2.0,309.0,4.0,8.666666666666666,7.0,33.0,0.2,-0.16666666666666785,54.0,7.666666666666667,0.3333333333333333,3,2,229.255,0
2022,14,Belgian Grand Prix,spa,ocon,OCO,alpine,16,7,6.0,Finished,0,0,5,0,8.0,55.0,0.0,4.0,96.0,0.0,7.333333333333333,8.6,16.0,0.2,-0.3333333333333339,34.0,6.0,0.0,2,6,225.698,0
2022,14,Belgian Grand Prix,spa,vettel,VET,aston_martin,10,8,4.0,Finished,0,0,16,0,12.0,16.0,0.0,9.0,20.0,0.0,12.666666666666666,11.8,1.0,0.0,0.6666666666666661,6.0,7.333333333333333,0.0,2,11,224.098,0
2022,14,Belgian Grand Prix,spa,gasly,GAS,alphatauri,0,9,2.0,Finished,0,0,12,0,13.0,16.0,0.0,8.0,27.0,0.0,13.0,13.8,0.0,0.2,-2.666666666666666,2.0,7.666666666666667,0.0,2,15,223.132,0
2022,14,Belgian Grand Prix,spa,albon,ALB,williams,6,10,1.0,Finished,0,0,9,0,19.0,3.0,0.0,10.0,3.0,0.0,14.0,15.0,0.0,0.2,-2.0,1.0,5.5,0.0,2,16,223.027,0
2022,14,Belgian Grand Prix,spa,stroll,STR,aston_martin,9,11,0.0,Finished,0,0,14,0,18.0,4.0,0.0,9.0,20.0,0.0,11.333333333333334,11.0,1.0,0.0,-0.6666666666666661,6.0,13.0,0.0,2,14,223.373,0
2022,14,Belgian Grand Prix,spa,norris,NOR,mclaren,17,12,0.0,Finished,0,0,10,0,7.0,72.0,0.0,5.0,88.0,0.0,7.0,8.4,18.0,0.0,-2.0,14.0,10.666666666666666,0.0,2,5,225.777,0
2022,14,Belgian Grand Prix,spa,tsunoda,TSU,alphatauri,0,13,0.0,Finished,0,0,19,0,16.0,11.0,0.0,8.0,27.0,0.0,18.333333333333332,17.4,0.0,0.4,2.666666666666666,2.0,15.0,0.0,2,10,224.255,0
2022,14,Belgian Grand Prix,spa,zhou,ZHO,alfa,18,14,0.0,Finished,0,0,13,0,17.0,5.0,0.0,6.0,49.0,0.0,14.333333333333334,14.0,0.0,0.2,-0.33333333333333215,0.0,10.0,0.0,2,9,224.493,0
2022,14,Belgian Grand Prix,spa,ricciardo,RIC,mclaren,7,15,0.0,Finished,0,0,11,0,14.0,16.0,0.0,5.0,88.0,0.0,11.0,11.4,4.0,0.0,2.0,14.0,7.333333333333333,0.0,2,17,222.978,0
2022,14,Belgian Grand Prix,spa,kevin_magnussen,MAG,haas,12,16,0.0,+1 Lap,0,0,18,0,11.0,19.0,0.0,7.0,31.0,0.0,14.0,13.8,4.0,0.2,1.166666666666666,0.0,14.5,0.0,2,18,222.482,0
2022,14,Belgian Grand Prix,spa,mick_schumacher,MSC,haas,19,17,0.0,+1 Lap,0,0,15,0,15.0,12.0,0.0,7.0,31.0,0.0,11.666666666666666,12.4,8.0,0.2,-1.1666666666666679,0.0,16.0,0.0,2,12,223.837,0
2022,14,Belgian Grand Prix,spa,latifi,LAT,williams,11,18,0.0,+1 Lap,0,0,17,0,21.0,0.0,0.0,10.0,3.0,0.0,18.0,16.4,0.0,0.4,2.0,1.0,12.5,0.0,3,8,224.615,0
2022,14,Belgian Grand Prix,spa,bottas,BOT,alfa,13,19,0.0,Accident,0,1,20,0,9.0,44.0,0.0,6.0,49.0,0.0,15.0,13.8,0.0,0.4,0.3333333333333339,0.0,5.666666666666667,0.6666666666666666,2,10,207.043,0
2022,14,Belgian Grand Prix,spa,hamilton,HAM,mercedes,4,20,0.0,Collision damage,0,1,7,0,5.0,145.0,0.0,3.0,298.0,0.0,2.3333333333333335,2.6,52.0,0.0,-0.5,79.0,2.0,1.0,2,10,207.043,0
2022,15,Dutch Grand Prix,zandvoort,max_verstappen,VER,red_bull,1,1,26.0,Finished,1,0,1,1,1.0,268.0,9.0,1.0,449.0,10.0,1.0,2.4,76.0,0.0,-1.3333333333333335,115.0,1.0,1.0,2,1,208.173,0
2022,15,Dutch Grand Prix,zandvoort,russell,RUS,mercedes,6,2,18.0,Finished,1,0,6,0,4.0,165.0,0.0,3.0,310.0,0.0,3.3333333333333335,6.4,42.0,0.2,-2.3333333333333335,76.0,17.0,0.0,2,2,208.119,0
2022,15,Dutch Grand Prix,zandvoort,leclerc,LEC,ferrari,2,3,15.0,Finished,1,0,2,1,3.0,172.0,3.0,2.0,332.0,4.0,10.333333333333334,7.2,16.0,0.2,3.166666666666667,62.0,5.0,0.0,2,6,206.044,0
2022,15,Dutch Grand Prix,zandvoort,hamilton,HAM,mercedes,4,4,12.0,Finished,0,0,4,0,6.0,145.0,0.0,3.0,310.0,0.0,8.0,6.0,37.0,0.2,2.333333333333333,76.0,2.0,1.0,2,3,207.604,0
2022,15,Dutch Grand Prix,zandvoort,perez,PER,red_bull,5,5,10.0,Finished,0,0,5,0,2.0,181.0,1.0,1.0,449.0,10.0,3.6666666666666665,6.6,40.0,0.2,1.333333333333333,115.0,8.0,0.0,2,5,206.069,0
2022,15,Dutch Grand Prix,zandvoort,alonso,ALO,alpine,13,6,8.0,Finished,0,0,13,0,9.0,51.0,0.0,4.0,112.0,0.0,6.333333333333333,6.8,22.0,0.0,-0.8333333333333339,32.0,6.0,0.0,2,4,206.792,0
2022,15,Dutch Grand Prix,zandvoort,norris,NOR,mclaren,7,7,6.0,Finished,0,0,7,0,7.0,72.0,0.0,5.0,88.0,0.0,8.666666666666666,7.8,12.0,0.0,-2.166666666666668,12.0,10.0,0.0,2,8,205.236,0
2022,15,Dutch Grand Prix,zandvoort,sainz,SAI,ferrari,3,8,4.0,Finished,0,0,3,0,5.0,160.0,1.0,2.0,332.0,4.0,4.0,6.2,38.0,0.2,-3.166666666666667,62.0,7.0,0.0,2,7,205.409,0
2022,15,Dutch Grand Prix,zandvoort,ocon,OCO,alpine,12,9,2.0,Finished,0,0,12,0,8.0,61.0,0.0,4.0,112.0,0.0,8.0,8.8,12.0,0.2,0.833333333333333,32.0,9.0,0.0,2,11,204.203,0
2022,15,Dutch Grand Prix,zandvoort,stroll,STR,aston_martin,10,10,1.0,Finished,0,0,10,0,19.0,4.0,0.0,9.0,24.0,0.0,10.666666666666666,11.2,1.0,0.0,0.5,6.0,12.0,0.0,2,10,204.314,0
2022,15,Dutch Grand Prix,zandvoort,gasly,GAS,alphatauri,11,11,0.0,Finished,0,0,11,0,13.0,18.0,0.0,8.0,29.0,0.0,11.0,12.8,2.0,0.2,-3.166666666666666,2.0,4.0,0.0,2,12,203.983,0
2022,15,Dutch Grand Prix,zandvoort,albon,ALB,williams,15,12,0.0,Finished,0,0,15,0,18.0,4.0,0.0,10.0,4.0,0.0,13.333333333333334,14.4,1.0,0.2,-2.166666666666666,1.0,10.0,0.0,2,15,202.986,0
2022,15,Dutch Grand Prix,zandvoort,mick_schumacher,MSC,haas,8,13,0.0,Finished,0,0,8,0,15.0,12.0,0.0,7.0,31.0,0.0,15.333333333333334,12.0,0.0,0.0,-0.6666666666666661,0.0,18.0,0.0,2,13,203.798,0
2022,15,Dutch Grand Prix,zandvoort,vettel,VET,aston_martin,19,14,0.0,Finished,0,0,19,0,11.0,20.0,0.0,9.0,24.0,0.0,9.666666666666666,11.0,5.0,0.0,-0.5,6.0,13.0,0.0,2,9,204.808,0
2022,15,Dutch Grand Prix,zandvoort,kevin_magnussen,MAG,haas,18,15,0.0,Finished,0,0,18,0,12.0,19.0,0.0,7.0,31.0,0.0,16.666666666666668,13.6,0.0,0.2,0.6666666666666679,0.0,10.0,0.0,2,14,203.431,0
2022,15,Dutch Grand Prix,zandvoort,zhou,ZHO,alfa,14,16,0.0,Finished,0,0,14,0,17.0,5.0,0.0,6.0,49.0,0.0,14.333333333333334,15.2,0.0,0.2,-1.666666666666666,0.0,10.0,0.0,2,17,201.901,0
2022,15,Dutch Grand Prix,zandvoort,ricciardo,RIC,mclaren,17,17,0.0,Finished,0,0,17,0,14.0,16.0,0.0,5.0,88.0,0.0,13.0,12.2,2.0,0.0,2.166666666666666,12.0,11.0,0.0,2,16,202.871,0
2022,15,Dutch Grand Prix,zandvoort,latifi,LAT,williams,20,18,0.0,+1 Lap,0,0,20,0,21.0,0.0,0.0,10.0,4.0,0.0,17.666666666666668,16.8,0.0,0.4,2.166666666666668,1.0,16.0,0.0,2,18,201.567,0
2022,15,Dutch Grand Prix,zandvoort,bottas,BOT,alfa,16,19,0.0,Engine,0,1,16,0,10.0,44.0,0.0,6.0,49.0,0.0,17.666666666666668,16.2,0.0,0.6,1.6666666666666679,0.0,3.0,1.0,2,19,199.526,0
2022,15,Dutch Grand Prix,zandvoort,tsunoda,TSU,alphatauri,9,20,0.0,Differential,0,1,9,0,16.0,11.0,0.0,8.0,29.0,0.0,17.333333333333332,16.4,0.0,0.2,3.166666666666666,2.0,19.0,0.0,2,20,198.765,0
2022,16,Italian Grand Prix,monza,max_verstappen,VER,red_bull,7,1,25.0,Finished,1,0,2,1,1.0,294.0,10.0,1.0,485.0,11.0,1.0,1.2,77.0,0.0,-1.5,114.0,14.333333333333334,0.0,2,6,246.088,0
2022,16,Italian Grand Prix,monza,leclerc,LEC,ferrari,1,2,18.0,Finished,1,0,1,1,3.0,187.0,3.0,2.0,351.0,4.0,5.0,7.0,31.0,0.2,0.0,72.0,7.666666666666667,0.3333333333333333,3,2,247.282,0
2022,16,Italian Grand Prix,monza,russell,RUS,mercedes,2,3,15.0,Finished,1,0,6,0,4.0,183.0,0.0,3.0,340.0,0.0,3.0,3.2,45.0,0.0,-2.833333333333333,67.0,12.333333333333334,0.0,2,7,244.522,0
2022,16,Italian Grand Prix,monza,sainz,SAI,ferrari,18,4,12.0,Finished,0,0,3,0,5.0,164.0,1.0,2.0,351.0,4.0,5.0,7.6,31.0,0.2,0.0,72.0,9.333333333333334,0.3333333333333333,2,4,246.96,0
2022,16,Italian Grand Prix,monza,hamilton,HAM,mercedes,19,5,10.0,Finished,0,0,5,0,6.0,157.0,0.0,3.0,340.0,0.0,8.666666666666666,6.2,31.0,0.2,2.833333333333333,67.0,9.0,0.3333333333333333,1,3,246.995,0
2022,16,Italian Grand Prix,monza,perez,PER,red_bull,13,6,9.0,Finished,0,0,4,0,2.0,191.0,1.0,1.0,485.0,11.0,4.0,7.2,38.0,0.2,1.5,114.0,7.333333333333333,0.0,2,1,248.182,0
2022,16,Italian Grand Prix,monza,norris,NOR,mclaren,3,7,6.0,Finished,0,0,7,0,7.0,78.0,0.0,5.0,94.0,0.0,8.666666666666666,8.0,12.0,0.0,-3.5,12.0,5.333333333333333,0.3333333333333333,2,5,246.167,0
2022,16,Italian Grand Prix,monza,gasly,GAS,alphatauri,5,8,4.0,Finished,0,0,9,0,13.0,18.0,0.0,8.0,29.0,0.0,10.666666666666666,11.8,2.0,0.0,-3.333333333333334,6.0,10.333333333333334,0.3333333333333333,1,14,240.489,0
2022,16,Italian Grand Prix,monza,de_vries,DEV,williams,8,9,2.0,Finished,0,0,13,0,10.0,0.0,0.0,10.0,4.0,0.0,,,,,0.0,3.0,10.0,0.0,1,13,240.75,0
2022,16,Italian Grand Prix,monza,zhou,ZHO,alfa,9,10,1.0,Finished,0,0,14,0,18.0,5.0,0.0,6.0,49.0,0.0,14.333333333333334,14.6,0.0,0.0,-2.4999999999999982,1.0,10.0,0.0,1,10,241.484,0
2022,16,Italian Grand Prix,monza,ocon,OCO,alpine,14,11,0.0,Finished,0,0,11,0,8.0,63.0,0.0,4.0,122.0,0.0,8.333333333333334,7.6,10.0,0.0,1.0000000000000009,26.0,9.0,0.0,1,11,240.837,0
2022,16,Italian Grand Prix,monza,mick_schumacher,MSC,haas,17,12,0.0,Finished,0,0,20,0,15.0,12.0,0.0,7.0,31.0,0.0,14.666666666666666,13.0,0.0,0.0,-0.5,0.0,15.0,0.0,1,8,244.493,0
2022,16,Italian Grand Prix,monza,bottas,BOT,alfa,15,13,0.0,+1 Lap,0,0,12,0,10.0,44.0,0.0,6.0,49.0,0.0,19.333333333333332,16.6,0.0,0.6,2.5,1.0,3.3333333333333335,0.6666666666666666,1,9,243.329,0
2022,16,Italian Grand Prix,monza,tsunoda,TSU,alphatauri,20,14,0.0,+1 Lap,0,0,15,0,16.0,11.0,0.0,8.0,29.0,0.0,17.333333333333332,17.6,0.0,0.4,3.333333333333332,6.0,20.0,0.0,2,17,240.105,0
2022,16,Italian Grand Prix,monza,latifi,LAT,williams,10,15,0.0,+1 Lap,0,0,16,0,21.0,0.0,0.0,10.0,4.0,0.0,18.0,18.0,0.0,0.4,2.5,3.0,11.0,0.0,2,15,240.268,0
2022,16,Italian Grand Prix,monza,kevin_magnussen,MAG,haas,16,16,0.0,+1 Lap,0,0,19,0,12.0,19.0,0.0,7.0,31.0,0.0,15.666666666666666,14.6,0.0,0.2,0.5,0.0,18.5,0.0,2,16,240.268,0
2022,16,Italian Grand Prix,monza,ricciardo,RIC,mclaren,4,17,0.0,Oil leak,0,1,8,0,14.0,16.0,0.0,5.0,94.0,0.0,15.666666666666666,13.0,0.0,0.0,3.5,12.0,3.6666666666666665,0.3333333333333333,1,12,240.809,0
2022,16,Italian Grand Prix,monza,stroll,STR,aston_martin,12,18,0.0,Engine,0,1,18,0,17.0,5.0,0.0,9.0,25.0,0.0,10.666666666666666,11.0,1.0,0.0,0.0,5.0,7.333333333333333,0.3333333333333333,1,19,238.43,0
2022,16,Italian Grand Prix,monza,alonso,ALO,alpine,6,19,0.0,Water pressure,0,1,10,0,9.0,59.0,0.0,4.0,122.0,0.0,6.333333333333333,7.0,22.0,0.0,-1.0,26.0,8.0,0.0,2,18,239.152,0
2022,16,Italian Grand Prix,monza,vettel,VET,aston_martin,11,20,0.0,Engine,0,1,17,0,11.0,20.0,0.0,9.0,25.0,0.0,10.666666666666666,12.0,5.0,0.0,0.0,5.0,15.0,0.0,2,20,238.337,0
2022,17,Singapore Grand Prix,marina_bay,perez,PER,red_bull,2,1,25.0,Finished,1,0,2,1,3.0,200.0,1.0,1.0,519.0,12.0,4.333333333333333,4.4,37.0,0.0,1.6666666666666665,101.0,19.0,0.0,2,2,168.509,0
2022,17,Singapore Grand Prix,marina_bay,leclerc,LEC,ferrari,1,2,18.0,Finished,1,0,1,1,2.0,205.0,3.0,2.0,381.0,4.0,3.6666666666666665,7.2,41.0,0.2,-0.6666666666666665,82.0,2.0,1.0,2,4,167.598,0
2022,17,Singapore Grand Prix,marina_bay,sainz,SAI,ferrari,4,3,15.0,Finished,1,0,4,0,5.0,176.0,1.0,2.0,381.0,4.0,5.0,4.8,31.0,0.0,0.666666666666667,82.0,12.0,0.0,2,3,168.122,0
2022,17,Singapore Grand Prix,marina_bay,norris,NOR,mclaren,6,4,12.0,Finished,0,0,6,0,7.0,84.0,0.0,5.0,100.0,0.0,8.666666666666666,8.0,12.0,0.0,-3.833333333333334,34.0,7.0,0.0,2,6,166.893,0
2022,17,Singapore Grand Prix,marina_bay,ricciardo,RIC,mclaren,16,5,10.0,Finished,0,0,17,0,14.0,16.0,0.0,5.0,100.0,0.0,16.333333333333332,14.6,0.0,0.2,3.833333333333332,34.0,14.0,0.0,2,12,164.196,0
2022,17,Singapore Grand Prix,marina_bay,stroll,STR,aston_martin,11,6,8.0,Finished,0,0,12,0,18.0,5.0,0.0,9.0,25.0,0.0,13.0,12.0,1.0,0.2,-0.5,13.0,13.0,0.0,2,7,165.272,0
2022,17,Singapore Grand Prix,marina_bay,max_verstappen,VER,red_bull,8,7,6.0,Finished,0,0,8,0,1.0,319.0,11.0,1.0,519.0,12.0,1.0,1.0,77.0,0.0,-1.6666666666666665,101.0,3.0,1.0,2,5,167.0,0
2022,17,Singapore Grand Prix,marina_bay,vettel,VET,aston_martin,13,8,4.0,Finished,0,0,14,0,12.0,20.0,0.0,9.0,25.0,0.0,14.0,12.6,4.0,0.2,0.5,13.0,1.0,1.0,2,11,164.696,0
2022,17,Singapore Grand Prix,marina_bay,hamilton,HAM,mercedes,3,9,2.0,Finished,0,0,3,0,6.0,167.0,0.0,3.0,365.0,0.0,9.666666666666666,6.6,22.0,0.2,3.333333333333333,57.0,4.0,0.0,2,10,164.766,0
2022,17,Singapore Grand Prix,marina_bay,gasly,GAS,alphatauri,7,10,1.0,Finished,0,0,7,0,11.0,22.0,0.0,7.0,33.0,0.0,9.333333333333334,10.4,6.0,0.0,-3.166666666666666,5.0,8.0,0.0,2,9,164.845,0
2022,17,Singapore Grand Prix,marina_bay,bottas,BOT,alfa,15,11,0.0,Finished,0,0,16,0,10.0,44.0,0.0,6.0,50.0,0.0,17.0,17.0,0.0,0.6,1.833333333333334,1.0,5.0,0.0,2,13,162.937,0
2022,17,Singapore Grand Prix,marina_bay,kevin_magnussen,MAG,haas,9,12,0.0,Finished,0,0,9,0,13.0,19.0,0.0,8.0,31.0,0.0,15.666666666666666,16.2,0.0,0.2,0.8333333333333321,0.0,17.0,0.0,2,14,162.641,0
2022,17,Singapore Grand Prix,marina_bay,mick_schumacher,MSC,haas,12,13,0.0,+1 Lap,0,0,13,0,15.0,12.0,0.0,8.0,31.0,0.0,14.0,14.2,0.0,0.0,-0.8333333333333339,0.0,10.0,0.0,2,8,165.262,0
2022,17,Singapore Grand Prix,marina_bay,russell,RUS,mercedes,0,14,0.0,+2 Laps,0,0,11,0,4.0,198.0,0.0,3.0,365.0,0.0,3.0,3.0,45.0,0.0,-3.333333333333333,57.0,20.0,0.0,2,1,171.211,0
2022,17,Singapore Grand Prix,marina_bay,tsunoda,TSU,alphatauri,10,15,0.0,Accident,0,1,10,0,16.0,11.0,0.0,7.0,33.0,0.0,15.666666666666666,17.2,0.0,0.4,3.166666666666666,5.0,10.0,0.0,2,15,153.532,0
2022,17,Singapore Grand Prix,marina_bay,ocon,OCO,alpine,17,16,0.0,Engine,0,1,18,0,8.0,63.0,0.0,4.0,122.0,0.0,9.0,8.8,8.0,0.0,-0.5,10.0,10.0,0.0,2,17,150.504,0
2022,17,Singapore Grand Prix,marina_bay,albon,ALB,williams,18,17,0.0,Collision damage,0,1,19,0,19.0,4.0,0.0,10.0,6.0,0.0,13.0,12.8,1.0,0.0,-0.6666666666666661,2.0,6.0,0.0,2,18,149.251,0
2022,17,Singapore Grand Prix,marina_bay,alonso,ALO,alpine,5,18,0.0,Engine,0,1,5,0,9.0,59.0,0.0,4.0,122.0,0.0,10.0,8.8,18.0,0.2,0.5,10.0,10.0,0.0,2,16,151.306,0
2022,17,Singapore Grand Prix,marina_bay,latifi,LAT,williams,19,19,0.0,Collision damage,0,1,20,0,22.0,0.0,0.0,10.0,6.0,0.0,17.0,17.2,0.0,0.2,3.333333333333334,2.0,10.0,0.0,2,20,145.135,0
2022,17,Singapore Grand Prix,marina_bay,zhou,ZHO,alfa,14,20,0.0,Collision,0,1,15,0,17.0,6.0,0.0,6.0,50.0,0.0,13.333333333333334,13.8,1.0,0.0,-1.8333333333333321,1.0,10.0,0.0,2,19,145.168,0
2022,18,Japanese Grand Prix,suzuka,max_verstappen,VER,red_bull,1,1,25.0,Finished,1,0,1,1,1.0,325.0,11.0,1.0,550.0,13.0,3.0,2.2,57.0,0.0,-0.5,108.0,18.0,0.0,2,4,199.266,0
2022,18,Japanese Grand Prix,suzuka,perez,PER,red_bull,4,2,18.0,Finished,1,0,4,0,2.0,225.0,2.0,1.0,550.0,13.0,4.0,3.8,44.0,0.0,0.5,108.0,8.0,0.0,2,9,196.995,0
2022,18,Japanese Grand Prix,suzuka,leclerc,LEC,ferrari,2,3,15.0,Finished,1,0,2,1,3.0,223.0,3.0,2.0,414.0,4.0,2.3333333333333335,3.8,51.0,0.0,-1.333333333333333,78.0,6.0,0.0,2,3,200.07,0
2022,18,Japanese Grand Prix,suzuka,ocon,OCO,alpine,5,4,12.0,Finished,0,0,5,0,8.0,63.0,0.0,4.0,122.0,0.0,12.0,10.4,2.0,0.2,-1.166666666666666,18.0,10.0,0.0,2,11,196.184,0
2022,18,Japanese Grand Prix,suzuka,hamilton,HAM,mercedes,6,5,10.0,Finished,0,0,6,0,6.0,169.0,0.0,3.0,367.0,0.0,6.0,8.0,24.0,0.2,-0.16666666666666696,41.0,3.0,1.0,2,7,198.097,0
2022,18,Japanese Grand Prix,suzuka,vettel,VET,aston_martin,9,6,8.0,Finished,0,0,9,0,12.0,24.0,0.0,7.0,37.0,0.0,14.0,12.0,4.0,0.2,1.333333333333334,20.0,2.0,1.0,2,12,195.441,0
2022,18,Japanese Grand Prix,suzuka,alonso,ALO,alpine,7,7,6.0,Finished,0,0,7,0,9.0,59.0,0.0,4.0,122.0,0.0,14.333333333333334,11.2,8.0,0.4,1.1666666666666679,18.0,10.0,0.0,3,2,200.218,0
2022,18,Japanese Grand Prix,suzuka,russell,RUS,mercedes,8,8,4.0,Finished,0,0,8,0,4.0,198.0,0.0,3.0,367.0,0.0,6.333333333333333,5.2,33.0,0.0,0.16666666666666607,41.0,16.0,0.0,2,13,195.368,0
2022,18,Japanese Grand Prix,suzuka,latifi,LAT,williams,20,9,2.0,Finished,0,0,20,0,22.0,0.0,0.0,10.0,6.0,0.0,17.333333333333332,17.6,0.0,0.2,2.333333333333332,4.0,10.0,0.0,2,18,192.904,0
2022,18,Japanese Grand Prix,suzuka,norris,NOR,mclaren,10,10,1.0,Finished,0,0,10,0,7.0,96.0,0.0,5.0,122.0,0.0,6.0,7.4,24.0,0.0,-3.5,29.0,11.0,0.0,2,17,193.253,0
2022,18,Japanese Grand Prix,suzuka,ricciardo,RIC,mclaren,11,11,0.0,Finished,0,0,11,0,11.0,26.0,0.0,5.0,122.0,0.0,13.0,13.8,10.0,0.2,3.5,29.0,19.0,0.0,2,15,193.848,0
2022,18,Japanese Grand Prix,suzuka,stroll,STR,aston_martin,19,12,0.0,Finished,0,0,19,0,15.0,13.0,0.0,7.0,37.0,0.0,11.333333333333334,11.2,9.0,0.2,-1.3333333333333321,20.0,9.0,0.0,3,5,198.709,0
2022,18,Japanese Grand Prix,suzuka,tsunoda,TSU,alphatauri,13,13,0.0,Finished,0,0,13,0,17.0,11.0,0.0,8.0,34.0,0.0,16.333333333333332,16.2,0.0,0.4,3.333333333333332,5.0,10.0,0.0,3,8,197.418,1
2022,18,Japanese Grand Prix,suzuka,kevin_magnussen,MAG,haas,18,14,0.0,Finished,0,0,18,0,14.0,19.0,0.0,9.0,31.0,0.0,14.333333333333334,15.0,0.0,0.0,0.8333333333333339,0.0,15.0,0.0,2,16,193.437,0
2022,18,Japanese Grand Prix,suzuka,bottas,BOT,alfa,12,15,0.0,Finished,0,0,12,0,10.0,44.0,0.0,6.0,50.0,0.0,14.333333333333334,16.4,0.0,0.6,-0.5,1.0,1.0,1.0,2,14,193.889,0
2022,18,Japanese Grand Prix,suzuka,zhou,ZHO,alfa,14,16,0.0,Finished,0,0,14,0,18.0,6.0,0.0,6.0,50.0,0.0,15.333333333333334,14.6,1.0,0.2,0.5,1.0,10.0,0.0,3,1,200.22,0
2022,18,Japanese Grand Prix,suzuka,mick_schumacher,MSC,haas,15,17,0.0,Finished,0,0,15,0,16.0,12.0,0.0,9.0,31.0,0.0,12.666666666666666,13.8,0.0,0.0,-0.8333333333333339,0.0,10.0,0.0,2,6,198.366,0
2022,18,Japanese Grand Prix,suzuka,gasly,GAS,alphatauri,17,18,0.0,Finished,0,0,17,0,13.0,23.0,0.0,8.0,34.0,0.0,9.666666666666666,10.0,5.0,0.0,-3.333333333333334,5.0,7.0,0.0,4,10,196.21,0
2022,18,Japanese Grand Prix,suzuka,sainz,SAI,ferrari,3,19,0.0,Accident,0,1,3,0,5.0,191.0,1.0,2.0,414.0,4.0,5.0,4.4,31.0,0.0,1.3333333333333335,78.0,5.0,0.0,2,10,207.043,0
2022,18,Japanese Grand Prix,suzuka,albon,ALB,williams,16,20,0.0,Hydraulics,0,1,16,0,19.0,4.0,0.0,10.0,6.0,0.0,13.0,13.8,1.0,0.2,-2.0,4.0,4.0,0.0,2,10,207.043,0
2022,19,United States Grand Prix,americas,max_verstappen,VER,red_bull,2,1,25.0,Finished,1,0,3,0,1.0,350.0,12.0,1.0,593.0,14.0,3.0,2.2,56.0,0.0,0.0,111.0,2.0,1.0,2,2,199.383,0
2022,19,United States Grand Prix,americas,hamilton,HAM,mercedes,3,2,18.0,Finished,1,0,5,0,6.0,179.0,0.0,3.0,381.0,0.0,6.333333333333333,8.6,22.0,0.2,-1.0,45.0,2.0,1.0,2,5,198.805,0
2022,19,United States Grand Prix,americas,leclerc,LEC,ferrari,12,3,15.0,Finished,1,0,2,1,3.0,238.0,3.0,2.0,429.0,4.0,2.3333333333333335,3.2,51.0,0.0,-3.1666666666666665,63.0,4.0,0.0,2,4,199.003,0
2022,19,United States Grand Prix,americas,perez,PER,red_bull,9,4,12.0,Finished,0,0,4,0,2.0,243.0,2.0,1.0,593.0,14.0,3.0,3.2,52.0,0.0,0.0,111.0,6.5,0.5,2,3,199.339,0
2022,19,United States Grand Prix,americas,russell,RUS,mercedes,4,5,11.0,Finished,0,0,6,0,4.0,202.0,0.0,3.0,381.0,0.0,8.333333333333334,6.2,19.0,0.0,1.0000000000000009,45.0,15.5,0.0,3,1,200.902,0
2022,19,United States Grand Prix,americas,norris,NOR,mclaren,6,6,8.0,Finished,0,0,8,0,7.0,97.0,0.0,5.0,123.0,0.0,7.0,8.0,19.0,0.0,-2.0,31.0,7.5,0.0,2,7,195.878,0
2022,19,United States Grand Prix,americas,alonso,ALO,alpine,14,7,6.0,Finished,0,0,9,0,9.0,65.0,0.0,4.0,140.0,0.0,14.666666666666666,11.0,6.0,0.4,2.166666666666666,24.0,18.0,0.0,2,8,195.461,0
2022,19,United States Grand Prix,americas,vettel,VET,aston_martin,10,8,4.0,Finished,0,0,12,0,11.0,32.0,0.0,7.0,45.0,0.0,11.333333333333334,11.2,12.0,0.2,-0.33333333333333215,24.0,15.0,0.0,2,16,193.54,0
2022,19,United States Grand Prix,americas,kevin_magnussen,MAG,haas,13,9,2.0,Finished,0,0,16,0,14.0,19.0,0.0,9.0,31.0,0.0,14.0,14.6,0.0,0.0,0.0,2.0,18.0,0.0,1,11,194.184,0
2022,19,United States Grand Prix,americas,tsunoda,TSU,alphatauri,19,10,1.0,Finished,0,0,15,0,17.0,11.0,0.0,8.0,34.0,0.0,14.0,15.0,0.0,0.4,1.0,2.0,9.0,0.0,2,6,196.031,0
2022,19,United States Grand Prix,americas,ocon,OCO,alpine,0,11,0.0,Finished,0,0,18,0,8.0,75.0,0.0,4.0,140.0,0.0,10.333333333333334,9.4,12.0,0.2,-2.166666666666666,24.0,19.0,0.0,2,13,193.827,0
2022,19,United States Grand Prix,americas,zhou,ZHO,alfa,18,12,0.0,Finished,0,0,14,0,18.0,6.0,0.0,6.0,50.0,0.0,15.333333333333334,15.2,1.0,0.2,1.1666666666666679,0.0,10.0,0.0,2,15,193.682,0
2022,19,United States Grand Prix,americas,albon,ALB,williams,8,13,0.0,Finished,0,0,11,0,19.0,4.0,0.0,10.0,8.0,0.0,16.333333333333332,15.2,0.0,0.4,1.4999999999999982,2.0,5.0,0.0,2,9,195.2,0
2022,19,United States Grand Prix,americas,gasly,GAS,alphatauri,11,14,0.0,Finished,0,0,13,0,13.0,23.0,0.0,8.0,34.0,0.0,12.0,11.2,5.0,0.0,-1.0,2.0,18.0,0.0,2,12,193.967,0
2022,19,United States Grand Prix,americas,mick_schumacher,MSC,haas,16,15,0.0,Finished,0,0,19,0,16.0,12.0,0.0,9.0,31.0,0.0,14.0,14.4,0.0,0.0,0.0,2.0,16.0,0.0,2,10,194.951,0
2022,19,United States Grand Prix,americas,ricciardo,RIC,mclaren,15,16,0.0,Finished,0,0,17,0,12.0,26.0,0.0,5.0,123.0,0.0,11.0,13.0,10.0,0.2,2.0,31.0,5.5,0.0,2,14,193.778,0
2022,19,United States Grand Prix,americas,latifi,LAT,williams,17,17,0.0,Finished,0,0,20,0,21.0,2.0,0.0,10.0,8.0,0.0,14.333333333333334,15.8,2.0,0.2,-0.5,2.0,15.0,0.0,2,19,191.784,0
2022,19,United States Grand Prix,americas,stroll,STR,aston_martin,5,18,0.0,Collision,0,1,7,0,15.0,13.0,0.0,7.0,45.0,0.0,12.0,11.4,8.0,0.2,0.3333333333333339,24.0,12.5,0.0,1,17,192.537,0
2022,19,United States Grand Prix,americas,bottas,BOT,alfa,7,19,0.0,Spun off,0,1,10,0,10.0,44.0,0.0,6.0,50.0,0.0,13.0,15.4,0.0,0.4,-1.166666666666666,0.0,3.5,0.5,1,18,191.958,0
2022,19,United States Grand Prix,americas,sainz,SAI,ferrari,1,20,0.0,Collision damage,0,1,1,1,5.0,191.0,1.0,2.0,429.0,4.0,8.666666666666666,7.4,27.0,0.2,3.166666666666666,63.0,7.5,0.0,2,10,207.043,0
2022,20,Mexico City Grand Prix,rodriguez,max_verstappen,VER,red_bull,1,1,25.0,Finished,1,0,1,1,1.0,375.0,13.0,1.0,630.0,15.0,3.0,2.2,56.0,0.0,0.3333333333333335,120.0,3.5,0.5,2,4,188.85,0
2022,20,Mexico City Grand Prix,rodriguez,hamilton,HAM,mercedes,3,2,18.0,Finished,1,0,3,0,5.0,197.0,0.0,3.0,410.0,0.0,5.333333333333333,5.0,30.0,0.0,-1.833333333333334,74.0,1.5,1.0,2,5,188.813,0
2022,20,Mexico City Grand Prix,rodriguez,perez,PER,red_bull,4,3,15.0,Finished,1,0,4,0,2.0,255.0,2.0,1.0,630.0,15.0,2.3333333333333335,3.6,55.0,0.0,-0.33333333333333304,120.0,5.0,0.5,2,2,189.476,0
2022,20,Mexico City Grand Prix,rodriguez,russell,RUS,mercedes,2,4,13.0,Finished,0,0,2,1,4.0,213.0,0.0,3.0,410.0,0.0,9.0,6.4,15.0,0.0,1.833333333333333,74.0,16.0,0.0,2,1,193.31,0
2022,20,Mexico City Grand Prix,rodriguez,sainz,SAI,ferrari,5,5,10.0,Finished,0,0,5,0,6.0,191.0,1.0,2.0,444.0,4.0,14.0,10.8,15.0,0.4,5.666666666666666,48.0,9.5,0.0,2,6,188.498,0
2022,20,Mexico City Grand Prix,rodriguez,leclerc,LEC,ferrari,7,6,8.0,Finished,0,0,7,0,3.0,253.0,3.0,2.0,444.0,4.0,2.6666666666666665,2.6,48.0,0.0,-5.666666666666668,48.0,4.5,0.0,2,10,187.576,0
2022,20,Mexico City Grand Prix,rodriguez,ricciardo,RIC,mclaren,11,7,6.0,+1 Lap,0,0,11,0,12.0,26.0,0.0,5.0,131.0,0.0,10.666666666666666,13.2,10.0,0.2,2.0,17.0,10.0,0.0,2,3,188.905,0
2022,20,Mexico City Grand Prix,rodriguez,ocon,OCO,alpine,10,8,4.0,+1 Lap,0,0,10,0,8.0,75.0,0.0,4.0,146.0,0.0,10.333333333333334,10.2,12.0,0.2,-0.16666666666666607,28.0,13.0,0.0,2,14,186.054,0
2022,20,Mexico City Grand Prix,rodriguez,norris,NOR,mclaren,8,9,2.0,+1 Lap,0,0,8,0,7.0,105.0,0.0,5.0,131.0,0.0,6.666666666666667,6.8,21.0,0.0,-1.9999999999999991,17.0,15.0,0.0,2,17,185.779,0
2022,20,Mexico City Grand Prix,rodriguez,bottas,BOT,alfa,6,10,1.0,+1 Lap,0,0,6,0,10.0,44.0,0.0,6.0,50.0,0.0,15.0,15.4,0.0,0.4,-0.5,1.0,9.0,0.5,2,16,185.866,0
2022,20,Mexico City Grand Prix,rodriguez,gasly,GAS,alphatauri,14,11,0.0,+1 Lap,0,0,14,0,13.0,23.0,0.0,8.0,35.0,0.0,14.0,12.2,1.0,0.0,0.6666666666666661,1.0,6.5,0.0,2,8,188.319,0
2022,20,Mexico City Grand Prix,rodriguez,albon,ALB,williams,17,12,0.0,+1 Lap,0,0,19,0,19.0,4.0,0.0,10.0,8.0,0.0,16.666666666666668,14.4,0.0,0.4,0.8333333333333339,2.0,5.0,0.0,2,12,186.873,0
2022,20,Mexico City Grand Prix,rodriguez,zhou,ZHO,alfa,12,13,0.0,+1 Lap,0,0,12,0,18.0,6.0,0.0,6.0,50.0,0.0,16.0,14.8,0.0,0.2,0.5,1.0,10.0,0.0,2,7,188.358,0
2022,20,Mexico City Grand Prix,rodriguez,vettel,VET,aston_martin,16,14,0.0,+1 Lap,0,0,17,0,11.0,36.0,0.0,7.0,49.0,0.0,7.333333333333333,11.2,16.0,0.2,-2.333333333333333,12.0,4.5,0.5,2,13,186.486,0
2022,20,Mexico City Grand Prix,rodriguez,stroll,STR,aston_martin,20,15,0.0,+1 Lap,0,0,18,0,15.0,13.0,0.0,7.0,49.0,0.0,12.0,12.8,8.0,0.4,2.333333333333334,12.0,13.0,0.0,2,9,187.895,0
2022,20,Mexico City Grand Prix,rodriguez,mick_schumacher,MSC,haas,15,16,0.0,+1 Lap,0,0,16,0,16.0,12.0,0.0,9.0,33.0,0.0,15.0,14.0,0.0,0.0,1.666666666666666,2.0,19.0,0.0,2,19,185.248,0
2022,20,Mexico City Grand Prix,rodriguez,kevin_magnussen,MAG,haas,19,17,0.0,+1 Lap,0,0,15,0,14.0,21.0,0.0,9.0,33.0,0.0,11.666666666666666,13.2,2.0,0.0,-1.6666666666666679,2.0,15.0,0.0,2,15,186.007,0
2022,20,Mexico City Grand Prix,rodriguez,latifi,LAT,williams,18,18,0.0,+2 Laps,0,0,20,0,21.0,2.0,0.0,10.0,8.0,0.0,15.0,15.6,2.0,0.2,-0.8333333333333339,2.0,17.0,0.0,2,20,185.098,0
2022,20,Mexico City Grand Prix,rodriguez,alonso,ALO,alpine,9,19,0.0,Engine,0,1,9,0,9.0,71.0,0.0,4.0,146.0,0.0,10.666666666666666,11.4,12.0,0.4,0.16666666666666607,28.0,9.0,0.0,2,11,186.981,0
2022,20,Mexico City Grand Prix,rodriguez,tsunoda,TSU,alphatauri,13,20,0.0,Collision damage,0,1,13,0,17.0,12.0,0.0,8.0,35.0,0.0,12.666666666666666,14.4,1.0,0.4,-0.6666666666666679,1.0,20.0,0.0,2,18,185.777,0
2022,21,São Paulo Grand Prix,interlagos,russell,RUS,mercedes,1,1,26.0,Finished,1,0,3,0,4.0,226.0,0.0,3.0,441.0,0.0,5.666666666666667,6.8,28.0,0.0,1.333333333333334,104.0,12.5,0.0,2,1,210.237,0
2022,21,São Paulo Grand Prix,interlagos,hamilton,HAM,mercedes,2,2,18.0,Finished,1,0,8,0,5.0,215.0,0.0,3.0,441.0,0.0,3.0,4.6,46.0,0.0,-1.333333333333333,104.0,4.0,0.5,2,2,209.791,0
2022,21,São Paulo Grand Prix,interlagos,sainz,SAI,ferrari,7,3,15.0,Finished,1,0,5,0,6.0,201.0,1.0,2.0,462.0,4.0,14.666666666666666,10.2,10.0,0.4,5.333333333333332,60.0,4.5,0.5,3,3,209.76,0
2022,21,São Paulo Grand Prix,interlagos,leclerc,LEC,ferrari,5,4,12.0,Finished,0,0,10,0,3.0,261.0,3.0,2.0,462.0,4.0,4.0,3.2,38.0,0.0,-5.333333333333334,60.0,11.5,0.0,3,6,208.912,0
2022,21,São Paulo Grand Prix,interlagos,alonso,ALO,alpine,17,5,10.0,Finished,0,0,7,0,9.0,71.0,0.0,4.0,150.0,0.0,11.0,14.0,12.0,0.6,1.666666666666666,24.0,9.0,0.0,3,4,209.163,0
2022,21,São Paulo Grand Prix,interlagos,max_verstappen,VER,red_bull,3,6,8.0,Finished,0,0,2,1,1.0,400.0,14.0,1.0,670.0,16.0,1.0,2.2,75.0,0.0,-1.0,91.0,1.5,1.0,3,5,209.076,0
2022,21,São Paulo Grand Prix,interlagos,perez,PER,red_bull,4,7,6.0,Finished,0,0,9,0,2.0,270.0,2.0,1.0,670.0,16.0,3.0,3.2,45.0,0.0,1.0,91.0,6.5,0.0,2,7,208.828,0
2022,21,São Paulo Grand Prix,interlagos,ocon,OCO,alpine,16,8,4.0,Finished,0,0,6,0,8.0,79.0,0.0,4.0,150.0,0.0,7.666666666666667,10.0,16.0,0.2,-1.666666666666667,24.0,8.0,0.0,2,9,206.575,0
2022,21,São Paulo Grand Prix,interlagos,bottas,BOT,alfa,14,9,2.0,Finished,0,0,18,0,10.0,45.0,0.0,6.0,51.0,0.0,14.666666666666666,13.6,1.0,0.2,0.5,3.0,11.5,0.5,2,14,205.432,0
2022,21,São Paulo Grand Prix,interlagos,stroll,STR,aston_martin,15,10,1.0,Finished,0,0,15,0,15.0,13.0,0.0,7.0,49.0,0.0,15.0,13.8,0.0,0.4,2.833333333333334,5.0,19.5,0.0,2,8,207.299,0
2022,21,São Paulo Grand Prix,interlagos,vettel,VET,aston_martin,9,11,0.0,Finished,0,0,13,0,11.0,36.0,0.0,7.0,49.0,0.0,9.333333333333334,11.2,12.0,0.2,-2.833333333333332,5.0,14.0,0.0,2,15,205.328,0
2022,21,São Paulo Grand Prix,interlagos,zhou,ZHO,alfa,13,12,0.0,Finished,0,0,17,0,18.0,6.0,0.0,6.0,51.0,0.0,13.666666666666666,14.2,0.0,0.2,-0.5,3.0,10.0,0.0,2,17,204.643,0
2022,21,São Paulo Grand Prix,interlagos,mick_schumacher,MSC,haas,12,13,0.0,Finished,0,0,20,0,16.0,12.0,0.0,9.0,33.0,0.0,16.0,14.6,0.0,0.0,1.333333333333334,2.0,18.0,0.0,2,10,206.142,0
2022,21,São Paulo Grand Prix,interlagos,gasly,GAS,alphatauri,10,14,0.0,Finished,0,0,12,0,13.0,23.0,0.0,8.0,35.0,0.0,14.333333333333334,12.2,0.0,0.0,0.0,1.0,4.5,0.5,3,12,205.934,0
2022,21,São Paulo Grand Prix,interlagos,albon,ALB,williams,19,15,0.0,Finished,0,0,11,0,19.0,4.0,0.0,10.0,8.0,0.0,15.0,14.8,0.0,0.4,0.16666666666666607,0.0,14.0,0.0,3,16,205.155,0
2022,21,São Paulo Grand Prix,interlagos,latifi,LAT,williams,18,16,0.0,Finished,0,0,16,0,21.0,2.0,0.0,10.0,8.0,0.0,14.666666666666666,15.6,2.0,0.2,-0.16666666666666785,0.0,16.0,0.0,3,11,205.934,0
2022,21,São Paulo Grand Prix,interlagos,tsunoda,TSU,alphatauri,0,17,0.0,+1 Lap,0,0,19,0,17.0,12.0,0.0,8.0,35.0,0.0,14.333333333333334,14.4,1.0,0.4,0.0,1.0,15.0,0.0,3,13,205.44,0
2022,21,São Paulo Grand Prix,interlagos,norris,NOR,mclaren,6,18,0.0,Gearbox,0,1,4,0,7.0,107.0,0.0,5.0,139.0,0.0,8.333333333333334,7.2,11.0,0.0,-1.5,16.0,9.0,0.0,2,18,204.5,0
2022,21,São Paulo Grand Prix,interlagos,kevin_magnussen,MAG,haas,8,19,0.0,Collision,0,1,1,1,14.0,21.0,0.0,9.0,33.0,0.0,13.333333333333334,13.6,2.0,0.0,-1.3333333333333321,2.0,11.0,0.0,2,10,207.043,0
2022,21,São Paulo Grand Prix,interlagos,ricciardo,RIC,mclaren,11,20,0.0,Collision,0,1,14,0,12.0,32.0,0.0,5.0,139.0,0.0,11.333333333333334,11.2,6.0,0.2,1.5,16.0,12.5,0.0,2,10,207.043,0
2022,22,Abu Dhabi Grand Prix,yas_marina,max_verstappen,VER,red_bull,1,1,25.0,Finished,1,0,1,1,1.0,408.0,14.0,1.0,684.0,16.0,2.6666666666666665,3.2,58.0,0.0,-1.0,94.0,1.3333333333333333,1.0,1,6,212.676,0
2022,22,Abu Dhabi Grand Prix,yas_marina,leclerc,LEC,ferrari,3,2,18.0,Finished,1,0,3,0,3.0,273.0,3.0,2.0,489.0,4.0,4.333333333333333,3.6,35.0,0.0,-2.5,75.0,8.666666666666666,0.3333333333333333,1,10,211.901,0
2022,22,Abu Dhabi Grand Prix,yas_marina,perez,PER,red_bull,2,3,15.0,Finished,1,0,2,1,2.0,276.0,2.0,1.0,684.0,16.0,4.666666666666667,3.4,33.0,0.0,1.0000000000000004,94.0,14.0,0.0,2,4,213.68,0
2022,22,Abu Dhabi Grand Prix,yas_marina,sainz,SAI,ferrari,4,4,12.0,Finished,0,0,4,0,6.0,216.0,1.0,2.0,489.0,4.0,9.333333333333334,10.0,25.0,0.4,2.500000000000001,75.0,6.333333333333333,0.3333333333333333,2,3,213.904,0
2022,22,Abu Dhabi Grand Prix,yas_marina,russell,RUS,mercedes,6,5,10.0,Finished,0,0,6,0,4.0,252.0,1.0,3.0,485.0,1.0,3.3333333333333335,6.4,50.0,0.0,0.666666666666667,85.0,16.666666666666668,0.0,2,2,214.007,0
2022,22,Abu Dhabi Grand Prix,yas_marina,norris,NOR,mclaren,7,6,9.0,Finished,0,0,7,0,7.0,107.0,0.0,5.0,139.0,0.0,11.0,9.4,10.0,0.2,-1.666666666666666,19.0,6.666666666666667,0.0,2,1,215.085,0
2022,22,Abu Dhabi Grand Prix,yas_marina,ocon,OCO,alpine,8,7,6.0,Finished,0,0,8,0,8.0,83.0,0.0,4.0,164.0,0.0,9.0,9.4,8.0,0.2,-0.6666666666666661,24.0,9.0,0.0,2,5,212.817,0
2022,22,Abu Dhabi Grand Prix,yas_marina,stroll,STR,aston_martin,14,8,4.0,Finished,0,0,14,0,15.0,14.0,0.0,7.0,50.0,0.0,14.333333333333334,12.2,1.0,0.2,1.6666666666666679,6.0,14.333333333333334,0.0,2,9,212.135,0
2022,22,Abu Dhabi Grand Prix,yas_marina,ricciardo,RIC,mclaren,13,9,2.0,Finished,0,0,10,0,12.0,32.0,0.0,5.0,139.0,0.0,14.333333333333334,11.8,6.0,0.2,1.6666666666666679,19.0,10.0,0.0,1,18,209.413,0
2022,22,Abu Dhabi Grand Prix,yas_marina,vettel,VET,aston_martin,9,10,1.0,Finished,0,0,9,0,11.0,36.0,0.0,7.0,50.0,0.0,11.0,9.4,4.0,0.0,-1.666666666666666,6.0,10.0,0.0,1,15,210.51,0
2022,22,Abu Dhabi Grand Prix,yas_marina,tsunoda,TSU,alphatauri,11,11,0.0,Finished,0,0,12,0,17.0,12.0,0.0,8.0,35.0,0.0,15.666666666666666,15.0,1.0,0.4,1.3333333333333321,0.0,4.0,0.0,2,7,212.446,0
2022,22,Abu Dhabi Grand Prix,yas_marina,zhou,ZHO,alfa,15,12,0.0,+1 Lap,0,0,15,0,18.0,6.0,0.0,6.0,53.0,0.0,12.333333333333334,14.6,0.0,0.2,-0.16666666666666607,3.0,10.0,0.0,2,8,212.183,0
2022,22,Abu Dhabi Grand Prix,yas_marina,albon,ALB,williams,19,13,0.0,+1 Lap,0,0,19,0,19.0,4.0,0.0,10.0,8.0,0.0,13.333333333333334,15.4,0.0,0.4,-1.8333333333333321,0.0,5.0,0.0,2,13,211.383,0
2022,22,Abu Dhabi Grand Prix,yas_marina,gasly,GAS,alphatauri,17,14,0.0,+1 Lap,0,0,17,0,13.0,23.0,0.0,8.0,35.0,0.0,13.0,13.4,0.0,0.0,-1.333333333333334,0.0,10.333333333333334,0.0,1,19,208.732,0
2022,22,Abu Dhabi Grand Prix,yas_marina,bottas,BOT,alfa,18,15,0.0,+1 Lap,0,0,18,0,10.0,47.0,0.0,6.0,53.0,0.0,12.666666666666666,12.8,3.0,0.2,0.16666666666666607,3.0,4.0,0.3333333333333333,1,16,210.417,0
2022,22,Abu Dhabi Grand Prix,yas_marina,mick_schumacher,MSC,haas,12,16,0.0,+1 Lap,0,0,13,0,16.0,12.0,0.0,9.0,33.0,0.0,14.666666666666666,14.8,0.0,0.0,-0.16666666666666785,0.0,14.0,0.0,2,12,211.632,0
2022,22,Abu Dhabi Grand Prix,yas_marina,kevin_magnussen,MAG,haas,16,17,0.0,+1 Lap,0,0,16,0,14.0,21.0,0.0,9.0,33.0,0.0,15.0,14.2,2.0,0.2,0.16666666666666607,0.0,16.0,0.0,1,20,208.556,0
2022,22,Abu Dhabi Grand Prix,yas_marina,hamilton,HAM,mercedes,5,18,0.0,Hydraulics,0,1,5,0,5.0,233.0,0.0,3.0,485.0,1.0,2.0,4.0,54.0,0.0,-0.6666666666666665,85.0,2.0,1.0,1,11,211.738,0
2022,22,Abu Dhabi Grand Prix,yas_marina,latifi,LAT,williams,20,19,0.0,Collision damage,0,1,20,0,21.0,2.0,0.0,10.0,8.0,0.0,17.0,15.8,0.0,0.2,1.833333333333334,0.0,16.5,0.0,2,14,210.517,0
2022,22,Abu Dhabi Grand Prix,yas_marina,alonso,ALO,alpine,10,20,0.0,Water leak,0,1,11,0,9.0,81.0,0.0,4.0,164.0,0.0,10.333333333333334,11.2,16.0,0.4,0.6666666666666679,24.0,8.0,0.0,1,17,209.889,0
2023,1,Bahrain Grand Prix,bahrain,max_verstappen,VER,red_bull,1,1,25.0,Finished,1,0,1,1,10.0,0.0,0.0,5.0,0.0,0.0,2.6666666666666665,2.0,58.0,0.0,-0.8333333333333335,0.0,9.2,0.4,2,6,202.452,0
2023,1,Bahrain Grand Prix,bahrain,perez,PER,red_bull,2,2,18.0,Finished,1,0,2,1,10.0,0.0,0.0,5.0,0.0,0.0,4.333333333333333,3.8,36.0,0.0,0.833333333333333,0.0,10.4,0.2,2,7,202.225,0
2023,1,Bahrain Grand Prix,bahrain,alonso,ALO,aston_martin,5,3,15.0,Finished,1,0,5,0,10.0,0.0,0.0,5.0,0.0,0.0,14.666666666666666,11.6,10.0,0.4,3.333333333333332,0.0,14.0,0.0,2,5,202.62,0
2023,1,Bahrain Grand Prix,bahrain,sainz,SAI,ferrari,4,4,12.0,Finished,0,0,4,0,10.0,0.0,0.0,5.0,0.0,0.0,4.0,10.2,37.0,0.4,0.0,0.0,7.6,0.2,2,14,200.588,0
2023,1,Bahrain Grand Prix,bahrain,hamilton,HAM,mercedes,7,5,10.0,Finished,0,0,7,0,10.0,0.0,0.0,5.0,0.0,0.0,7.333333333333333,5.8,36.0,0.2,2.0,0.0,1.5,1.0,2,10,201.802,0
2023,1,Bahrain Grand Prix,bahrain,stroll,STR,aston_martin,8,6,8.0,Finished,0,0,8,0,10.0,0.0,0.0,5.0,0.0,0.0,11.0,12.6,5.0,0.2,-0.3333333333333339,0.0,11.6,0.2,2,9,201.802,0
2023,1,Bahrain Grand Prix,bahrain,russell,RUS,mercedes,6,7,6.0,Finished,0,0,6,0,10.0,0.0,0.0,5.0,0.0,0.0,3.3333333333333335,4.6,49.0,0.0,-1.9999999999999996,0.0,10.8,0.0,2,17,200.401,0
2023,1,Bahrain Grand Prix,bahrain,bottas,BOT,alfa,12,8,4.0,Finished,0,0,12,0,10.0,0.0,0.0,5.0,0.0,0.0,11.333333333333334,13.6,3.0,0.2,-0.5,0.0,5.4,0.4,2,18,200.075,0
2023,1,Bahrain Grand Prix,bahrain,gasly,GAS,alpine,20,9,2.0,Finished,0,0,20,0,10.0,0.0,0.0,5.0,0.0,0.0,13.0,14.2,0.0,0.0,1.833333333333334,0.0,12.4,0.0,2,2,204.939,0
2023,1,Bahrain Grand Prix,bahrain,albon,ALB,williams,15,10,1.0,Finished,0,0,15,0,10.0,0.0,0.0,5.0,0.0,0.0,13.333333333333334,14.6,0.0,0.2,-2.166666666666666,0.0,7.75,0.25,2,15,200.559,0
2023,1,Bahrain Grand Prix,bahrain,tsunoda,TSU,alphatauri,14,11,0.0,Finished,0,0,14,0,10.0,0.0,0.0,5.0,0.0,0.0,16.0,14.2,0.0,0.2,1.5,0.0,8.5,0.0,2,12,201.612,0
2023,1,Bahrain Grand Prix,bahrain,sargeant,SAR,williams,16,12,0.0,Lapped,0,1,16,0,10.0,0.0,0.0,5.0,0.0,0.0,,,,,0.0,0.0,10.0,0.0,2,4,202.871,0
2023,1,Bahrain Grand Prix,bahrain,kevin_magnussen,MAG,haas,17,13,0.0,Lapped,0,1,17,0,10.0,0.0,0.0,5.0,0.0,0.0,17.666666666666668,15.2,0.0,0.2,1.3333333333333357,0.0,12.5,0.0,2,8,201.959,0
2023,1,Bahrain Grand Prix,bahrain,de_vries,DEV,alphatauri,19,14,0.0,Lapped,0,1,19,0,10.0,0.0,0.0,5.0,0.0,0.0,9.0,9.0,2.0,0.0,-5.5,0.0,10.0,0.0,2,19,199.4,0
2023,1,Bahrain Grand Prix,bahrain,hulkenberg,HUL,haas,10,15,0.0,Lapped,0,1,10,0,10.0,0.0,0.0,5.0,0.0,0.0,12.333333333333334,12.8,4.0,0.2,-3.9999999999999982,0.0,17.0,0.0,2,11,201.656,0
2023,1,Bahrain Grand Prix,bahrain,zhou,ZHO,alfa,13,16,0.0,Lapped,0,1,13,0,10.0,0.0,0.0,5.0,0.0,0.0,12.333333333333334,13.0,0.0,0.0,0.5,0.0,10.0,0.0,2,1,207.276,0
2023,1,Bahrain Grand Prix,bahrain,norris,NOR,mclaren,11,17,0.0,Lapped,0,1,11,0,10.0,0.0,0.0,5.0,0.0,0.0,11.0,9.8,11.0,0.2,-0.5,0.0,7.8,0.0,2,3,203.327,0
2023,1,Bahrain Grand Prix,bahrain,ocon,OCO,alpine,9,18,0.0,Retired,0,1,9,0,10.0,0.0,0.0,5.0,0.0,0.0,7.666666666666667,7.6,14.0,0.0,-3.499999999999999,0.0,7.75,0.25,2,13,201.278,0
2023,1,Bahrain Grand Prix,bahrain,leclerc,LEC,ferrari,3,19,0.0,Retired,0,1,3,0,10.0,0.0,0.0,5.0,0.0,0.0,4.0,3.6,38.0,0.0,0.0,0.0,8.0,0.4,2,16,200.506,0
2023,1,Bahrain Grand Prix,bahrain,piastri,PIA,mclaren,18,20,0.0,Retired,0,1,18,0,10.0,0.0,0.0,5.0,0.0,0.0,,,,,0.0,0.0,10.0,0.0,2,20,193.494,0
2023,2,Saudi Arabian Grand Prix,jeddah,perez,PER,red_bull,1,1,25.0,Finished,1,0,1,1,2.0,18.0,0.0,1.0,43.0,1.0,4.0,3.8,39.0,0.0,0.6666666666666665,0.0,10.5,0.0,1,2,241.098,0
2023,2,Saudi Arabian Grand Prix,jeddah,max_verstappen,VER,red_bull,15,2,19.0,Finished,1,0,15,0,1.0,25.0,1.0,1.0,43.0,1.0,2.6666666666666665,2.0,58.0,0.0,-0.666666666666667,0.0,1.5,1.0,1,1,241.838,0
2023,2,Saudi Arabian Grand Prix,jeddah,alonso,ALO,aston_martin,2,3,15.0,Finished,1,0,3,0,3.0,15.0,0.0,2.0,23.0,0.0,9.333333333333334,10.8,25.0,0.4,1.333333333333334,0.0,14.5,0.0,1,3,240.962,0
2023,2,Saudi Arabian Grand Prix,jeddah,russell,RUS,mercedes,3,4,12.0,Finished,0,0,4,0,7.0,6.0,0.0,3.0,16.0,0.0,4.333333333333333,4.4,42.0,0.0,-2.0,0.0,12.0,0.0,1,4,240.459,0
2023,2,Saudi Arabian Grand Prix,jeddah,hamilton,HAM,mercedes,7,5,10.0,Finished,0,0,8,0,5.0,10.0,0.0,3.0,16.0,0.0,8.333333333333334,5.8,28.0,0.2,2.000000000000001,0.0,5.5,0.5,1,6,239.145,0
2023,2,Saudi Arabian Grand Prix,jeddah,sainz,SAI,ferrari,4,6,8.0,Finished,0,0,5,0,4.0,12.0,0.0,4.0,12.0,0.0,3.6666666666666665,7.2,39.0,0.2,-2.3333333333333335,0.0,5.5,0.5,1,5,239.451,0
2023,2,Saudi Arabian Grand Prix,jeddah,leclerc,LEC,ferrari,12,7,6.0,Finished,0,0,2,1,15.0,0.0,0.0,4.0,12.0,0.0,8.333333333333334,6.8,30.0,0.2,2.333333333333334,0.0,4.5,0.5,1,7,238.849,0
2023,2,Saudi Arabian Grand Prix,jeddah,ocon,OCO,alpine,6,8,4.0,Finished,0,0,7,0,13.0,0.0,0.0,6.0,2.0,0.0,11.0,10.4,10.0,0.2,-0.16666666666666607,0.0,5.0,0.0,1,8,238.424,0
2023,2,Saudi Arabian Grand Prix,jeddah,gasly,GAS,alpine,9,9,2.0,Finished,0,0,10,0,9.0,2.0,0.0,6.0,2.0,0.0,12.333333333333334,12.4,2.0,0.0,1.1666666666666679,0.0,7.0,0.0,1,10,237.99,0
2023,2,Saudi Arabian Grand Prix,jeddah,kevin_magnussen,MAG,haas,13,10,1.0,Finished,0,0,13,0,16.0,0.0,0.0,9.0,0.0,0.0,16.333333333333332,15.0,0.0,0.4,0.8333333333333321,0.0,9.0,0.0,1,9,238.036,0
2023,2,Saudi Arabian Grand Prix,jeddah,tsunoda,TSU,alphatauri,16,11,0.0,Finished,0,0,16,0,19.0,0.0,0.0,8.0,0.0,0.0,13.0,13.8,0.0,0.2,-0.5,0.0,16.5,0.0,1,14,236.624,0
2023,2,Saudi Arabian Grand Prix,jeddah,hulkenberg,HUL,haas,10,12,0.0,Finished,0,0,11,0,12.0,0.0,0.0,9.0,0.0,0.0,14.666666666666666,11.8,0.0,0.2,-0.8333333333333339,0.0,12.0,0.0,1,12,237.005,0
2023,2,Saudi Arabian Grand Prix,jeddah,zhou,ZHO,alfa,11,13,0.0,Finished,0,0,12,0,20.0,0.0,0.0,5.0,4.0,0.0,13.333333333333334,13.0,0.0,0.2,1.333333333333334,0.0,11.0,0.0,2,13,236.718,0
2023,2,Saudi Arabian Grand Prix,jeddah,de_vries,DEV,alphatauri,18,14,0.0,Finished,0,0,18,0,11.0,0.0,0.0,8.0,0.0,0.0,11.5,11.5,2.0,0.5,-2.0,0.0,10.0,0.0,1,11,237.438,0
2023,2,Saudi Arabian Grand Prix,jeddah,piastri,PIA,mclaren,8,15,0.0,Finished,0,0,9,0,17.0,0.0,0.0,10.0,0.0,0.0,20.0,20.0,0.0,1.0,5.0,0.0,10.0,0.0,1,16,235.731,0
2023,2,Saudi Arabian Grand Prix,jeddah,sargeant,SAR,williams,20,16,0.0,Finished,0,0,20,0,18.0,0.0,0.0,7.0,1.0,0.0,12.0,12.0,0.0,1.0,-2.166666666666666,0.0,10.0,0.0,1,18,235.277,0
2023,2,Saudi Arabian Grand Prix,jeddah,norris,NOR,mclaren,19,17,0.0,Finished,0,0,19,0,14.0,0.0,0.0,10.0,0.0,0.0,13.666666666666666,11.2,9.0,0.4,-1.333333333333334,0.0,8.5,0.0,2,15,236.144,0
2023,2,Saudi Arabian Grand Prix,jeddah,bottas,BOT,alfa,14,18,0.0,Lapped,0,1,14,0,8.0,4.0,0.0,5.0,4.0,0.0,10.666666666666666,12.2,6.0,0.2,-1.333333333333334,0.0,9.0,0.5,3,17,235.489,0
2023,2,Saudi Arabian Grand Prix,jeddah,albon,ALB,williams,17,19,0.0,Retired,0,1,17,0,10.0,1.0,0.0,7.0,1.0,0.0,12.666666666666666,12.6,1.0,0.0,-1.5,0.0,14.0,0.0,1,20,232.574,0
2023,2,Saudi Arabian Grand Prix,jeddah,stroll,STR,aston_martin,5,20,0.0,Retired,0,1,6,0,6.0,8.0,0.0,2.0,23.0,0.0,8.0,11.4,13.0,0.2,0.0,0.0,12.0,0.0,1,19,233.617,0
2023,3,Australian Grand Prix,albert_park,max_verstappen,VER,red_bull,1,1,25.0,Finished,1,0,1,1,1.0,44.0,1.0,1.0,87.0,2.0,1.3333333333333333,2.2,69.0,0.0,-0.3333333333333335,0.0,10.5,0.5,2,2,236.498,0
2023,3,Australian Grand Prix,albert_park,hamilton,HAM,mercedes,3,2,18.0,Finished,1,0,3,0,5.0,20.0,0.0,3.0,38.0,0.0,9.333333333333334,6.4,20.0,0.2,2.000000000000001,0.0,3.0,0.5,2,5,235.703,0
2023,3,Australian Grand Prix,albert_park,alonso,ALO,aston_martin,4,3,15.0,Finished,1,0,4,0,3.0,30.0,0.0,2.0,38.0,0.0,8.666666666666666,10.0,30.0,0.4,0.33333333333333215,0.0,17.0,0.0,2,4,236.105,0
2023,3,Australian Grand Prix,albert_park,stroll,STR,aston_martin,6,4,12.0,Finished,0,0,6,0,7.0,8.0,0.0,2.0,38.0,0.0,11.333333333333334,11.8,12.0,0.2,3.0,0.0,10.5,0.0,2,6,234.769,0
2023,3,Australian Grand Prix,albert_park,perez,PER,red_bull,20,5,11.0,Finished,0,0,20,0,2.0,43.0,1.0,1.0,87.0,2.0,2.0,3.2,58.0,0.0,0.33333333333333326,0.0,7.5,0.5,2,1,236.814,0
2023,3,Australian Grand Prix,albert_park,norris,NOR,mclaren,13,6,8.0,Finished,0,0,13,0,15.0,0.0,0.0,10.0,0.0,0.0,13.333333333333334,13.4,9.0,0.4,-0.6666666666666661,0.0,8.5,0.0,2,9,234.077,0
2023,3,Australian Grand Prix,albert_park,hulkenberg,HUL,haas,10,7,6.0,Finished,0,0,10,0,16.0,0.0,0.0,8.0,1.0,0.0,13.0,12.8,0.0,0.2,-0.8333333333333339,0.0,7.0,0.0,2,8,234.219,0
2023,3,Australian Grand Prix,albert_park,piastri,PIA,mclaren,16,8,4.0,Finished,0,0,16,0,17.0,0.0,0.0,10.0,0.0,0.0,17.5,17.5,0.0,0.5,3.5,0.0,10.0,0.0,2,12,233.611,0
2023,3,Australian Grand Prix,albert_park,zhou,ZHO,alfa,17,9,2.0,Finished,0,0,17,0,20.0,0.0,0.0,6.0,4.0,0.0,13.666666666666666,13.2,0.0,0.2,0.0,0.0,11.0,0.0,2,16,232.229,0
2023,3,Australian Grand Prix,albert_park,tsunoda,TSU,alphatauri,12,10,1.0,Finished,0,0,12,0,19.0,0.0,0.0,9.0,0.0,0.0,11.0,14.0,0.0,0.2,-1.5,0.0,15.0,0.0,2,15,232.314,0
2023,3,Australian Grand Prix,albert_park,bottas,BOT,alfa,19,11,0.0,Finished,0,0,19,0,11.0,4.0,0.0,6.0,4.0,0.0,13.666666666666666,12.0,4.0,0.2,0.0,0.0,4.5,0.5,2,17,231.06,0
2023,3,Australian Grand Prix,albert_park,sainz,SAI,ferrari,5,12,0.0,Finished,0,0,5,0,4.0,20.0,0.0,4.0,26.0,0.0,4.666666666666667,4.4,32.0,0.0,-2.333333333333333,0.0,20.0,0.0,2,3,236.131,0
2023,3,Australian Grand Prix,albert_park,gasly,GAS,alpine,9,13,0.0,Retired,0,1,9,0,10.0,4.0,0.0,5.0,8.0,0.0,10.666666666666666,11.4,4.0,0.0,-1.1666666666666679,0.0,10.0,0.0,2,7,234.592,0
2023,3,Australian Grand Prix,albert_park,ocon,OCO,alpine,11,14,0.0,Retired,0,1,11,0,9.0,4.0,0.0,5.0,8.0,0.0,11.0,9.8,10.0,0.2,-0.8333333333333339,0.0,7.0,0.0,2,11,233.991,0
2023,3,Australian Grand Prix,albert_park,de_vries,DEV,alphatauri,15,15,0.0,Retired,0,1,15,0,14.0,0.0,0.0,9.0,0.0,0.0,12.333333333333334,12.333333333333334,2.0,0.3333333333333333,-0.16666666666666607,0.0,10.0,0.0,2,10,234.049,0
2023,3,Australian Grand Prix,albert_park,sargeant,SAR,williams,18,16,0.0,Retired,0,1,18,0,18.0,0.0,0.0,7.0,1.0,0.0,14.0,14.0,0.0,0.5,-0.8333333333333339,0.0,10.0,0.0,2,13,233.264,0
2023,3,Australian Grand Prix,albert_park,kevin_magnussen,MAG,haas,14,17,0.0,Retired,0,1,14,0,13.0,1.0,0.0,8.0,1.0,0.0,13.333333333333334,15.2,1.0,0.4,-0.5,0.0,10.0,0.0,2,14,232.61,0
2023,3,Australian Grand Prix,albert_park,russell,RUS,mercedes,2,18,0.0,Retired,0,1,2,1,6.0,18.0,0.0,3.0,38.0,0.0,5.333333333333333,4.2,28.0,0.0,-2.0,0.0,9.5,0.5,2,18,229.811,0
2023,3,Australian Grand Prix,albert_park,albon,ALB,williams,8,19,0.0,Retired,0,1,8,0,12.0,1.0,0.0,7.0,1.0,0.0,14.0,13.8,1.0,0.2,-0.8333333333333339,0.0,12.0,0.0,2,19,227.966,0
2023,3,Australian Grand Prix,albert_park,leclerc,LEC,ferrari,7,20,0.0,Retired,0,1,7,0,8.0,6.0,0.0,4.0,26.0,0.0,9.333333333333334,7.6,24.0,0.2,2.333333333333334,0.0,3.0,0.5,2,10,207.043,0
2023,4,Azerbaijan Grand Prix,baku,perez,PER,red_bull,3,1,25.0,Finished,1,0,3,0,2.0,54.0,1.0,1.0,123.0,3.0,2.6666666666666665,3.6,54.0,0.0,0.6666666666666665,123.0,3.0,0.6666666666666666,1,5,206.625,0
2023,4,Azerbaijan Grand Prix,baku,max_verstappen,VER,red_bull,2,2,18.0,Finished,1,0,2,1,1.0,69.0,2.0,1.0,123.0,3.0,1.3333333333333333,2.2,69.0,0.0,-0.6666666666666667,123.0,7.666666666666667,0.3333333333333333,1,2,207.333,0
2023,4,Azerbaijan Grand Prix,baku,leclerc,LEC,ferrari,1,3,15.0,Finished,1,0,1,1,9.0,6.0,0.0,4.0,26.0,0.0,15.333333333333334,10.4,6.0,0.4,4.0,39.0,9.333333333333334,0.0,1,4,206.681,0
2023,4,Azerbaijan Grand Prix,baku,alonso,ALO,aston_martin,6,4,12.0,Finished,0,0,6,0,3.0,45.0,0.0,2.0,65.0,0.0,3.0,6.8,45.0,0.2,-3.5,60.0,6.5,0.0,1,3,207.315,0
2023,4,Azerbaijan Grand Prix,baku,sainz,SAI,ferrari,4,5,10.0,Finished,0,0,4,0,6.0,20.0,0.0,4.0,26.0,0.0,7.333333333333333,5.8,20.0,0.0,-4.000000000000001,39.0,11.666666666666666,0.0,1,6,205.474,0
2023,4,Azerbaijan Grand Prix,baku,hamilton,HAM,mercedes,5,6,8.0,Finished,0,0,5,0,4.0,38.0,0.0,3.0,56.0,0.0,4.0,6.4,38.0,0.2,-2.833333333333333,53.0,7.0,0.3333333333333333,1,7,205.141,0
2023,4,Azerbaijan Grand Prix,baku,stroll,STR,aston_martin,9,7,6.0,Finished,0,0,9,0,5.0,20.0,0.0,2.0,65.0,0.0,10.0,9.6,20.0,0.2,3.5,60.0,14.666666666666666,0.0,1,9,204.595,0
2023,4,Azerbaijan Grand Prix,baku,russell,RUS,mercedes,11,8,5.0,Finished,0,0,11,0,7.0,18.0,0.0,3.0,56.0,0.0,9.666666666666666,7.0,18.0,0.2,2.833333333333333,53.0,11.666666666666666,0.3333333333333333,2,1,209.062,0
2023,4,Azerbaijan Grand Prix,baku,norris,NOR,mclaren,7,9,2.0,Finished,0,0,7,0,8.0,8.0,0.0,5.0,12.0,0.0,13.333333333333334,12.8,8.0,0.4,-0.5,14.0,7.333333333333333,0.0,1,12,204.38,0
2023,4,Azerbaijan Grand Prix,baku,tsunoda,TSU,alphatauri,8,10,1.0,Finished,0,0,8,0,17.0,1.0,0.0,9.0,1.0,0.0,10.666666666666666,12.0,1.0,0.0,-1.833333333333334,2.0,10.0,0.0,1,11,204.401,0
2023,4,Azerbaijan Grand Prix,baku,piastri,PIA,mclaren,10,11,0.0,Finished,0,0,10,0,12.0,4.0,0.0,5.0,12.0,0.0,14.333333333333334,14.333333333333334,4.0,0.3333333333333333,0.5,14.0,10.0,0.0,1,10,204.587,0
2023,4,Azerbaijan Grand Prix,baku,albon,ALB,williams,12,12,0.0,Finished,0,0,13,0,16.0,1.0,0.0,10.0,1.0,0.0,16.0,15.2,1.0,0.4,0.6666666666666661,0.0,11.5,0.0,1,15,204.019,0
2023,4,Azerbaijan Grand Prix,baku,kevin_magnussen,MAG,haas,16,13,0.0,Finished,0,0,18,0,18.0,1.0,0.0,7.0,7.0,0.0,13.333333333333334,15.2,1.0,0.6,1.0,7.0,15.0,0.0,1,13,204.164,0
2023,4,Azerbaijan Grand Prix,baku,gasly,GAS,alpine,17,14,0.0,Finished,0,0,19,0,13.0,4.0,0.0,6.0,8.0,0.0,10.333333333333334,11.8,4.0,0.2,-1.5,6.0,8.333333333333334,0.3333333333333333,2,8,204.764,0
2023,4,Azerbaijan Grand Prix,baku,ocon,OCO,alpine,19,15,0.0,Finished,0,0,12,0,14.0,4.0,0.0,6.0,8.0,0.0,13.333333333333334,11.0,4.0,0.4,1.5,6.0,15.0,0.0,1,14,204.052,0
2023,4,Azerbaijan Grand Prix,baku,sargeant,SAR,williams,14,16,0.0,Finished,0,0,15,0,20.0,0.0,0.0,10.0,1.0,0.0,14.666666666666666,14.666666666666666,0.0,0.6666666666666666,-0.6666666666666679,0.0,10.0,0.0,1,17,202.916,0
2023,4,Azerbaijan Grand Prix,baku,hulkenberg,HUL,haas,20,17,0.0,Lapped,0,1,17,0,10.0,6.0,0.0,7.0,7.0,0.0,11.333333333333334,12.6,6.0,0.2,-1.0,7.0,14.0,0.0,1,18,202.479,0
2023,4,Azerbaijan Grand Prix,baku,bottas,BOT,alfa,13,18,0.0,Lapped,0,1,14,0,11.0,4.0,0.0,8.0,6.0,0.0,12.333333333333334,12.2,4.0,0.2,-0.16666666666666607,2.0,8.0,0.3333333333333333,3,16,203.292,0
2023,4,Azerbaijan Grand Prix,baku,zhou,ZHO,alfa,15,19,0.0,Retired,0,1,16,0,15.0,2.0,0.0,8.0,6.0,0.0,12.666666666666666,12.4,2.0,0.2,0.16666666666666607,2.0,18.0,0.0,1,19,200.931,0
2023,4,Azerbaijan Grand Prix,baku,de_vries,DEV,alphatauri,18,20,0.0,Retired,0,1,20,0,19.0,0.0,0.0,9.0,1.0,0.0,14.333333333333334,13.0,0.0,0.5,1.833333333333334,2.0,10.0,0.0,2,20,198.663,0
2023,5,Miami Grand Prix,miami,max_verstappen,VER,red_bull,9,1,26.0,Finished,1,0,9,0,1.0,87.0,2.0,1.0,166.0,4.0,1.6666666666666667,1.4,62.0,0.0,-0.33333333333333326,123.0,1.0,1.0,1,1,217.184,0
2023,5,Miami Grand Prix,miami,perez,PER,red_bull,1,2,18.0,Finished,1,0,1,1,2.0,79.0,2.0,1.0,166.0,4.0,2.3333333333333335,2.4,61.0,0.0,0.3333333333333335,123.0,4.0,0.0,1,3,215.141,0
2023,5,Miami Grand Prix,miami,alonso,ALO,aston_martin,2,3,15.0,Finished,1,0,2,1,3.0,57.0,0.0,2.0,83.0,0.0,3.3333333333333335,6.6,42.0,0.2,-3.4999999999999996,60.0,11.0,0.0,1,2,215.238,0
2023,5,Miami Grand Prix,miami,russell,RUS,mercedes,6,4,12.0,Finished,0,0,6,0,7.0,23.0,0.0,3.0,69.0,0.0,10.0,8.4,17.0,0.2,2.833333333333333,51.0,5.0,0.0,1,7,214.065,0
2023,5,Miami Grand Prix,miami,sainz,SAI,ferrari,3,5,10.0,Finished,0,0,3,0,5.0,30.0,0.0,4.0,51.0,0.0,7.666666666666667,6.2,18.0,0.0,-1.166666666666667,41.0,3.0,1.0,1,10,213.252,0
2023,5,Miami Grand Prix,miami,hamilton,HAM,mercedes,13,6,8.0,Finished,0,0,13,0,4.0,46.0,0.0,3.0,69.0,0.0,4.333333333333333,7.2,36.0,0.2,-2.833333333333334,51.0,6.0,0.0,1,4,214.882,0
2023,5,Miami Grand Prix,miami,leclerc,LEC,ferrari,7,7,6.0,Finished,0,0,7,0,8.0,21.0,0.0,4.0,51.0,0.0,10.0,10.2,21.0,0.4,1.166666666666666,41.0,2.0,1.0,1,11,213.084,0
2023,5,Miami Grand Prix,miami,gasly,GAS,alpine,5,8,4.0,Finished,0,0,5,0,13.0,4.0,0.0,6.0,8.0,0.0,12.0,11.8,2.0,0.2,-0.16666666666666607,6.0,18.0,0.0,1,17,211.84,0
2023,5,Miami Grand Prix,miami,ocon,OCO,alpine,8,9,2.0,Finished,0,0,8,0,14.0,4.0,0.0,6.0,8.0,0.0,12.333333333333334,12.4,4.0,0.4,0.16666666666666785,6.0,8.0,0.0,1,9,213.765,0
2023,5,Miami Grand Prix,miami,kevin_magnussen,MAG,haas,4,10,1.0,Finished,0,0,4,0,17.0,1.0,0.0,7.0,7.0,0.0,13.333333333333334,14.0,1.0,0.4,0.6666666666666679,7.0,16.0,0.0,1,13,212.487,0
2023,5,Miami Grand Prix,miami,tsunoda,TSU,alphatauri,17,11,0.0,Finished,0,0,17,0,16.0,2.0,0.0,9.0,2.0,0.0,10.333333333333334,10.6,2.0,0.0,-3.0,2.0,12.0,0.0,1,8,214.011,0
2023,5,Miami Grand Prix,miami,stroll,STR,aston_martin,18,12,0.0,Finished,0,0,18,0,6.0,26.0,0.0,2.0,83.0,0.0,10.333333333333334,9.0,18.0,0.2,3.500000000000001,60.0,10.0,0.0,1,5,214.426,0
2023,5,Miami Grand Prix,miami,bottas,BOT,alfa,10,13,0.0,Finished,0,0,10,0,11.0,4.0,0.0,8.0,6.0,0.0,15.666666666666666,14.0,0.0,0.4,1.0,2.0,7.0,0.0,1,15,212.147,0
2023,5,Miami Grand Prix,miami,albon,ALB,williams,11,14,0.0,Finished,0,0,11,0,18.0,1.0,0.0,10.0,1.0,0.0,16.666666666666668,14.6,0.0,0.4,0.3333333333333357,0.0,9.0,0.0,1,16,212.115,0
2023,5,Miami Grand Prix,miami,hulkenberg,HUL,haas,12,15,0.0,Finished,0,0,12,0,10.0,6.0,0.0,7.0,7.0,0.0,12.0,12.6,6.0,0.4,-0.6666666666666661,7.0,10.0,0.0,1,6,214.334,0
2023,5,Miami Grand Prix,miami,zhou,ZHO,alfa,14,16,0.0,Finished,0,0,14,0,15.0,2.0,0.0,8.0,6.0,0.0,13.666666666666666,13.8,2.0,0.4,-1.0,2.0,20.0,0.0,1,14,212.383,0
2023,5,Miami Grand Prix,miami,norris,NOR,mclaren,16,17,0.0,Finished,0,0,16,0,9.0,10.0,0.0,5.0,14.0,0.0,10.666666666666666,11.0,10.0,0.2,-0.3333333333333339,14.0,19.0,0.0,1,20,210.854,0
2023,5,Miami Grand Prix,miami,de_vries,DEV,alphatauri,15,18,0.0,Finished,0,0,15,0,19.0,0.0,0.0,9.0,2.0,0.0,16.333333333333332,14.4,0.0,0.6,2.9999999999999982,2.0,10.0,0.0,1,12,212.786,0
2023,5,Miami Grand Prix,miami,piastri,PIA,mclaren,19,19,0.0,Lapped,0,1,19,0,12.0,4.0,0.0,5.0,14.0,0.0,11.333333333333334,13.5,4.0,0.25,0.3333333333333339,14.0,10.0,0.0,1,18,211.76,0
2023,5,Miami Grand Prix,miami,sargeant,SAR,williams,20,20,0.0,Lapped,0,1,20,0,20.0,0.0,0.0,10.0,1.0,0.0,16.0,15.0,0.0,0.5,-0.33333333333333215,0.0,10.0,0.0,1,19,210.893,0
2023,6,Monaco Grand Prix,monaco,max_verstappen,VER,red_bull,1,1,25.0,Finished,1,0,1,1,1.0,113.0,3.0,1.0,210.0,5.0,1.3333333333333333,1.4,69.0,0.0,-0.6666666666666667,112.0,2.6666666666666665,0.6666666666666666,2,10,207.043,0
2023,6,Monaco Grand Prix,monaco,alonso,ALO,aston_martin,2,2,18.0,Finished,1,0,2,1,3.0,72.0,0.0,2.0,98.0,0.0,3.3333333333333335,3.2,42.0,0.0,-2.1666666666666665,51.0,10.0,0.0,2,10,207.043,0
2023,6,Monaco Grand Prix,monaco,ocon,OCO,alpine,3,3,15.0,Finished,1,0,4,0,11.0,6.0,0.0,6.0,14.0,0.0,12.666666666666666,12.8,2.0,0.4,0.5,27.0,10.5,0.0,2,10,207.043,0
2023,6,Monaco Grand Prix,monaco,hamilton,HAM,mercedes,5,4,13.0,Finished,0,0,6,0,4.0,54.0,0.0,3.0,89.0,0.0,4.666666666666667,4.8,34.0,0.0,-2.666666666666666,56.0,5.333333333333333,0.3333333333333333,2,10,207.043,0
2023,6,Monaco Grand Prix,monaco,russell,RUS,mercedes,8,5,10.0,Finished,0,0,8,0,6.0,35.0,0.0,3.0,89.0,0.0,10.0,8.2,17.0,0.2,2.666666666666667,56.0,11.333333333333334,0.0,2,10,207.043,0
2023,6,Monaco Grand Prix,monaco,leclerc,LEC,ferrari,6,6,8.0,Finished,0,0,3,0,7.0,27.0,0.0,4.0,67.0,0.0,10.0,11.2,21.0,0.4,1.333333333333334,53.0,14.666666666666666,0.0,2,10,207.043,1
2023,6,Monaco Grand Prix,monaco,gasly,GAS,alpine,7,7,6.0,Finished,0,0,7,0,10.0,8.0,0.0,6.0,14.0,0.0,11.666666666666666,10.6,4.0,0.2,-0.5,27.0,7.333333333333333,0.0,2,10,207.043,0
2023,6,Monaco Grand Prix,monaco,sainz,SAI,ferrari,4,8,4.0,Finished,0,0,5,0,5.0,40.0,0.0,4.0,67.0,0.0,7.333333333333333,6.4,20.0,0.0,-1.333333333333333,53.0,3.3333333333333335,0.6666666666666666,2,10,207.043,0
2023,6,Monaco Grand Prix,monaco,norris,NOR,mclaren,10,9,2.0,Lapped,0,1,10,0,9.0,10.0,0.0,5.0,14.0,0.0,10.666666666666666,13.2,10.0,0.2,-1.0,5.0,6.666666666666667,0.3333333333333333,2,10,207.043,0
2023,6,Monaco Grand Prix,monaco,piastri,PIA,mclaren,11,10,1.0,Lapped,0,1,11,0,14.0,4.0,0.0,5.0,14.0,0.0,12.666666666666666,14.6,4.0,0.4,1.0,5.0,10.0,0.0,2,10,207.043,0
2023,6,Monaco Grand Prix,monaco,bottas,BOT,alfa,15,11,0.0,Lapped,0,1,15,0,13.0,4.0,0.0,8.0,6.0,0.0,14.0,13.6,0.0,0.4,-0.3333333333333339,0.0,10.333333333333334,0.3333333333333333,2,10,207.043,0
2023,6,Monaco Grand Prix,monaco,de_vries,DEV,alphatauri,12,12,0.0,Lapped,0,1,12,0,19.0,0.0,0.0,9.0,2.0,0.0,17.666666666666668,16.2,0.0,0.6,3.666666666666668,1.0,10.0,0.0,2,10,207.043,0
2023,6,Monaco Grand Prix,monaco,zhou,ZHO,alfa,19,13,0.0,Lapped,0,1,19,0,17.0,2.0,0.0,8.0,6.0,0.0,14.666666666666666,14.6,2.0,0.4,0.33333333333333215,0.0,16.0,0.0,2,10,207.043,0
2023,6,Monaco Grand Prix,monaco,albon,ALB,williams,13,14,0.0,Lapped,0,1,13,0,18.0,1.0,0.0,10.0,1.0,0.0,15.0,14.8,0.0,0.4,-1.1666666666666679,0.0,13.0,0.0,2,10,207.043,0
2023,6,Monaco Grand Prix,monaco,tsunoda,TSU,alphatauri,9,15,0.0,Lapped,0,1,9,0,16.0,2.0,0.0,9.0,2.0,0.0,10.333333333333334,10.6,2.0,0.0,-3.666666666666666,1.0,16.5,0.0,2,10,207.043,0
2023,6,Monaco Grand Prix,monaco,perez,PER,red_bull,20,16,0.0,Lapped,0,1,20,0,2.0,97.0,2.0,1.0,210.0,5.0,2.6666666666666665,2.2,54.0,0.0,0.6666666666666665,112.0,5.666666666666667,0.3333333333333333,2,10,207.043,0
2023,6,Monaco Grand Prix,monaco,hulkenberg,HUL,haas,18,17,0.0,Lapped,0,1,18,0,12.0,6.0,0.0,7.0,8.0,0.0,13.0,13.2,6.0,0.4,-0.16666666666666607,1.0,13.0,0.0,2,10,207.043,0
2023,6,Monaco Grand Prix,monaco,sargeant,SAR,williams,16,18,0.0,Lapped,0,1,16,0,20.0,0.0,0.0,10.0,1.0,0.0,17.333333333333332,16.0,0.0,0.6,1.1666666666666643,0.0,10.0,0.0,2,10,207.043,0
2023,6,Monaco Grand Prix,monaco,kevin_magnussen,MAG,haas,17,19,0.0,Retired,0,1,17,0,15.0,2.0,0.0,7.0,8.0,0.0,13.333333333333334,12.6,1.0,0.4,0.16666666666666785,1.0,17.0,0.0,2,10,207.043,0
2023,6,Monaco Grand Prix,monaco,stroll,STR,aston_martin,14,20,0.0,Retired,0,1,14,0,8.0,26.0,0.0,2.0,98.0,0.0,7.666666666666667,9.8,18.0,0.2,2.166666666666667,51.0,12.666666666666666,0.0,2,10,207.043,0
2023,7,Spanish Grand Prix,catalunya,max_verstappen,VER,red_bull,1,1,26.0,Finished,1,0,1,1,1.0,138.0,4.0,1.0,235.0,6.0,1.3333333333333333,1.4,69.0,0.0,-2.5,107.0,2.0,1.0,2,10,207.043,0
2023,7,Spanish Grand Prix,catalunya,hamilton,HAM,mercedes,4,2,18.0,Finished,1,0,5,0,4.0,67.0,0.0,3.0,112.0,0.0,5.333333333333333,4.6,29.0,0.0,-0.16666666666666696,76.0,2.0,0.75,2,10,207.043,0
2023,7,Spanish Grand Prix,catalunya,russell,RUS,mercedes,12,3,15.0,Finished,1,0,12,0,5.0,45.0,0.0,3.0,112.0,0.0,5.666666666666667,7.8,27.0,0.2,0.16666666666666696,76.0,12.75,0.25,2,10,207.043,0
2023,7,Spanish Grand Prix,catalunya,perez,PER,red_bull,11,4,12.0,Finished,0,0,11,0,2.0,97.0,2.0,1.0,235.0,6.0,6.333333333333333,5.0,43.0,0.2,2.4999999999999996,107.0,6.75,0.25,2,10,207.043,0
2023,7,Spanish Grand Prix,catalunya,sainz,SAI,ferrari,2,5,10.0,Finished,0,0,2,1,6.0,44.0,0.0,4.0,79.0,0.0,6.0,7.2,24.0,0.0,0.33333333333333304,38.0,6.25,0.0,2,10,207.043,1
2023,7,Spanish Grand Prix,catalunya,stroll,STR,aston_martin,5,6,8.0,Finished,0,0,6,0,8.0,26.0,0.0,2.0,116.0,0.0,13.0,12.6,6.0,0.4,5.0,47.0,12.25,0.0,2,10,207.043,0
2023,7,Spanish Grand Prix,catalunya,alonso,ALO,aston_martin,8,7,6.0,Finished,0,0,9,0,3.0,90.0,0.0,2.0,116.0,0.0,3.0,3.0,45.0,0.0,-5.0,47.0,13.0,0.0,2,10,207.043,1
2023,7,Spanish Grand Prix,catalunya,ocon,OCO,alpine,6,8,4.0,Finished,0,0,7,0,9.0,21.0,0.0,5.0,35.0,0.0,9.0,9.8,17.0,0.2,-0.3333333333333339,32.0,9.666666666666666,0.0,2,10,207.043,0
2023,7,Spanish Grand Prix,catalunya,zhou,ZHO,alfa,13,9,2.0,Finished,0,0,13,0,17.0,2.0,0.0,8.0,6.0,0.0,16.0,14.0,0.0,0.4,1.0,2.0,19.0,0.0,2,10,207.043,0
2023,7,Spanish Grand Prix,catalunya,gasly,GAS,alpine,10,10,1.0,Finished,0,0,4,0,10.0,14.0,0.0,5.0,35.0,0.0,9.666666666666666,10.2,10.0,0.2,0.33333333333333215,32.0,9.5,0.0,2,10,207.043,0
2023,7,Spanish Grand Prix,catalunya,leclerc,LEC,ferrari,19,11,0.0,Finished,0,0,19,0,7.0,35.0,0.0,4.0,79.0,0.0,5.333333333333333,8.6,29.0,0.2,-0.3333333333333339,38.0,12.25,0.0,2,10,207.043,0
2023,7,Spanish Grand Prix,catalunya,tsunoda,TSU,alphatauri,15,12,0.0,Finished,0,0,15,0,16.0,2.0,0.0,9.0,2.0,0.0,12.0,11.4,1.0,0.2,-2.333333333333334,0.0,15.0,0.0,2,10,207.043,0
2023,7,Spanish Grand Prix,catalunya,piastri,PIA,mclaren,9,13,0.0,Lapped,0,1,10,0,13.0,5.0,0.0,6.0,17.0,0.0,13.333333333333334,12.6,1.0,0.4,0.8333333333333339,3.0,10.0,0.0,2,10,207.043,0
2023,7,Spanish Grand Prix,catalunya,de_vries,DEV,alphatauri,14,14,0.0,Lapped,0,1,14,0,19.0,0.0,0.0,9.0,2.0,0.0,16.666666666666668,15.8,0.0,0.6,2.333333333333334,0.0,10.0,0.0,2,10,207.043,0
2023,7,Spanish Grand Prix,catalunya,hulkenberg,HUL,haas,7,15,0.0,Lapped,0,1,8,0,12.0,6.0,0.0,7.0,8.0,0.0,16.333333333333332,13.6,0.0,0.4,1.166666666666666,1.0,13.0,0.0,2,10,207.043,0
2023,7,Spanish Grand Prix,catalunya,albon,ALB,williams,18,16,0.0,Lapped,0,1,18,0,18.0,1.0,0.0,10.0,1.0,0.0,13.333333333333334,15.6,0.0,0.6,-2.333333333333332,0.0,12.333333333333334,0.0,2,10,207.043,0
2023,7,Spanish Grand Prix,catalunya,norris,NOR,mclaren,3,17,0.0,Lapped,0,1,3,0,11.0,12.0,0.0,6.0,17.0,0.0,11.666666666666666,11.6,4.0,0.2,-0.8333333333333339,3.0,11.5,0.0,2,10,207.043,0
2023,7,Spanish Grand Prix,catalunya,kevin_magnussen,MAG,haas,17,18,0.0,Lapped,0,1,17,0,15.0,2.0,0.0,7.0,8.0,0.0,14.0,13.8,1.0,0.4,-1.166666666666666,1.0,13.0,0.0,2,10,207.043,0
2023,7,Spanish Grand Prix,catalunya,bottas,BOT,alfa,16,19,0.0,Lapped,0,1,16,0,14.0,4.0,0.0,8.0,6.0,0.0,14.0,14.2,0.0,0.6,-1.0,2.0,3.5,0.75,2,10,207.043,0
2023,7,Spanish Grand Prix,catalunya,sargeant,SAR,williams,20,20,0.0,Lapped,0,1,20,0,20.0,0.0,0.0,10.0,1.0,0.0,18.0,17.2,0.0,0.6,2.333333333333334,0.0,10.0,0.0,2,10,207.043,0
2023,8,Canadian Grand Prix,villeneuve,max_verstappen,VER,red_bull,1,1,25.0,Finished,1,0,1,1,1.0,164.0,5.0,1.0,273.0,7.0,1.0,1.2,77.0,0.0,-3.166666666666667,97.0,3.0,0.5,2,10,207.043,0
2023,8,Canadian Grand Prix,villeneuve,alonso,ALO,aston_martin,2,2,18.0,Finished,1,0,3,0,3.0,96.0,0.0,3.0,130.0,0.0,4.0,3.8,39.0,0.0,-4.333333333333334,52.0,9.0,0.0,2,10,207.043,0
2023,8,Canadian Grand Prix,villeneuve,hamilton,HAM,mercedes,3,3,15.0,Finished,1,0,4,0,4.0,85.0,0.0,2.0,145.0,0.0,4.0,4.0,39.0,0.0,0.0,71.0,2.0,1.0,2,10,207.043,0
2023,8,Canadian Grand Prix,villeneuve,leclerc,LEC,ferrari,10,4,12.0,Finished,0,0,11,0,7.0,35.0,0.0,4.0,89.0,0.0,8.0,9.4,14.0,0.2,1.0,44.0,4.0,0.5,2,10,207.043,0
2023,8,Canadian Grand Prix,villeneuve,sainz,SAI,ferrari,11,5,10.0,Finished,0,0,8,0,6.0,54.0,0.0,4.0,89.0,0.0,6.0,7.0,24.0,0.0,-1.0,44.0,6.5,0.5,2,10,207.043,0
2023,8,Canadian Grand Prix,villeneuve,perez,PER,red_bull,12,6,9.0,Finished,0,0,12,0,2.0,109.0,2.0,1.0,273.0,7.0,7.333333333333333,5.6,30.0,0.2,3.166666666666666,97.0,16.0,0.0,2,10,207.043,0
2023,8,Canadian Grand Prix,villeneuve,albon,ALB,williams,9,7,6.0,Finished,0,0,10,0,18.0,1.0,0.0,10.0,1.0,0.0,14.666666666666666,15.0,0.0,0.6,-2.333333333333334,6.0,16.0,0.0,2,10,207.043,0
2023,8,Canadian Grand Prix,villeneuve,ocon,OCO,alpine,6,8,4.0,Finished,0,0,6,0,9.0,25.0,0.0,5.0,40.0,0.0,6.666666666666667,9.8,21.0,0.2,-0.833333333333333,30.0,6.0,0.0,2,10,207.043,0
2023,8,Canadian Grand Prix,villeneuve,stroll,STR,aston_martin,16,9,2.0,Finished,0,0,13,0,8.0,34.0,0.0,3.0,130.0,0.0,12.666666666666666,9.8,8.0,0.2,4.333333333333332,52.0,9.5,0.0,2,10,207.043,1
2023,8,Canadian Grand Prix,villeneuve,bottas,BOT,alfa,14,10,1.0,Finished,0,0,15,0,15.0,4.0,0.0,8.0,8.0,0.0,14.333333333333334,14.4,0.0,0.6,0.8333333333333339,3.0,5.5,0.0,2,10,207.043,0
2023,8,Canadian Grand Prix,villeneuve,piastri,PIA,mclaren,8,11,0.0,Finished,0,0,9,0,13.0,5.0,0.0,6.0,17.0,0.0,14.0,12.2,1.0,0.6,-0.16666666666666607,3.0,10.0,0.0,2,10,207.043,0
2023,8,Canadian Grand Prix,villeneuve,gasly,GAS,alpine,15,12,0.0,Finished,0,0,17,0,10.0,15.0,0.0,5.0,40.0,0.0,8.333333333333334,10.4,11.0,0.2,0.8333333333333339,30.0,11.0,0.0,2,10,207.043,0
2023,8,Canadian Grand Prix,villeneuve,norris,NOR,mclaren,7,13,0.0,Finished,0,0,7,0,11.0,12.0,0.0,6.0,17.0,0.0,14.333333333333334,11.6,2.0,0.4,0.16666666666666785,3.0,17.5,0.0,2,10,207.043,0
2023,8,Canadian Grand Prix,villeneuve,tsunoda,TSU,alphatauri,19,14,0.0,Finished,0,0,16,0,17.0,2.0,0.0,9.0,2.0,0.0,12.666666666666666,11.6,0.0,0.2,-1.0,0.0,18.0,0.0,2,10,207.043,0
2023,8,Canadian Grand Prix,villeneuve,hulkenberg,HUL,haas,5,15,0.0,Lapped,0,1,2,1,12.0,6.0,0.0,7.0,8.0,0.0,15.666666666666666,14.2,0.0,0.6,0.0,0.0,7.0,0.0,2,10,207.043,0
2023,8,Canadian Grand Prix,villeneuve,zhou,ZHO,alfa,20,16,0.0,Lapped,0,1,20,0,14.0,4.0,0.0,8.0,8.0,0.0,12.666666666666666,13.2,2.0,0.4,-0.8333333333333339,3.0,8.0,0.0,2,10,207.043,0
2023,8,Canadian Grand Prix,villeneuve,kevin_magnussen,MAG,haas,13,17,0.0,Lapped,0,1,14,0,16.0,2.0,0.0,7.0,8.0,0.0,15.666666666666666,15.4,1.0,0.6,0.0,0.0,17.0,0.0,2,10,207.043,0
2023,8,Canadian Grand Prix,villeneuve,de_vries,DEV,alphatauri,17,18,0.0,Lapped,0,1,18,0,19.0,0.0,0.0,9.0,2.0,0.0,14.666666666666666,15.8,0.0,0.8,1.0,0.0,10.0,0.0,2,10,207.043,0
2023,8,Canadian Grand Prix,villeneuve,russell,RUS,mercedes,4,19,0.0,Retired,0,1,5,0,5.0,60.0,0.0,2.0,145.0,0.0,4.0,7.6,37.0,0.2,0.0,71.0,10.0,0.0,2,10,207.043,0
2023,8,Canadian Grand Prix,villeneuve,sargeant,SAR,williams,18,20,0.0,Retired,0,1,19,0,20.0,0.0,0.0,10.0,1.0,0.0,19.333333333333332,18.0,0.0,0.8,2.333333333333332,6.0,10.0,0.0,2,10,207.043,0
2023,9,Austrian Grand Prix,red_bull_ring,max_verstappen,VER,red_bull,1,1,26.0,Finished,1,0,1,1,1.0,189.0,6.0,1.0,307.0,8.0,1.0,1.2,76.0,0.0,-3.833333333333333,113.0,4.666666666666667,0.8333333333333334,2,10,207.043,0
2023,9,Austrian Grand Prix,red_bull_ring,leclerc,LEC,ferrari,2,2,18.0,Finished,1,0,2,1,7.0,47.0,0.0,4.0,111.0,0.0,7.0,6.2,20.0,0.0,0.5,58.0,6.5,0.5,2,10,207.043,0
2023,9,Austrian Grand Prix,red_bull_ring,perez,PER,red_bull,15,3,15.0,Finished,1,0,15,0,2.0,118.0,2.0,1.0,307.0,8.0,8.666666666666666,5.8,21.0,0.2,3.833333333333333,113.0,8.833333333333334,0.0,2,10,207.043,0
2023,9,Austrian Grand Prix,red_bull_ring,norris,NOR,mclaren,4,4,12.0,Finished,0,0,4,0,11.0,12.0,0.0,6.0,17.0,0.0,13.0,13.0,2.0,0.4,0.8333333333333339,12.0,4.833333333333333,0.3333333333333333,2,10,207.043,0
2023,9,Austrian Grand Prix,red_bull_ring,alonso,ALO,aston_martin,7,5,10.0,Finished,0,0,7,0,3.0,114.0,0.0,3.0,150.0,0.0,3.6666666666666665,3.6,42.0,0.0,-4.0,46.0,9.666666666666666,0.0,2,10,207.043,0
2023,9,Austrian Grand Prix,red_bull_ring,sainz,SAI,ferrari,3,6,8.0,Finished,0,0,3,0,5.0,64.0,0.0,4.0,111.0,0.0,6.0,5.6,24.0,0.0,-0.5,58.0,8.5,0.0,2,10,207.043,0
2023,9,Austrian Grand Prix,red_bull_ring,russell,RUS,mercedes,11,7,6.0,Finished,0,0,11,0,6.0,60.0,0.0,2.0,160.0,0.0,9.0,7.8,25.0,0.2,3.0,58.0,13.833333333333334,0.0,2,10,207.043,0
2023,9,Austrian Grand Prix,red_bull_ring,hamilton,HAM,mercedes,5,8,4.0,Finished,0,0,5,0,4.0,100.0,0.0,2.0,160.0,0.0,3.0,4.2,46.0,0.0,-3.0,58.0,3.1666666666666665,0.5,2,10,207.043,0
2023,9,Austrian Grand Prix,red_bull_ring,stroll,STR,aston_martin,6,9,2.0,Finished,0,0,6,0,8.0,36.0,0.0,3.0,150.0,0.0,11.666666666666666,10.8,10.0,0.2,3.999999999999999,46.0,12.166666666666666,0.0,2,10,207.043,0
2023,9,Austrian Grand Prix,red_bull_ring,gasly,GAS,alpine,9,10,1.0,Finished,0,0,9,0,10.0,15.0,0.0,5.0,44.0,0.0,9.666666666666666,10.2,7.0,0.0,1.666666666666666,10.0,12.166666666666666,0.0,2,10,207.043,0
2023,9,Austrian Grand Prix,red_bull_ring,albon,ALB,williams,10,11,0.0,Finished,0,0,10,0,12.0,7.0,0.0,9.0,7.0,0.0,12.333333333333334,12.6,6.0,0.4,-3.5,6.0,11.0,0.0,2,10,207.043,0
2023,9,Austrian Grand Prix,red_bull_ring,zhou,ZHO,alfa,17,12,0.0,Lapped,0,1,17,0,16.0,4.0,0.0,7.0,9.0,0.0,12.666666666666666,14.6,2.0,0.6,-0.3333333333333339,3.0,14.0,0.0,2,10,207.043,0
2023,9,Austrian Grand Prix,red_bull_ring,sargeant,SAR,williams,18,13,0.0,Lapped,0,1,18,0,20.0,0.0,0.0,9.0,7.0,0.0,19.333333333333332,18.8,0.0,0.8,3.4999999999999982,6.0,10.0,0.0,2,10,207.043,0
2023,9,Austrian Grand Prix,red_bull_ring,ocon,OCO,alpine,12,14,0.0,Lapped,0,1,12,0,9.0,29.0,0.0,5.0,44.0,0.0,6.333333333333333,8.6,23.0,0.0,-1.666666666666667,10.0,13.0,0.0,2,10,207.043,0
2023,9,Austrian Grand Prix,red_bull_ring,bottas,BOT,alfa,14,15,0.0,Lapped,0,1,14,0,14.0,5.0,0.0,7.0,9.0,0.0,13.333333333333334,14.2,1.0,0.6,0.3333333333333339,3.0,3.6666666666666665,0.8333333333333334,2,10,207.043,0
2023,9,Austrian Grand Prix,red_bull_ring,piastri,PIA,mclaren,13,16,0.0,Lapped,0,1,13,0,15.0,5.0,0.0,6.0,17.0,0.0,11.333333333333334,12.8,1.0,0.6,-0.8333333333333321,12.0,10.0,0.0,2,10,207.043,0
2023,9,Austrian Grand Prix,red_bull_ring,de_vries,DEV,alphatauri,20,17,0.0,Lapped,0,1,20,0,19.0,0.0,0.0,10.0,2.0,0.0,14.666666666666666,16.4,0.0,0.8,0.5,0.0,10.0,0.0,2,10,207.043,0
2023,9,Austrian Grand Prix,red_bull_ring,kevin_magnussen,MAG,haas,19,18,0.0,Lapped,0,1,19,0,18.0,2.0,0.0,8.0,8.0,0.0,18.0,15.4,0.0,0.6,1.1666666666666679,0.0,14.0,0.0,2,10,207.043,0
2023,9,Austrian Grand Prix,red_bull_ring,tsunoda,TSU,alphatauri,16,19,0.0,Lapped,0,1,16,0,17.0,2.0,0.0,10.0,2.0,0.0,13.666666666666666,12.4,0.0,0.2,-0.5,0.0,12.666666666666666,0.0,2,10,207.043,0
2023,9,Austrian Grand Prix,red_bull_ring,hulkenberg,HUL,haas,8,20,0.0,Retired,0,1,8,0,13.0,6.0,0.0,8.0,8.0,0.0,15.666666666666666,15.8,0.0,0.8,-1.166666666666666,0.0,13.0,0.0,2,10,207.043,0
2023,10,British Grand Prix,silverstone,max_verstappen,VER,red_bull,1,1,26.0,Finished,1,0,1,1,1.0,215.0,7.0,1.0,348.0,9.0,1.0,1.0,77.0,0.0,-1.6666666666666665,109.0,7.0,0.4,2,10,207.043,0
2023,10,British Grand Prix,silverstone,norris,NOR,mclaren,2,2,18.0,Finished,1,0,2,1,10.0,24.0,0.0,6.0,29.0,0.0,11.333333333333334,12.0,12.0,0.4,-1.0,42.0,7.0,0.0,2,10,207.043,1
2023,10,British Grand Prix,silverstone,hamilton,HAM,mercedes,7,3,15.0,Finished,1,0,7,0,4.0,104.0,0.0,2.0,170.0,0.0,4.333333333333333,4.6,37.0,0.0,-2.666666666666667,50.0,1.6,1.0,2,10,207.043,1
2023,10,British Grand Prix,silverstone,piastri,PIA,mclaren,3,4,12.0,Finished,0,0,3,0,15.0,5.0,0.0,6.0,29.0,0.0,13.333333333333334,13.8,0.0,0.8,1.0,42.0,10.0,0.0,2,10,207.043,0
2023,10,British Grand Prix,silverstone,russell,RUS,mercedes,6,5,10.0,Finished,0,0,6,0,6.0,66.0,0.0,2.0,170.0,0.0,9.666666666666666,7.6,21.0,0.2,2.666666666666666,50.0,14.8,0.0,2,10,207.043,1
2023,10,British Grand Prix,silverstone,perez,PER,red_bull,15,6,8.0,Finished,0,0,15,0,2.0,133.0,2.0,1.0,348.0,9.0,4.333333333333333,6.2,36.0,0.2,1.6666666666666665,109.0,11.666666666666666,0.3333333333333333,2,10,207.043,0
2023,10,British Grand Prix,silverstone,alonso,ALO,aston_martin,9,7,6.0,Finished,0,0,9,0,3.0,124.0,0.0,3.0,162.0,0.0,4.666666666666667,3.8,34.0,0.0,-1.666666666666666,38.0,6.0,0.0,2,10,207.043,0
2023,10,British Grand Prix,silverstone,albon,ALB,williams,8,8,4.0,Finished,0,0,8,0,12.0,7.0,0.0,9.0,7.0,0.0,11.333333333333334,12.4,6.0,0.4,-3.166666666666666,10.0,11.25,0.0,2,10,207.043,0
2023,10,British Grand Prix,silverstone,leclerc,LEC,ferrari,4,9,2.0,Finished,0,0,4,0,7.0,65.0,0.0,4.0,137.0,0.0,5.666666666666667,6.0,30.0,0.0,0.16666666666666696,51.0,3.2,0.6,2,10,207.043,0
2023,10,British Grand Prix,silverstone,sainz,SAI,ferrari,5,10,1.0,Finished,0,0,5,0,5.0,72.0,0.0,4.0,137.0,0.0,5.333333333333333,5.8,28.0,0.0,-0.16666666666666696,51.0,7.8,0.2,2,10,207.043,0
2023,10,British Grand Prix,silverstone,sargeant,SAR,williams,14,11,0.0,Finished,0,0,14,0,20.0,0.0,0.0,9.0,7.0,0.0,17.666666666666668,18.2,0.0,1.0,3.166666666666668,10.0,10.0,0.0,2,10,207.043,0
2023,10,British Grand Prix,silverstone,bottas,BOT,alfa,20,12,0.0,Finished,0,0,15,0,14.0,5.0,0.0,7.0,9.0,0.0,14.666666666666666,13.6,1.0,0.6,1.166666666666666,1.0,7.2,0.6,2,10,207.043,0
2023,10,British Grand Prix,silverstone,hulkenberg,HUL,haas,11,13,0.0,Finished,0,0,11,0,13.0,6.0,0.0,8.0,8.0,0.0,16.666666666666668,16.4,0.0,0.8,-0.5,0.0,12.333333333333334,0.0,2,10,207.043,0
2023,10,British Grand Prix,silverstone,stroll,STR,aston_martin,12,14,0.0,Finished,0,0,12,0,8.0,38.0,0.0,3.0,162.0,0.0,8.0,11.2,12.0,0.2,1.666666666666667,38.0,9.4,0.0,2,10,207.043,0
2023,10,British Grand Prix,silverstone,zhou,ZHO,alfa,17,15,0.0,Finished,0,0,17,0,16.0,4.0,0.0,7.0,9.0,0.0,12.333333333333334,13.2,2.0,0.6,-1.166666666666666,1.0,19.0,0.0,2,10,207.043,0
2023,10,British Grand Prix,silverstone,tsunoda,TSU,alphatauri,16,16,0.0,Finished,0,0,16,0,17.0,2.0,0.0,10.0,2.0,0.0,15.0,14.2,0.0,0.4,-0.6666666666666661,0.0,12.0,0.0,2,10,207.043,0
2023,10,British Grand Prix,silverstone,de_vries,DEV,alphatauri,18,17,0.0,Finished,0,0,18,0,19.0,0.0,0.0,10.0,2.0,0.0,16.333333333333332,15.8,0.0,0.8,0.6666666666666661,0.0,10.0,0.0,2,10,207.043,0
2023,10,British Grand Prix,silverstone,gasly,GAS,alpine,10,18,0.0,Retired,0,1,10,0,11.0,16.0,0.0,5.0,45.0,0.0,10.666666666666666,9.4,2.0,0.0,0.33333333333333215,5.0,9.8,0.0,2,10,207.043,0
2023,10,British Grand Prix,silverstone,kevin_magnussen,MAG,haas,19,19,0.0,Retired,0,1,19,0,18.0,2.0,0.0,8.0,8.0,0.0,17.666666666666668,16.4,0.0,0.8,0.5,0.0,17.25,0.0,2,10,207.043,0
2023,10,British Grand Prix,silverstone,ocon,OCO,alpine,13,20,0.0,Retired,0,1,13,0,9.0,29.0,0.0,5.0,45.0,0.0,10.0,8.4,8.0,0.2,-0.3333333333333339,5.0,9.5,0.0,2,10,207.043,0
2023,11,Hungarian Grand Prix,hungaroring,max_verstappen,VER,red_bull,2,1,26.0,Finished,1,0,2,1,1.0,241.0,8.0,1.0,382.0,10.0,1.0,1.0,77.0,0.0,-2.0,116.0,3.5,0.75,2,10,207.043,0
2023,11,Hungarian Grand Prix,hungaroring,norris,NOR,mclaren,3,2,18.0,Finished,1,0,3,0,8.0,42.0,0.0,5.0,59.0,0.0,6.333333333333333,9.0,30.0,0.4,-2.000000000000001,70.0,11.0,0.0,2,10,207.043,0
2023,11,Hungarian Grand Prix,hungaroring,perez,PER,red_bull,9,3,15.0,Finished,1,0,9,0,2.0,141.0,2.0,1.0,382.0,10.0,5.0,7.0,32.0,0.2,2.0,116.0,10.0,0.0,2,10,207.043,0
2023,11,Hungarian Grand Prix,hungaroring,hamilton,HAM,mercedes,1,4,12.0,Finished,0,0,1,1,4.0,119.0,0.0,2.0,195.0,0.0,4.666666666666667,4.0,34.0,0.0,-2.833333333333333,55.0,1.5,1.0,2,10,207.043,0
2023,11,Hungarian Grand Prix,hungaroring,piastri,PIA,mclaren,4,5,10.0,Finished,0,0,4,0,11.0,17.0,0.0,5.0,59.0,0.0,10.333333333333334,10.8,12.0,0.6,2.0,70.0,10.0,0.0,2,10,207.043,0
2023,11,Hungarian Grand Prix,hungaroring,russell,RUS,mercedes,18,6,8.0,Finished,0,0,18,0,5.0,76.0,0.0,2.0,195.0,0.0,10.333333333333334,7.8,16.0,0.2,2.833333333333334,55.0,11.25,0.25,2,10,207.043,0
2023,11,Hungarian Grand Prix,hungaroring,leclerc,LEC,ferrari,6,7,6.0,Finished,0,0,6,0,7.0,67.0,0.0,4.0,140.0,0.0,5.0,6.4,32.0,0.0,-1.0,39.0,9.75,0.0,2,10,207.043,0
2023,11,Hungarian Grand Prix,hungaroring,sainz,SAI,ferrari,11,8,4.0,Finished,0,0,11,0,6.0,73.0,0.0,4.0,140.0,0.0,7.0,6.8,19.0,0.0,1.0,39.0,5.25,0.25,2,10,207.043,0
2023,11,Hungarian Grand Prix,hungaroring,alonso,ALO,aston_martin,8,9,2.0,Finished,0,0,8,0,3.0,130.0,0.0,3.0,168.0,0.0,4.666666666666667,4.6,34.0,0.0,-3.0,21.0,6.0,0.0,2,10,207.043,0
2023,11,Hungarian Grand Prix,hungaroring,stroll,STR,aston_martin,14,10,1.0,Lapped,0,1,14,0,9.0,38.0,0.0,3.0,168.0,0.0,10.666666666666666,11.6,4.0,0.2,2.999999999999999,21.0,12.75,0.0,2,10,207.043,0
2023,11,Hungarian Grand Prix,hungaroring,albon,ALB,williams,16,11,0.0,Lapped,0,1,16,0,13.0,11.0,0.0,7.0,11.0,0.0,8.666666666666666,11.2,10.0,0.4,-3.0,4.0,10.666666666666666,0.0,2,10,207.043,0
2023,11,Hungarian Grand Prix,hungaroring,bottas,BOT,alfa,7,12,0.0,Lapped,0,1,7,0,15.0,5.0,0.0,8.0,9.0,0.0,12.333333333333334,13.4,1.0,0.6,-1.0,0.0,11.75,0.25,2,10,207.043,0
2023,11,Hungarian Grand Prix,hungaroring,ricciardo,RIC,alphatauri,13,13,0.0,Lapped,0,1,13,0,10.0,0.0,0.0,10.0,2.0,0.0,12.0,12.6,8.0,0.2,-4.833333333333332,0.0,12.0,0.0,2,10,207.043,0
2023,11,Hungarian Grand Prix,hungaroring,hulkenberg,HUL,haas,10,14,0.0,Lapped,0,1,10,0,14.0,6.0,0.0,9.0,8.0,0.0,16.0,16.0,0.0,0.8,-1.0,0.0,12.0,0.0,2,10,207.043,0
2023,11,Hungarian Grand Prix,hungaroring,tsunoda,TSU,alphatauri,17,15,0.0,Lapped,0,1,17,0,17.0,2.0,0.0,10.0,2.0,0.0,16.333333333333332,15.2,0.0,0.4,-0.5,0.0,12.5,0.0,2,10,207.043,0
2023,11,Hungarian Grand Prix,hungaroring,zhou,ZHO,alfa,5,16,0.0,Lapped,0,1,5,0,16.0,4.0,0.0,8.0,9.0,0.0,14.333333333333334,13.0,0.0,0.6,1.0,0.0,13.0,0.0,2,10,207.043,0
2023,11,Hungarian Grand Prix,hungaroring,kevin_magnussen,MAG,haas,19,17,0.0,Lapped,0,1,19,0,18.0,2.0,0.0,9.0,8.0,0.0,18.0,18.2,0.0,1.0,1.0,0.0,13.0,0.0,2,10,207.043,0
2023,11,Hungarian Grand Prix,hungaroring,sargeant,SAR,williams,20,18,0.0,Retired,0,1,20,0,20.0,0.0,0.0,7.0,11.0,0.0,14.666666666666666,16.4,0.0,0.8,3.0,4.0,10.0,0.0,2,10,207.043,0
2023,11,Hungarian Grand Prix,hungaroring,ocon,OCO,alpine,12,19,0.0,Retired,0,1,12,0,10.0,29.0,0.0,6.0,45.0,0.0,14.0,10.6,4.0,0.4,0.3333333333333339,1.0,8.0,0.3333333333333333,2,10,207.043,0
2023,11,Hungarian Grand Prix,hungaroring,gasly,GAS,alpine,15,20,0.0,Retired,0,1,15,0,12.0,16.0,0.0,6.0,45.0,0.0,13.333333333333334,11.4,1.0,0.2,-0.33333333333333215,1.0,10.75,0.0,2,10,207.043,0
2023,12,Belgian Grand Prix,spa,max_verstappen,VER,red_bull,6,1,25.0,Finished,1,0,1,1,1.0,267.0,9.0,1.0,423.0,11.0,1.0,1.0,78.0,0.0,-1.5,118.0,6.25,0.75,2,10,207.043,0
2023,12,Belgian Grand Prix,spa,perez,PER,red_bull,2,2,18.0,Finished,1,0,3,0,2.0,156.0,2.0,1.0,423.0,11.0,4.0,4.4,38.0,0.0,1.5,118.0,9.25,0.25,2,10,207.043,0
2023,12,Belgian Grand Prix,spa,leclerc,LEC,ferrari,1,3,15.0,Finished,1,0,2,1,7.0,73.0,0.0,4.0,150.0,0.0,6.0,6.6,26.0,0.0,-1.0,28.0,7.25,0.25,2,10,207.043,0
2023,12,Belgian Grand Prix,spa,hamilton,HAM,mercedes,3,4,13.0,Finished,0,0,4,0,4.0,131.0,0.0,2.0,215.0,0.0,5.0,4.0,31.0,0.0,-0.5,66.0,6.5,0.75,2,10,207.043,0
2023,12,Belgian Grand Prix,spa,alonso,ALO,aston_martin,9,5,10.0,Finished,0,0,9,0,3.0,132.0,0.0,3.0,171.0,0.0,7.0,6.0,18.0,0.0,-2.0,21.0,8.0,0.0,2,10,207.043,0
2023,12,Belgian Grand Prix,spa,russell,RUS,mercedes,8,6,8.0,Finished,0,0,8,0,5.0,84.0,0.0,2.0,215.0,0.0,6.0,8.0,24.0,0.2,0.5,66.0,10.0,0.25,2,10,207.043,0
2023,12,Belgian Grand Prix,spa,norris,NOR,mclaren,7,7,6.0,Finished,0,0,7,0,8.0,60.0,0.0,5.0,87.0,0.0,2.6666666666666665,7.6,48.0,0.2,-2.8333333333333335,64.0,11.0,0.0,2,10,207.043,0
2023,12,Belgian Grand Prix,spa,ocon,OCO,alpine,14,8,4.0,Finished,0,0,15,0,10.0,29.0,0.0,6.0,45.0,0.0,17.666666666666668,13.8,0.0,0.6,0.8333333333333357,4.0,6.333333333333333,0.0,2,10,207.043,0
2023,12,Belgian Grand Prix,spa,stroll,STR,aston_martin,10,9,2.0,Finished,0,0,10,0,9.0,39.0,0.0,3.0,171.0,0.0,11.0,9.6,3.0,0.2,2.0,21.0,12.5,0.0,2,10,207.043,0
2023,12,Belgian Grand Prix,spa,tsunoda,TSU,alphatauri,11,10,1.0,Finished,0,0,11,0,18.0,2.0,0.0,10.0,2.0,0.0,16.666666666666668,15.2,0.0,0.4,0.5,1.0,14.0,0.0,2,10,207.043,0
2023,12,Belgian Grand Prix,spa,gasly,GAS,alpine,12,11,0.0,Finished,0,0,12,0,12.0,16.0,0.0,6.0,45.0,0.0,16.0,14.0,1.0,0.4,-0.8333333333333321,4.0,8.0,0.0,2,10,207.043,0
2023,12,Belgian Grand Prix,spa,bottas,BOT,alfa,13,12,0.0,Finished,0,0,14,0,15.0,5.0,0.0,8.0,9.0,0.0,13.0,13.6,0.0,0.6,-0.6666666666666661,0.0,9.0,0.5,2,10,207.043,0
2023,12,Belgian Grand Prix,spa,zhou,ZHO,alfa,17,13,0.0,Finished,0,0,17,0,16.0,4.0,0.0,8.0,9.0,0.0,14.333333333333334,13.6,0.0,0.6,0.6666666666666679,0.0,14.0,0.0,2,10,207.043,0
2023,12,Belgian Grand Prix,spa,albon,ALB,williams,15,14,0.0,Finished,0,0,16,0,13.0,11.0,0.0,7.0,11.0,0.0,10.0,10.6,4.0,0.4,-2.0,4.0,7.0,0.0,2,10,207.043,0
2023,12,Belgian Grand Prix,spa,kevin_magnussen,MAG,haas,16,15,0.0,Finished,0,0,13,0,17.0,2.0,0.0,9.0,8.0,0.0,18.0,17.8,0.0,1.0,1.1666666666666679,0.0,15.0,0.0,2,10,207.043,0
2023,12,Belgian Grand Prix,spa,ricciardo,RIC,alphatauri,19,16,0.0,Finished,0,0,19,0,20.0,0.0,0.0,10.0,2.0,0.0,14.0,13.0,2.0,0.4,-2.166666666666668,1.0,9.25,0.0,2,10,207.043,0
2023,12,Belgian Grand Prix,spa,sargeant,SAR,williams,18,17,0.0,Finished,0,0,18,0,21.0,0.0,0.0,7.0,11.0,0.0,14.0,16.4,0.0,0.8,2.0,4.0,10.0,0.0,2,10,207.043,0
2023,12,Belgian Grand Prix,spa,hulkenberg,HUL,haas,20,18,0.0,Finished,0,0,20,0,14.0,6.0,0.0,9.0,8.0,0.0,15.666666666666666,15.4,0.0,0.8,-1.166666666666666,0.0,8.0,0.0,2,10,207.043,0
2023,12,Belgian Grand Prix,spa,sainz,SAI,ferrari,4,19,0.0,Retired,0,1,5,0,6.0,77.0,0.0,4.0,150.0,0.0,8.0,6.8,13.0,0.0,1.0,28.0,13.0,0.25,2,10,207.043,0
2023,12,Belgian Grand Prix,spa,piastri,PIA,mclaren,5,20,0.0,Retired,0,1,6,0,11.0,27.0,0.0,5.0,87.0,0.0,8.333333333333334,9.8,22.0,0.4,2.833333333333334,64.0,10.0,0.0,2,10,207.043,0
2023,13,Dutch Grand Prix,zandvoort,max_verstappen,VER,red_bull,1,1,25.0,Finished,1,0,1,1,1.0,292.0,10.0,1.0,466.0,12.0,1.0,1.0,77.0,0.0,-1.3333333333333335,121.0,1.0,1.0,2,10,207.043,0
2023,13,Dutch Grand Prix,zandvoort,alonso,ALO,aston_martin,5,2,19.0,Finished,1,0,5,0,4.0,142.0,0.0,3.0,183.0,0.0,7.0,5.6,18.0,0.0,-2.0,34.0,6.0,0.0,2,10,207.043,0
2023,13,Dutch Grand Prix,zandvoort,gasly,GAS,alpine,12,3,15.0,Finished,1,0,12,0,12.0,16.0,0.0,6.0,49.0,0.0,16.333333333333332,14.2,0.0,0.4,0.33333333333333215,20.0,7.5,0.0,2,10,207.043,0
2023,13,Dutch Grand Prix,zandvoort,perez,PER,red_bull,7,4,12.0,Finished,0,0,7,0,2.0,174.0,2.0,1.0,466.0,12.0,3.6666666666666665,4.0,41.0,0.0,1.333333333333333,121.0,6.5,0.0,2,10,207.043,0
2023,13,Dutch Grand Prix,zandvoort,sainz,SAI,ferrari,6,5,10.0,Finished,0,0,6,0,7.0,77.0,0.0,4.0,165.0,0.0,12.333333333333334,9.6,5.0,0.2,3.0,35.0,7.5,0.0,2,10,207.043,0
2023,13,Dutch Grand Prix,zandvoort,hamilton,HAM,mercedes,13,6,8.0,Finished,0,0,13,0,3.0,144.0,0.0,2.0,236.0,0.0,3.6666666666666665,4.4,40.0,0.0,-1.0000000000000004,49.0,3.0,0.5,2,10,207.043,0
2023,13,Dutch Grand Prix,zandvoort,norris,NOR,mclaren,2,7,6.0,Finished,0,0,2,1,8.0,66.0,0.0,5.0,93.0,0.0,3.6666666666666665,5.6,42.0,0.0,-3.0000000000000004,42.0,8.5,0.0,2,10,207.043,0
2023,13,Dutch Grand Prix,zandvoort,albon,ALB,williams,4,8,4.0,Finished,0,0,4,0,13.0,11.0,0.0,7.0,11.0,0.0,11.0,10.2,4.0,0.2,-2.166666666666666,4.0,12.0,0.0,2,10,207.043,0
2023,13,Dutch Grand Prix,zandvoort,piastri,PIA,mclaren,8,9,2.0,Finished,0,0,8,0,11.0,27.0,0.0,5.0,93.0,0.0,9.666666666666666,11.2,22.0,0.4,2.999999999999999,42.0,10.0,0.0,2,10,207.043,0
2023,13,Dutch Grand Prix,zandvoort,ocon,OCO,alpine,16,10,1.0,Finished,0,0,17,0,10.0,33.0,0.0,6.0,49.0,0.0,15.666666666666666,13.8,4.0,0.6,-0.3333333333333339,20.0,9.0,0.0,2,10,207.043,0
2023,13,Dutch Grand Prix,zandvoort,stroll,STR,aston_martin,11,11,0.0,Finished,0,0,11,0,9.0,41.0,0.0,3.0,183.0,0.0,11.0,10.2,3.0,0.2,2.0,34.0,11.0,0.0,2,10,207.043,0
2023,13,Dutch Grand Prix,zandvoort,hulkenberg,HUL,haas,14,12,0.0,Finished,0,0,15,0,14.0,6.0,0.0,9.0,8.0,0.0,15.0,16.0,0.0,0.6,-1.0,0.0,10.0,0.0,2,10,207.043,0
2023,13,Dutch Grand Prix,zandvoort,lawson,LAW,alphatauri,19,13,0.0,Finished,0,0,20,0,10.0,0.0,0.0,10.0,3.0,0.0,,,,,0.0,1.0,10.0,0.0,2,10,207.043,0
2023,13,Dutch Grand Prix,zandvoort,bottas,BOT,alfa,18,14,0.0,Finished,0,0,19,0,15.0,5.0,0.0,8.0,9.0,0.0,12.0,12.2,0.0,0.4,-1.333333333333334,0.0,11.0,0.5,2,10,207.043,0
2023,13,Dutch Grand Prix,zandvoort,tsunoda,TSU,alphatauri,17,15,0.0,Finished,0,0,14,0,17.0,3.0,0.0,10.0,3.0,0.0,13.666666666666666,14.8,1.0,0.4,-0.8333333333333339,1.0,19.5,0.0,2,10,207.043,0
2023,13,Dutch Grand Prix,zandvoort,kevin_magnussen,MAG,haas,0,16,0.0,Finished,0,0,18,0,18.0,2.0,0.0,9.0,8.0,0.0,17.0,17.2,0.0,0.8,1.0,0.0,15.0,0.0,2,10,207.043,0
2023,13,Dutch Grand Prix,zandvoort,russell,RUS,mercedes,3,17,0.0,Finished,0,0,3,0,5.0,92.0,0.0,2.0,236.0,0.0,5.666666666666667,8.6,26.0,0.2,1.0,49.0,9.5,0.5,2,10,207.043,0
2023,13,Dutch Grand Prix,zandvoort,zhou,ZHO,alfa,15,18,0.0,Accident,0,1,16,0,16.0,4.0,0.0,8.0,9.0,0.0,14.666666666666666,14.4,0.0,0.6,1.3333333333333321,0.0,16.0,0.0,2,10,207.043,0
2023,13,Dutch Grand Prix,zandvoort,leclerc,LEC,ferrari,9,19,0.0,Undertray,0,1,9,0,6.0,88.0,0.0,4.0,165.0,0.0,6.333333333333333,5.0,23.0,0.0,-3.000000000000001,35.0,4.0,0.5,2,10,207.043,0
2023,13,Dutch Grand Prix,zandvoort,sargeant,SAR,williams,10,20,0.0,Accident,0,1,10,0,21.0,0.0,0.0,7.0,11.0,0.0,15.333333333333334,15.8,0.0,0.6,2.166666666666668,4.0,10.0,0.0,2,10,207.043,0
2023,14,Italian Grand Prix,monza,max_verstappen,VER,red_bull,2,1,25.0,Finished,1,0,2,1,1.0,317.0,11.0,1.0,503.0,13.0,1.0,1.0,76.0,0.0,-1.0,123.0,11.0,0.25,2,10,207.043,0
2023,14,Italian Grand Prix,monza,perez,PER,red_bull,5,2,18.0,Finished,1,0,5,0,2.0,186.0,2.0,1.0,503.0,13.0,3.0,3.6,45.0,0.0,1.0,123.0,7.0,0.0,2,10,207.043,0
2023,14,Italian Grand Prix,monza,sainz,SAI,ferrari,1,3,15.0,Finished,1,0,1,1,7.0,87.0,0.0,4.0,175.0,0.0,10.666666666666666,9.6,14.0,0.2,0.5,52.0,8.0,0.25,2,10,207.043,0
2023,14,Italian Grand Prix,monza,leclerc,LEC,ferrari,3,4,12.0,Finished,0,0,3,0,6.0,88.0,0.0,4.0,175.0,0.0,9.666666666666666,8.0,21.0,0.2,-0.5,52.0,6.25,0.5,2,10,207.043,0
2023,14,Italian Grand Prix,monza,russell,RUS,mercedes,4,5,10.0,Finished,0,0,4,0,5.0,92.0,0.0,2.0,244.0,0.0,9.666666666666666,8.2,16.0,0.0,2.499999999999999,47.0,10.0,0.25,2,10,207.043,0
2023,14,Italian Grand Prix,monza,hamilton,HAM,mercedes,8,6,8.0,Finished,0,0,8,0,4.0,152.0,0.0,2.0,244.0,0.0,4.666666666666667,5.0,33.0,0.0,-2.5,47.0,8.0,0.25,2,10,207.043,0
2023,14,Italian Grand Prix,monza,albon,ALB,williams,6,7,6.0,Finished,0,0,6,0,13.0,15.0,0.0,7.0,15.0,0.0,11.0,10.4,4.0,0.2,-3.666666666666666,10.0,10.5,0.0,2,10,207.043,0
2023,14,Italian Grand Prix,monza,norris,NOR,mclaren,9,8,4.0,Finished,0,0,9,0,8.0,72.0,0.0,5.0,101.0,0.0,5.333333333333333,4.4,30.0,0.0,-3.000000000000001,18.0,5.75,0.25,2,10,207.043,0
2023,14,Italian Grand Prix,monza,alonso,ALO,aston_martin,10,9,2.0,Finished,0,0,10,0,3.0,161.0,0.0,3.0,202.0,0.0,5.333333333333333,5.6,31.0,0.0,-2.333333333333334,33.0,13.5,0.0,2,10,207.043,0
2023,14,Italian Grand Prix,monza,bottas,BOT,alfa,14,10,1.0,Finished,0,0,14,0,15.0,5.0,0.0,8.0,9.0,0.0,12.666666666666666,13.0,0.0,0.4,-1.5,1.0,5.75,0.5,2,10,207.043,0
2023,14,Italian Grand Prix,monza,lawson,LAW,alphatauri,12,11,0.0,Finished,0,0,12,0,20.0,0.0,0.0,10.0,3.0,0.0,13.0,13.0,0.0,0.0,-0.6666666666666661,1.0,10.0,0.0,2,10,207.043,0
2023,14,Italian Grand Prix,monza,piastri,PIA,mclaren,7,12,0.0,Finished,0,0,7,0,12.0,29.0,0.0,5.0,101.0,0.0,11.333333333333334,10.8,12.0,0.4,3.0,18.0,10.0,0.0,2,10,207.043,0
2023,14,Italian Grand Prix,monza,sargeant,SAR,williams,15,13,0.0,Finished,0,0,15,0,22.0,0.0,0.0,7.0,15.0,0.0,18.333333333333332,15.8,0.0,0.6,3.666666666666666,10.0,10.0,0.0,2,10,207.043,0
2023,14,Italian Grand Prix,monza,zhou,ZHO,alfa,16,14,0.0,Finished,0,0,16,0,16.0,4.0,0.0,8.0,9.0,0.0,15.666666666666666,14.8,0.0,0.6,1.5,1.0,10.0,0.0,2,10,207.043,0
2023,14,Italian Grand Prix,monza,gasly,GAS,alpine,17,15,0.0,Finished,0,0,17,0,11.0,31.0,0.0,6.0,65.0,0.0,11.333333333333334,12.4,15.0,0.4,-0.5,20.0,9.75,0.25,2,10,207.043,0
2023,14,Italian Grand Prix,monza,stroll,STR,aston_martin,20,16,0.0,Finished,0,0,20,0,9.0,41.0,0.0,3.0,202.0,0.0,10.0,10.6,3.0,0.2,2.333333333333333,33.0,10.0,0.25,2,10,207.043,0
2023,14,Italian Grand Prix,monza,hulkenberg,HUL,haas,13,17,0.0,Lapped,0,1,13,0,14.0,6.0,0.0,9.0,8.0,0.0,14.666666666666666,15.4,0.0,0.4,-0.6666666666666679,0.0,5.0,0.0,2,10,207.043,0
2023,14,Italian Grand Prix,monza,kevin_magnussen,MAG,haas,19,18,0.0,Lapped,0,1,19,0,18.0,2.0,0.0,9.0,8.0,0.0,16.0,17.0,0.0,0.6,0.6666666666666661,0.0,17.666666666666668,0.0,2,10,207.043,0
2023,14,Italian Grand Prix,monza,ocon,OCO,alpine,18,19,0.0,Retired,0,1,18,0,10.0,34.0,0.0,6.0,65.0,0.0,12.333333333333334,14.2,5.0,0.6,0.5,20.0,9.666666666666666,0.0,2,10,207.043,0
2023,14,Italian Grand Prix,monza,tsunoda,TSU,alphatauri,11,20,0.0,Did not start,0,1,11,0,17.0,3.0,0.0,10.0,3.0,0.0,13.333333333333334,15.0,1.0,0.4,-0.33333333333333215,1.0,17.0,0.0,2,10,207.043,0
2023,15,Singapore Grand Prix,marina_bay,sainz,SAI,ferrari,1,1,25.0,Finished,1,0,1,1,5.0,102.0,0.0,4.0,202.0,0.0,9.0,9.0,25.0,0.2,0.16666666666666607,74.0,7.5,0.5,2,10,207.043,0
2023,15,Singapore Grand Prix,marina_bay,norris,NOR,mclaren,4,2,18.0,Finished,1,0,4,0,8.0,76.0,0.0,5.0,105.0,0.0,7.333333333333333,5.2,16.0,0.0,-3.166666666666667,36.0,5.5,0.0,2,10,207.043,0
2023,15,Singapore Grand Prix,marina_bay,hamilton,HAM,mercedes,5,3,16.0,Finished,1,0,5,0,4.0,160.0,0.0,2.0,262.0,0.0,5.333333333333333,4.6,29.0,0.0,-2.0,42.0,6.5,0.0,2,10,207.043,0
2023,15,Singapore Grand Prix,marina_bay,leclerc,LEC,ferrari,3,4,12.0,Finished,0,0,3,0,7.0,100.0,0.0,4.0,202.0,0.0,8.666666666666666,8.4,27.0,0.2,-0.16666666666666785,74.0,2.0,1.0,2,10,207.043,0
2023,15,Singapore Grand Prix,marina_bay,max_verstappen,VER,red_bull,11,5,10.0,Finished,0,0,11,0,1.0,342.0,12.0,1.0,546.0,14.0,1.0,1.0,75.0,0.0,-0.8333333333333333,94.0,5.0,0.5,2,10,207.043,0
2023,15,Singapore Grand Prix,marina_bay,gasly,GAS,alpine,12,6,8.0,Finished,0,0,12,0,11.0,31.0,0.0,6.0,65.0,0.0,9.666666666666666,13.4,15.0,0.4,-1.333333333333334,24.0,9.0,0.0,2,10,207.043,0
2023,15,Singapore Grand Prix,marina_bay,piastri,PIA,mclaren,17,7,6.0,Finished,0,0,17,0,12.0,29.0,0.0,5.0,105.0,0.0,13.666666666666666,10.0,2.0,0.2,3.166666666666666,36.0,10.0,0.0,2,10,207.043,0
2023,15,Singapore Grand Prix,marina_bay,perez,PER,red_bull,13,8,4.0,Finished,0,0,13,0,2.0,204.0,2.0,1.0,546.0,14.0,2.6666666666666665,3.4,48.0,0.0,0.8333333333333333,94.0,10.0,0.5,2,10,207.043,0
2023,15,Singapore Grand Prix,marina_bay,lawson,LAW,alphatauri,10,9,2.0,Finished,0,0,10,0,20.0,0.0,0.0,10.0,3.0,0.0,12.0,12.0,0.0,0.0,-2.166666666666666,2.0,10.0,0.0,2,10,207.043,0
2023,15,Singapore Grand Prix,marina_bay,kevin_magnussen,MAG,haas,6,10,1.0,Finished,0,0,6,0,18.0,2.0,0.0,9.0,8.0,0.0,16.333333333333332,17.0,0.0,0.6,0.33333333333333215,1.0,14.5,0.0,2,10,207.043,0
2023,15,Singapore Grand Prix,marina_bay,albon,ALB,williams,14,11,0.0,Finished,0,0,14,0,13.0,21.0,0.0,7.0,21.0,0.0,9.666666666666666,9.6,10.0,0.2,-3.5,10.0,11.5,0.0,2,10,207.043,0
2023,15,Singapore Grand Prix,marina_bay,zhou,ZHO,alfa,19,12,0.0,Finished,0,0,19,0,16.0,4.0,0.0,8.0,10.0,0.0,15.0,15.2,0.0,0.4,1.5,1.0,20.0,0.0,2,10,207.043,0
2023,15,Singapore Grand Prix,marina_bay,hulkenberg,HUL,haas,9,13,0.0,Finished,0,0,9,0,15.0,6.0,0.0,9.0,8.0,0.0,15.666666666666666,14.8,0.0,0.4,-0.3333333333333339,1.0,9.0,0.0,2,10,207.043,0
2023,15,Singapore Grand Prix,marina_bay,sargeant,SAR,williams,18,14,0.0,Finished,0,0,18,0,22.0,0.0,0.0,7.0,21.0,0.0,16.666666666666668,15.8,0.0,0.4,3.5000000000000018,10.0,10.0,0.0,2,10,207.043,0
2023,15,Singapore Grand Prix,marina_bay,alonso,ALO,aston_martin,7,15,0.0,Finished,0,0,7,0,3.0,163.0,0.0,3.0,204.0,0.0,5.333333333333333,6.4,31.0,0.0,-3.333333333333333,21.0,18.0,0.0,2,10,207.043,0
2023,15,Singapore Grand Prix,marina_bay,russell,RUS,mercedes,2,16,0.0,Retired,0,1,2,1,6.0,102.0,0.0,2.0,262.0,0.0,9.333333333333334,7.8,18.0,0.0,2.000000000000001,42.0,17.0,0.0,2,10,207.043,0
2023,15,Singapore Grand Prix,marina_bay,bottas,BOT,alfa,16,17,0.0,Retired,0,1,16,0,14.0,6.0,0.0,8.0,10.0,0.0,12.0,12.0,1.0,0.2,-1.5,1.0,8.0,0.0,2,10,207.043,0
2023,15,Singapore Grand Prix,marina_bay,ocon,OCO,alpine,8,18,0.0,Retired,0,1,8,0,10.0,34.0,0.0,6.0,65.0,0.0,12.333333333333334,15.2,5.0,0.6,1.333333333333334,24.0,16.0,0.0,2,10,207.043,0
2023,15,Singapore Grand Prix,marina_bay,tsunoda,TSU,alphatauri,15,19,0.0,Retired,0,1,15,0,17.0,3.0,0.0,10.0,3.0,0.0,15.0,15.2,1.0,0.4,0.8333333333333339,2.0,15.0,0.0,2,10,207.043,0
2023,15,Singapore Grand Prix,marina_bay,stroll,STR,aston_martin,0,20,0.0,Withdrew,0,1,20,0,9.0,41.0,0.0,3.0,204.0,0.0,12.0,12.0,2.0,0.2,3.333333333333334,21.0,9.5,0.0,2,10,207.043,0
2023,16,Japanese Grand Prix,suzuka,max_verstappen,VER,red_bull,1,1,26.0,Finished,1,0,1,1,1.0,352.0,12.0,1.0,560.0,14.0,2.3333333333333335,1.8,60.0,0.0,-1.1666666666666665,83.0,9.5,0.5,2,10,207.043,0
2023,16,Japanese Grand Prix,suzuka,norris,NOR,mclaren,3,2,18.0,Finished,1,0,3,0,8.0,94.0,0.0,5.0,129.0,0.0,5.666666666666667,5.2,28.0,0.0,-1.833333333333333,61.0,10.5,0.0,2,10,207.043,0
2023,16,Japanese Grand Prix,suzuka,piastri,PIA,mclaren,2,3,15.0,Finished,1,0,2,1,11.0,35.0,0.0,5.0,129.0,0.0,9.333333333333334,10.6,8.0,0.2,1.833333333333334,61.0,10.0,0.0,2,10,207.043,0
2023,16,Japanese Grand Prix,suzuka,leclerc,LEC,ferrari,4,4,12.0,Finished,0,0,4,0,6.0,112.0,0.0,3.0,239.0,1.0,9.0,7.4,24.0,0.2,3.0,84.0,4.5,0.5,2,10,207.043,0
2023,16,Japanese Grand Prix,suzuka,hamilton,HAM,mercedes,7,5,10.0,Finished,0,0,7,0,3.0,176.0,0.0,2.0,278.0,0.0,5.0,4.6,32.0,0.0,-3.833333333333334,50.0,4.0,0.5,2,10,207.043,0
2023,16,Japanese Grand Prix,suzuka,sainz,SAI,ferrari,6,6,8.0,Finished,0,0,6,0,5.0,127.0,1.0,3.0,239.0,1.0,3.0,7.2,50.0,0.2,-3.0,84.0,12.0,0.0,2,10,207.043,0
2023,16,Japanese Grand Prix,suzuka,russell,RUS,mercedes,8,7,6.0,Finished,0,0,8,0,7.0,102.0,0.0,2.0,278.0,0.0,12.666666666666666,10.0,10.0,0.2,3.833333333333332,50.0,12.0,0.0,2,10,207.043,0
2023,16,Japanese Grand Prix,suzuka,alonso,ALO,aston_martin,10,8,4.0,Finished,0,0,10,0,4.0,163.0,0.0,4.0,204.0,0.0,8.666666666666666,8.0,21.0,0.0,-3.5,6.0,7.0,0.0,2,10,207.043,0
2023,16,Japanese Grand Prix,suzuka,ocon,OCO,alpine,14,9,2.0,Finished,0,0,14,0,12.0,34.0,0.0,6.0,73.0,0.0,15.666666666666666,14.8,1.0,0.6,3.833333333333332,11.0,4.0,0.0,2,10,207.043,0
2023,16,Japanese Grand Prix,suzuka,gasly,GAS,alpine,12,10,1.0,Finished,0,0,12,0,10.0,39.0,0.0,6.0,73.0,0.0,8.0,11.0,23.0,0.2,-3.833333333333334,11.0,12.5,0.0,2,10,207.043,0
2023,16,Japanese Grand Prix,suzuka,lawson,LAW,alphatauri,11,11,0.0,Lapped,0,1,11,0,19.0,2.0,0.0,10.0,5.0,0.0,11.0,11.0,2.0,0.0,-3.5,2.0,10.0,0.0,2,10,207.043,0
2023,16,Japanese Grand Prix,suzuka,tsunoda,TSU,alphatauri,9,12,0.0,Lapped,0,1,9,0,17.0,3.0,0.0,10.0,5.0,0.0,18.0,15.8,0.0,0.6,3.5,2.0,13.0,0.0,2,10,207.043,1
2023,16,Japanese Grand Prix,suzuka,zhou,ZHO,alfa,19,13,0.0,Lapped,0,1,19,0,16.0,4.0,0.0,8.0,10.0,0.0,14.666666666666666,14.6,0.0,0.4,0.5,1.0,16.0,0.0,2,10,207.043,0
2023,16,Japanese Grand Prix,suzuka,hulkenberg,HUL,haas,18,14,0.0,Lapped,0,1,18,0,15.0,6.0,0.0,9.0,9.0,0.0,14.0,14.8,0.0,0.4,-0.3333333333333339,1.0,20.0,0.0,2,10,207.043,0
2023,16,Japanese Grand Prix,suzuka,kevin_magnussen,MAG,haas,15,15,0.0,Lapped,0,1,15,0,18.0,3.0,0.0,9.0,9.0,0.0,14.666666666666666,15.2,1.0,0.4,0.33333333333333215,1.0,14.5,0.0,2,10,207.043,0
2023,16,Japanese Grand Prix,suzuka,albon,ALB,williams,13,16,0.0,Retired,0,1,13,0,13.0,21.0,0.0,7.0,21.0,0.0,8.666666666666666,10.2,10.0,0.2,-3.5,6.0,12.0,0.0,2,10,207.043,0
2023,16,Japanese Grand Prix,suzuka,sargeant,SAR,williams,20,17,0.0,Retired,0,1,20,0,22.0,0.0,0.0,7.0,21.0,0.0,15.666666666666666,16.4,0.0,0.4,3.5,6.0,10.0,0.0,2,10,207.043,0
2023,16,Japanese Grand Prix,suzuka,stroll,STR,aston_martin,17,18,0.0,Retired,0,1,17,0,9.0,41.0,0.0,4.0,204.0,0.0,15.666666666666666,13.2,0.0,0.4,3.5,6.0,10.5,0.0,2,10,207.043,0
2023,16,Japanese Grand Prix,suzuka,perez,PER,red_bull,5,19,0.0,Retired,0,1,5,0,2.0,208.0,2.0,1.0,560.0,14.0,4.666666666666667,3.8,34.0,0.0,1.166666666666667,83.0,5.0,0.5,2,10,207.043,0
2023,16,Japanese Grand Prix,suzuka,bottas,BOT,alfa,16,20,0.0,Retired,0,1,16,0,14.0,6.0,0.0,8.0,10.0,0.0,13.666666666666666,13.0,1.0,0.4,-0.5,1.0,8.0,0.5,2,10,207.043,0
2023,17,Qatar Grand Prix,losail,max_verstappen,VER,red_bull,1,1,26.0,Finished,1,0,1,1,1.0,378.0,13.0,1.0,586.0,15.0,2.3333333333333335,1.8,61.0,0.0,-3.6666666666666665,67.0,2.0,1.0,2,10,207.043,0
2023,17,Qatar Grand Prix,losail,piastri,PIA,mclaren,6,2,18.0,Finished,1,0,6,0,9.0,50.0,0.0,5.0,162.0,0.0,7.333333333333333,10.2,21.0,0.2,1.666666666666666,90.0,10.0,0.0,2,10,207.043,0
2023,17,Qatar Grand Prix,losail,norris,NOR,mclaren,10,3,15.0,Finished,1,0,10,0,7.0,112.0,0.0,5.0,162.0,0.0,4.0,5.2,40.0,0.0,-1.666666666666667,90.0,9.0,0.0,2,10,207.043,0
2023,17,Qatar Grand Prix,losail,russell,RUS,mercedes,2,4,12.0,Finished,0,0,2,1,8.0,108.0,0.0,2.0,294.0,0.0,9.333333333333334,10.2,16.0,0.2,2.333333333333334,44.0,17.0,0.0,2,10,207.043,0
2023,17,Qatar Grand Prix,losail,leclerc,LEC,ferrari,5,5,10.0,Finished,0,0,5,0,6.0,124.0,0.0,3.0,259.0,1.0,4.0,6.8,36.0,0.2,0.3333333333333335,67.0,8.0,0.0,2,10,207.043,0
2023,17,Qatar Grand Prix,losail,alonso,ALO,aston_martin,4,6,8.0,Finished,0,0,4,0,4.0,167.0,0.0,4.0,208.0,0.0,10.666666666666666,7.8,6.0,0.0,-3.666666666666668,12.0,3.0,1.0,2,10,207.043,0
2023,17,Qatar Grand Prix,losail,ocon,OCO,alpine,8,7,6.0,Finished,0,0,8,0,12.0,36.0,0.0,6.0,76.0,0.0,15.333333333333334,12.8,2.0,0.4,2.5,17.0,5.0,0.0,2,10,207.043,0
2023,17,Qatar Grand Prix,losail,bottas,BOT,alfa,9,8,4.0,Finished,0,0,9,0,14.0,6.0,0.0,8.0,10.0,0.0,15.666666666666666,14.6,1.0,0.4,1.3333333333333321,6.0,20.0,0.0,2,10,207.043,0
2023,17,Qatar Grand Prix,losail,zhou,ZHO,alfa,19,9,2.0,Finished,0,0,20,0,16.0,4.0,0.0,8.0,10.0,0.0,13.0,14.0,0.0,0.4,-1.333333333333334,6.0,10.0,0.0,2,10,207.043,0
2023,17,Qatar Grand Prix,losail,perez,PER,red_bull,20,10,1.0,Finished,0,0,13,0,2.0,208.0,2.0,1.0,586.0,15.0,9.666666666666666,7.0,22.0,0.2,3.666666666666666,67.0,4.0,0.0,2,10,207.043,0
2023,17,Qatar Grand Prix,losail,stroll,STR,aston_martin,16,11,0.0,Finished,0,0,17,0,10.0,41.0,0.0,4.0,208.0,0.0,18.0,14.8,0.0,0.4,3.666666666666666,12.0,6.0,0.0,2,10,207.043,0
2023,17,Qatar Grand Prix,losail,gasly,GAS,alpine,7,12,0.0,Finished,0,0,7,0,11.0,40.0,0.0,6.0,76.0,0.0,10.333333333333334,9.0,9.0,0.0,-2.5,17.0,11.0,0.0,2,10,207.043,0
2023,17,Qatar Grand Prix,losail,albon,ALB,williams,13,13,0.0,Finished,0,0,14,0,13.0,21.0,0.0,7.0,21.0,0.0,11.333333333333334,11.2,6.0,0.2,-1.666666666666666,0.0,10.0,0.0,2,10,207.043,0
2023,17,Qatar Grand Prix,losail,kevin_magnussen,MAG,haas,18,14,0.0,Lapped,0,1,19,0,18.0,3.0,0.0,9.0,9.0,0.0,14.333333333333334,14.8,1.0,0.4,-0.16666666666666607,1.0,10.0,0.0,2,10,207.043,0
2023,17,Qatar Grand Prix,losail,tsunoda,TSU,alphatauri,11,15,0.0,Lapped,0,1,11,0,17.0,3.0,0.0,10.0,5.0,0.0,17.0,15.2,0.0,0.6,3.333333333333334,2.0,13.0,0.0,2,10,207.043,0
2023,17,Qatar Grand Prix,losail,hulkenberg,HUL,haas,14,16,0.0,Lapped,0,1,15,0,15.0,6.0,0.0,9.0,9.0,0.0,14.666666666666666,14.8,0.0,0.4,0.16666666666666607,1.0,10.0,0.0,2,10,207.043,0
2023,17,Qatar Grand Prix,losail,lawson,LAW,alphatauri,17,17,0.0,Lapped,0,1,18,0,19.0,2.0,0.0,10.0,5.0,0.0,10.333333333333334,11.0,2.0,0.25,-3.333333333333332,2.0,10.0,0.0,2,10,207.043,0
2023,17,Qatar Grand Prix,losail,sargeant,SAR,williams,15,18,0.0,Retired,0,1,16,0,22.0,0.0,0.0,7.0,21.0,0.0,14.666666666666666,16.2,0.0,0.4,1.666666666666666,0.0,10.0,0.0,2,10,207.043,0
2023,17,Qatar Grand Prix,losail,hamilton,HAM,mercedes,3,19,0.0,Retired,0,1,3,0,3.0,186.0,0.0,2.0,294.0,0.0,4.666666666666667,4.8,34.0,0.0,-2.333333333333333,44.0,1.0,1.0,2,10,207.043,0
2023,17,Qatar Grand Prix,losail,sainz,SAI,ferrari,12,20,0.0,Did not start,0,1,12,0,5.0,135.0,1.0,3.0,259.0,1.0,3.3333333333333335,6.8,48.0,0.2,-0.33333333333333304,67.0,7.0,0.0,2,10,207.043,0
2023,18,United States Grand Prix,americas,max_verstappen,VER,red_bull,6,1,25.0,Finished,1,0,6,0,1.0,404.0,14.0,1.0,613.0,16.0,2.3333333333333335,1.8,62.0,0.0,-5.0,90.0,1.6666666666666667,1.0,2,10,207.043,0
2023,18,United States Grand Prix,americas,norris,NOR,mclaren,2,2,18.0,Finished,1,0,2,1,7.0,127.0,0.0,5.0,195.0,0.0,2.3333333333333335,4.4,51.0,0.0,-0.833333333333333,84.0,7.0,0.0,2,10,207.043,0
2023,18,United States Grand Prix,americas,sainz,SAI,ferrari,4,3,15.0,Finished,1,0,4,0,5.0,135.0,1.0,3.0,269.0,1.0,9.0,7.0,33.0,0.2,2.333333333333333,45.0,11.666666666666666,0.0,2,10,207.043,0
2023,18,United States Grand Prix,americas,perez,PER,red_bull,9,4,12.0,Finished,0,0,9,0,2.0,209.0,2.0,1.0,613.0,16.0,12.333333333333334,8.6,5.0,0.2,5.000000000000001,90.0,5.666666666666667,0.3333333333333333,2,10,207.043,0
2023,18,United States Grand Prix,americas,russell,RUS,mercedes,5,5,10.0,Finished,0,0,5,0,8.0,120.0,0.0,2.0,306.0,0.0,9.0,9.8,18.0,0.2,0.0,38.0,12.0,0.0,2,10,207.043,0
2023,18,United States Grand Prix,americas,gasly,GAS,alpine,7,6,8.0,Finished,0,0,7,0,12.0,40.0,0.0,6.0,82.0,0.0,9.333333333333334,9.2,9.0,0.0,-1.0,17.0,16.666666666666668,0.0,2,10,207.043,0
2023,18,United States Grand Prix,americas,stroll,STR,aston_martin,20,7,6.0,Finished,0,0,19,0,11.0,41.0,0.0,4.0,216.0,0.0,16.333333333333332,15.2,0.0,0.4,3.333333333333332,18.0,14.333333333333334,0.0,2,10,207.043,0
2023,18,United States Grand Prix,americas,tsunoda,TSU,alphatauri,11,8,5.0,Finished,0,0,11,0,17.0,3.0,0.0,10.0,5.0,0.0,15.333333333333334,16.2,0.0,0.8,1.5,5.0,9.5,0.0,2,10,207.043,0
2023,18,United States Grand Prix,americas,albon,ALB,williams,15,9,2.0,Finished,0,0,18,0,13.0,21.0,0.0,7.0,21.0,0.0,13.333333333333334,11.0,0.0,0.2,-1.5,3.0,9.0,0.0,2,10,207.043,0
2023,18,United States Grand Prix,americas,sargeant,SAR,williams,16,10,1.0,Finished,0,0,20,0,22.0,0.0,0.0,7.0,21.0,0.0,16.333333333333332,16.4,0.0,0.6,1.4999999999999982,3.0,10.0,0.0,2,10,207.043,0
2023,18,United States Grand Prix,americas,hulkenberg,HUL,haas,18,11,0.0,Finished,0,0,16,0,15.0,6.0,0.0,9.0,9.0,0.0,14.333333333333334,14.4,0.0,0.6,0.6666666666666679,0.0,9.0,0.0,2,10,207.043,0
2023,18,United States Grand Prix,americas,bottas,BOT,alfa,13,12,0.0,Finished,0,0,13,0,14.0,10.0,0.0,8.0,16.0,0.0,15.0,13.8,4.0,0.4,1.833333333333334,6.0,8.666666666666666,0.3333333333333333,2,10,207.043,0
2023,18,United States Grand Prix,americas,zhou,ZHO,alfa,12,13,0.0,Lapped,0,1,12,0,16.0,6.0,0.0,8.0,16.0,0.0,11.333333333333334,13.2,2.0,0.4,-1.8333333333333321,6.0,12.0,0.0,2,10,207.043,0
2023,18,United States Grand Prix,americas,kevin_magnussen,MAG,haas,17,14,0.0,Lapped,0,1,14,0,18.0,3.0,0.0,9.0,9.0,0.0,13.0,14.6,1.0,0.6,-0.6666666666666661,0.0,13.5,0.0,2,10,207.043,0
2023,18,United States Grand Prix,americas,ricciardo,RIC,alphatauri,14,15,0.0,Lapped,0,1,15,0,21.0,0.0,0.0,10.0,5.0,0.0,12.666666666666666,13.0,2.0,0.4,-1.1666666666666679,5.0,9.0,0.0,2,10,207.043,0
2023,18,United States Grand Prix,americas,alonso,ALO,aston_martin,19,16,0.0,Retired,0,1,17,0,4.0,175.0,0.0,4.0,216.0,0.0,9.666666666666666,8.0,12.0,0.0,-3.333333333333334,18.0,12.5,0.0,2,10,207.043,0
2023,18,United States Grand Prix,americas,piastri,PIA,mclaren,10,17,0.0,Retired,0,1,10,0,9.0,68.0,0.0,5.0,195.0,0.0,4.0,6.6,39.0,0.0,0.8333333333333335,84.0,10.0,0.0,2,10,207.043,0
2023,18,United States Grand Prix,americas,ocon,OCO,alpine,8,18,0.0,Retired,0,1,8,0,10.0,42.0,0.0,6.0,82.0,0.0,11.333333333333334,12.6,8.0,0.4,1.0,17.0,15.0,0.0,2,10,207.043,0
2023,18,United States Grand Prix,americas,hamilton,HAM,mercedes,3,19,0.0,Disqualified,0,1,3,0,3.0,186.0,0.0,2.0,306.0,0.0,9.0,7.8,26.0,0.2,0.0,38.0,2.0,1.0,2,10,207.043,0
2023,18,United States Grand Prix,americas,leclerc,LEC,ferrari,1,20,0.0,Disqualified,0,1,1,1,6.0,134.0,0.0,3.0,269.0,1.0,4.333333333333333,7.2,34.0,0.2,-2.333333333333334,45.0,3.6666666666666665,0.3333333333333333,2,10,207.043,0
2023,19,Mexico City Grand Prix,rodriguez,max_verstappen,VER,red_bull,3,1,25.0,Finished,1,0,3,0,1.0,429.0,15.0,1.0,650.0,17.0,1.0,1.8,77.0,0.0,-5.0,89.0,2.6666666666666665,0.6666666666666666,2,10,207.043,0
2023,19,Mexico City Grand Prix,rodriguez,hamilton,HAM,mercedes,6,2,19.0,Finished,1,0,6,0,3.0,186.0,0.0,2.0,316.0,0.0,14.333333333333334,10.4,10.0,0.4,4.5,49.0,1.6666666666666667,1.0,2,10,207.043,0
2023,19,Mexico City Grand Prix,rodriguez,leclerc,LEC,ferrari,1,3,15.0,Finished,1,0,1,1,7.0,134.0,0.0,3.0,284.0,1.0,9.666666666666666,7.4,22.0,0.2,0.0,52.0,5.0,0.0,2,10,207.043,0
2023,19,Mexico City Grand Prix,rodriguez,sainz,SAI,ferrari,2,4,12.0,Finished,0,0,2,1,5.0,150.0,1.0,3.0,284.0,1.0,9.666666666666666,6.6,23.0,0.2,0.0,52.0,8.0,0.0,2,10,207.043,0
2023,19,Mexico City Grand Prix,rodriguez,norris,NOR,mclaren,17,5,10.0,Finished,0,0,19,0,6.0,145.0,0.0,5.0,213.0,0.0,2.3333333333333335,3.4,51.0,0.0,-2.4999999999999996,65.0,13.0,0.0,2,10,207.043,0
2023,19,Mexico City Grand Prix,rodriguez,russell,RUS,mercedes,8,6,8.0,Finished,0,0,8,0,8.0,130.0,0.0,2.0,316.0,0.0,5.333333333333333,7.4,28.0,0.2,-4.500000000000001,49.0,12.0,0.0,2,10,207.043,0
2023,19,Mexico City Grand Prix,rodriguez,ricciardo,RIC,alphatauri,4,7,6.0,Finished,0,0,4,0,22.0,0.0,0.0,9.0,10.0,0.0,14.666666666666666,14.6,0.0,0.6,1.666666666666666,11.0,9.0,0.0,2,10,207.043,0
2023,19,Mexico City Grand Prix,rodriguez,piastri,PIA,mclaren,7,8,4.0,Finished,0,0,7,0,9.0,68.0,0.0,5.0,213.0,0.0,7.333333333333333,8.2,33.0,0.2,2.5,65.0,10.0,0.0,2,10,207.043,0
2023,19,Mexico City Grand Prix,rodriguez,albon,ALB,williams,14,9,2.0,Finished,0,0,14,0,13.0,23.0,0.0,7.0,24.0,0.0,12.666666666666666,11.2,2.0,0.2,-1.1666666666666679,5.0,8.5,0.0,2,10,207.043,0
2023,19,Mexico City Grand Prix,rodriguez,ocon,OCO,alpine,15,10,1.0,Finished,0,0,16,0,12.0,42.0,0.0,6.0,90.0,0.0,11.333333333333334,14.2,8.0,0.6,1.0,15.0,10.5,0.0,2,10,207.043,0
2023,19,Mexico City Grand Prix,rodriguez,gasly,GAS,alpine,11,11,0.0,Finished,0,0,11,0,10.0,48.0,0.0,6.0,90.0,0.0,9.333333333333334,9.8,9.0,0.0,-1.0,15.0,8.0,0.0,2,10,207.043,0
2023,19,Mexico City Grand Prix,rodriguez,tsunoda,TSU,alphatauri,18,12,0.0,Finished,0,0,15,0,15.0,8.0,0.0,9.0,10.0,0.0,11.666666666666666,14.8,5.0,0.8,-1.333333333333334,11.0,20.0,0.0,2,10,207.043,0
2023,19,Mexico City Grand Prix,rodriguez,hulkenberg,HUL,haas,12,13,0.0,Finished,0,0,12,0,16.0,6.0,0.0,10.0,9.0,0.0,13.666666666666666,14.2,0.0,0.6,-0.3333333333333339,0.0,10.0,0.0,2,10,207.043,0
2023,19,Mexico City Grand Prix,rodriguez,zhou,ZHO,alfa,10,14,0.0,Finished,0,0,10,0,17.0,6.0,0.0,8.0,16.0,0.0,11.666666666666666,12.2,2.0,0.4,-0.8333333333333339,6.0,13.0,0.0,2,10,207.043,0
2023,19,Mexico City Grand Prix,rodriguez,bottas,BOT,alfa,9,15,0.0,Finished,0,0,9,0,14.0,10.0,0.0,8.0,16.0,0.0,13.333333333333334,13.4,4.0,0.4,0.8333333333333339,6.0,9.333333333333334,0.3333333333333333,2,10,207.043,0
2023,19,Mexico City Grand Prix,rodriguez,sargeant,SAR,williams,19,16,0.0,Retired,0,1,20,0,20.0,1.0,0.0,7.0,24.0,0.0,15.0,14.4,1.0,0.4,1.166666666666666,5.0,10.0,0.0,2,10,207.043,0
2023,19,Mexico City Grand Prix,rodriguez,stroll,STR,aston_martin,0,17,0.0,Collision damage,0,1,18,0,11.0,47.0,0.0,4.0,222.0,0.0,12.0,14.4,6.0,0.4,1.0,14.0,13.666666666666666,0.0,2,10,207.043,0
2023,19,Mexico City Grand Prix,rodriguez,alonso,ALO,aston_martin,13,18,0.0,Withdrew,0,1,13,0,4.0,175.0,0.0,4.0,222.0,0.0,10.0,10.8,12.0,0.2,-1.0,14.0,14.0,0.0,2,10,207.043,0
2023,19,Mexico City Grand Prix,rodriguez,kevin_magnussen,MAG,haas,16,19,0.0,Accident,0,1,17,0,18.0,3.0,0.0,10.0,9.0,0.0,14.333333333333334,14.2,0.0,0.8,0.3333333333333339,0.0,16.0,0.0,2,10,207.043,0
2023,19,Mexico City Grand Prix,rodriguez,perez,PER,red_bull,5,20,0.0,Collision damage,0,1,5,0,2.0,221.0,2.0,1.0,650.0,17.0,11.0,8.6,13.0,0.2,5.0,89.0,4.333333333333333,0.6666666666666666,2,10,207.043,0
2023,20,São Paulo Grand Prix,interlagos,max_verstappen,VER,red_bull,1,1,25.0,Finished,1,0,1,1,1.0,454.0,16.0,1.0,675.0,18.0,1.0,1.8,76.0,0.0,-5.166666666666667,99.0,3.0,0.6666666666666666,2,10,207.043,0
2023,20,São Paulo Grand Prix,interlagos,norris,NOR,mclaren,6,2,19.0,Finished,1,0,7,0,6.0,155.0,0.0,4.0,227.0,0.0,3.3333333333333335,2.8,43.0,0.0,-2.8333333333333335,51.0,12.0,0.0,2,10,207.043,0
2023,20,São Paulo Grand Prix,interlagos,alonso,ALO,aston_martin,4,3,15.0,Finished,1,0,4,0,4.0,175.0,0.0,5.0,222.0,0.0,13.333333333333334,12.6,8.0,0.4,0.8333333333333339,31.0,7.0,0.0,2,10,207.043,0
2023,20,São Paulo Grand Prix,interlagos,perez,PER,red_bull,9,4,12.0,Finished,0,0,9,0,2.0,221.0,2.0,1.0,675.0,18.0,11.333333333333334,12.2,13.0,0.4,5.166666666666667,99.0,6.666666666666667,0.0,2,10,207.043,0
2023,20,São Paulo Grand Prix,interlagos,stroll,STR,aston_martin,3,5,10.0,Finished,0,0,3,0,11.0,47.0,0.0,5.0,222.0,0.0,11.666666666666666,14.6,6.0,0.6,-0.8333333333333339,31.0,16.333333333333332,0.0,2,10,207.043,0
2023,20,São Paulo Grand Prix,interlagos,sainz,SAI,ferrari,7,6,8.0,Finished,0,0,8,0,5.0,162.0,1.0,3.0,311.0,1.0,9.0,6.8,27.0,0.2,-0.16666666666666607,50.0,4.0,0.6666666666666666,2,10,207.043,0
2023,20,São Paulo Grand Prix,interlagos,gasly,GAS,alpine,15,7,6.0,Finished,0,0,13,0,10.0,48.0,0.0,6.0,91.0,0.0,9.666666666666666,9.0,8.0,0.0,-1.0,16.0,7.666666666666667,0.3333333333333333,2,10,207.043,0
2023,20,São Paulo Grand Prix,interlagos,hamilton,HAM,mercedes,5,8,4.0,Finished,0,0,5,0,3.0,205.0,0.0,2.0,343.0,0.0,13.333333333333334,9.6,19.0,0.4,4.166666666666668,41.0,3.3333333333333335,0.6666666666666666,2,10,207.043,0
2023,20,São Paulo Grand Prix,interlagos,tsunoda,TSU,alphatauri,16,9,2.0,Finished,0,0,16,0,15.0,8.0,0.0,9.0,16.0,0.0,11.666666666666666,13.2,5.0,0.6,-0.6666666666666679,13.0,16.0,0.0,2,10,207.043,0
2023,20,São Paulo Grand Prix,interlagos,ocon,OCO,alpine,14,10,1.0,Lapped,0,1,12,0,12.0,43.0,0.0,6.0,91.0,0.0,11.666666666666666,12.4,7.0,0.4,1.0,16.0,8.0,0.0,2,10,207.043,0
2023,20,São Paulo Grand Prix,interlagos,sargeant,SAR,williams,19,11,0.0,Lapped,0,1,19,0,21.0,1.0,0.0,7.0,26.0,0.0,14.666666666666666,15.0,1.0,0.6,2.166666666666666,5.0,10.0,0.0,2,10,207.043,0
2023,20,São Paulo Grand Prix,interlagos,hulkenberg,HUL,haas,11,12,0.0,Lapped,0,1,11,0,17.0,6.0,0.0,10.0,9.0,0.0,13.333333333333334,13.4,0.0,0.4,-1.166666666666666,0.0,15.0,0.0,2,10,207.043,0
2023,20,São Paulo Grand Prix,interlagos,ricciardo,RIC,alphatauri,17,13,0.0,Lapped,0,1,17,0,18.0,6.0,0.0,9.0,16.0,0.0,12.666666666666666,12.0,6.0,0.4,0.33333333333333215,13.0,15.0,0.0,2,10,207.043,0
2023,20,São Paulo Grand Prix,interlagos,piastri,PIA,mclaren,10,14,0.0,Lapped,0,1,10,0,9.0,72.0,0.0,4.0,227.0,0.0,9.0,7.4,22.0,0.2,2.833333333333333,51.0,10.0,0.0,2,10,207.043,0
2023,20,São Paulo Grand Prix,interlagos,russell,RUS,mercedes,8,15,0.0,Retired,0,1,6,0,8.0,138.0,0.0,2.0,343.0,0.0,5.0,7.6,30.0,0.2,-4.166666666666666,41.0,8.666666666666666,0.3333333333333333,2,10,207.043,0
2023,20,São Paulo Grand Prix,interlagos,bottas,BOT,alfa,18,16,0.0,Retired,0,1,18,0,14.0,10.0,0.0,8.0,16.0,0.0,11.666666666666666,14.4,4.0,0.4,-0.16666666666666785,0.0,10.666666666666666,0.3333333333333333,2,10,207.043,0
2023,20,São Paulo Grand Prix,interlagos,zhou,ZHO,alfa,20,17,0.0,Retired,0,1,20,0,16.0,6.0,0.0,8.0,16.0,0.0,12.0,12.2,2.0,0.4,0.16666666666666607,0.0,12.0,0.0,2,10,207.043,0
2023,20,São Paulo Grand Prix,interlagos,kevin_magnussen,MAG,haas,12,18,0.0,Retired,0,1,14,0,19.0,3.0,0.0,10.0,9.0,0.0,15.666666666666666,14.4,0.0,0.8,1.166666666666666,0.0,15.0,0.0,2,10,207.043,0
2023,20,São Paulo Grand Prix,interlagos,albon,ALB,williams,13,19,0.0,Retired,0,1,15,0,13.0,25.0,0.0,7.0,26.0,0.0,10.333333333333334,11.6,4.0,0.2,-2.166666666666666,5.0,14.5,0.0,2,10,207.043,0
2023,20,São Paulo Grand Prix,interlagos,leclerc,LEC,ferrari,2,20,0.0,Did not start,0,1,2,1,7.0,149.0,0.0,3.0,311.0,1.0,9.333333333333334,7.2,25.0,0.2,0.16666666666666785,50.0,9.0,0.0,2,10,207.043,0
2023,21,Las Vegas Grand Prix,vegas,max_verstappen,VER,red_bull,2,1,25.0,Finished,1,0,3,0,1.0,479.0,17.0,1.0,712.0,19.0,1.0,1.0,75.0,0.0,-4.166666666666667,102.0,10.0,0.0,2,10,207.043,0
2023,21,Las Vegas Grand Prix,vegas,leclerc,LEC,ferrari,1,2,18.0,Finished,1,0,1,1,7.0,149.0,0.0,3.0,319.0,1.0,14.333333333333334,10.4,15.0,0.4,5.0,61.0,10.0,0.0,2,10,207.043,0
2023,21,Las Vegas Grand Prix,vegas,perez,PER,red_bull,11,3,15.0,Finished,1,0,12,0,2.0,233.0,2.0,1.0,712.0,19.0,9.333333333333334,11.4,24.0,0.4,4.166666666666667,102.0,10.0,0.0,2,10,207.043,0
2023,21,Las Vegas Grand Prix,vegas,ocon,OCO,alpine,16,4,12.0,Finished,0,0,17,0,12.0,44.0,0.0,6.0,98.0,0.0,12.666666666666666,10.8,2.0,0.4,2.333333333333332,20.0,10.0,0.0,2,10,207.043,0
2023,21,Las Vegas Grand Prix,vegas,stroll,STR,aston_martin,19,5,10.0,Finished,0,0,14,0,10.0,57.0,0.0,4.0,247.0,0.0,9.666666666666666,11.6,16.0,0.4,-1.333333333333334,37.0,10.0,0.0,2,10,207.043,0
2023,21,Las Vegas Grand Prix,vegas,sainz,SAI,ferrari,12,6,8.0,Finished,0,0,2,1,6.0,170.0,1.0,3.0,319.0,1.0,4.333333333333333,7.8,35.0,0.2,-5.000000000000001,61.0,10.0,0.0,2,10,207.043,0
2023,21,Las Vegas Grand Prix,vegas,hamilton,HAM,mercedes,10,7,6.0,Finished,0,0,11,0,3.0,209.0,0.0,2.0,347.0,0.0,9.666666666666666,10.6,23.0,0.4,0.5,41.0,10.0,0.0,2,10,207.043,0
2023,21,Las Vegas Grand Prix,vegas,russell,RUS,mercedes,3,8,4.0,Finished,0,0,4,0,8.0,138.0,0.0,2.0,347.0,0.0,8.666666666666666,7.4,18.0,0.2,-0.5,41.0,10.0,0.0,2,10,207.043,0
2023,21,Las Vegas Grand Prix,vegas,alonso,ALO,aston_martin,9,9,2.0,Finished,0,0,10,0,4.0,190.0,0.0,4.0,247.0,0.0,12.333333333333334,10.2,15.0,0.4,1.333333333333334,37.0,10.0,0.0,2,10,207.043,0
2023,21,Las Vegas Grand Prix,vegas,piastri,PIA,mclaren,18,10,2.0,Finished,0,0,19,0,9.0,72.0,0.0,5.0,246.0,0.0,13.0,8.8,4.0,0.4,5.0,35.0,10.0,0.0,2,10,207.043,0
2023,21,Las Vegas Grand Prix,vegas,gasly,GAS,alpine,4,11,0.0,Finished,0,0,5,0,11.0,54.0,0.0,6.0,98.0,0.0,8.0,9.2,14.0,0.0,-2.333333333333334,20.0,10.0,0.0,2,10,207.043,0
2023,21,Las Vegas Grand Prix,vegas,albon,ALB,williams,5,12,0.0,Finished,0,0,6,0,13.0,25.0,0.0,7.0,26.0,0.0,12.333333333333334,13.2,4.0,0.4,0.0,2.0,10.0,0.0,2,10,207.043,0
2023,21,Las Vegas Grand Prix,vegas,kevin_magnussen,MAG,haas,8,13,0.0,Finished,0,0,9,0,19.0,3.0,0.0,10.0,9.0,0.0,17.0,16.0,0.0,1.0,2.5,0.0,10.0,0.0,2,10,207.043,0
2023,21,Las Vegas Grand Prix,vegas,ricciardo,RIC,alphatauri,14,14,0.0,Finished,0,0,15,0,18.0,6.0,0.0,8.0,18.0,0.0,11.666666666666666,12.8,6.0,0.6,1.0,8.0,10.0,0.0,2,10,207.043,0
2023,21,Las Vegas Grand Prix,vegas,zhou,ZHO,alfa,17,15,0.0,Finished,0,0,18,0,16.0,6.0,0.0,9.0,16.0,0.0,14.666666666666666,13.2,0.0,0.6,0.16666666666666607,0.0,10.0,0.0,2,10,207.043,0
2023,21,Las Vegas Grand Prix,vegas,sargeant,SAR,williams,6,16,0.0,Finished,0,0,7,0,21.0,1.0,0.0,7.0,26.0,0.0,12.333333333333334,14.4,1.0,0.8,0.0,2.0,10.0,0.0,2,10,207.043,0
2023,21,Las Vegas Grand Prix,vegas,bottas,BOT,alfa,7,17,0.0,Finished,0,0,8,0,14.0,10.0,0.0,9.0,16.0,0.0,14.333333333333334,14.2,0.0,0.4,-0.16666666666666607,0.0,10.0,0.0,2,10,207.043,0
2023,21,Las Vegas Grand Prix,vegas,tsunoda,TSU,alphatauri,20,18,0.0,Retired,0,1,20,0,15.0,10.0,0.0,8.0,18.0,0.0,9.666666666666666,11.2,7.0,0.4,-1.0,8.0,10.0,0.0,2,10,207.043,0
2023,21,Las Vegas Grand Prix,vegas,hulkenberg,HUL,haas,13,19,0.0,Retired,0,1,13,0,17.0,6.0,0.0,10.0,9.0,0.0,12.0,13.2,0.0,0.6,-2.5,0.0,10.0,0.0,2,10,207.043,0
2023,21,Las Vegas Grand Prix,vegas,norris,NOR,mclaren,15,20,0.0,Retired,0,1,16,0,5.0,174.0,0.0,5.0,246.0,0.0,3.0,2.8,47.0,0.0,-5.0,35.0,10.0,0.0,2,10,207.043,0
2023,22,Abu Dhabi Grand Prix,yas_marina,max_verstappen,VER,red_bull,1,1,26.0,Finished,1,0,1,1,1.0,504.0,18.0,1.0,752.0,20.0,1.0,1.0,75.0,0.0,-4.0,115.0,1.25,1.0,2,10,207.043,0
2023,22,Abu Dhabi Grand Prix,yas_marina,leclerc,LEC,ferrari,2,2,18.0,Finished,1,0,2,1,7.0,167.0,0.0,3.0,345.0,1.0,8.333333333333334,10.0,33.0,0.4,1.5000000000000009,52.0,7.0,0.5,2,10,207.043,0
2023,22,Abu Dhabi Grand Prix,yas_marina,russell,RUS,mercedes,4,3,15.0,Finished,1,0,4,0,8.0,142.0,0.0,2.0,357.0,0.0,9.666666666666666,7.6,12.0,0.2,1.9999999999999991,31.0,13.75,0.0,2,10,207.043,0
2023,22,Abu Dhabi Grand Prix,yas_marina,perez,PER,red_bull,9,4,12.0,Finished,0,0,9,0,2.0,248.0,2.0,1.0,752.0,20.0,9.0,8.2,27.0,0.2,4.0,115.0,11.25,0.25,2,10,207.043,0
2023,22,Abu Dhabi Grand Prix,yas_marina,norris,NOR,mclaren,5,5,10.0,Finished,0,0,5,0,6.0,174.0,0.0,5.0,248.0,0.0,9.0,6.4,29.0,0.2,-0.8333333333333339,39.0,6.5,0.0,2,10,207.043,0
2023,22,Abu Dhabi Grand Prix,yas_marina,piastri,PIA,mclaren,3,6,8.0,Finished,0,0,3,0,9.0,74.0,0.0,5.0,248.0,0.0,10.666666666666666,10.2,6.0,0.4,0.8333333333333321,39.0,10.0,0.0,2,10,207.043,0
2023,22,Abu Dhabi Grand Prix,yas_marina,alonso,ALO,aston_martin,7,7,6.0,Finished,0,0,7,0,4.0,192.0,0.0,4.0,259.0,0.0,10.0,10.4,17.0,0.4,0.5,44.0,14.0,0.0,2,10,207.043,0
2023,22,Abu Dhabi Grand Prix,yas_marina,tsunoda,TSU,alphatauri,6,8,4.0,Finished,0,0,6,0,15.0,10.0,0.0,8.0,18.0,0.0,13.0,12.4,2.0,0.4,0.8333333333333339,6.0,7.5,0.0,2,10,207.043,0
2023,22,Abu Dhabi Grand Prix,yas_marina,hamilton,HAM,mercedes,11,9,2.0,Finished,0,0,11,0,3.0,215.0,0.0,2.0,357.0,0.0,5.666666666666667,11.0,29.0,0.4,-2.0,31.0,6.0,0.75,2,10,207.043,0
2023,22,Abu Dhabi Grand Prix,yas_marina,stroll,STR,aston_martin,13,10,1.0,Finished,0,0,13,0,10.0,67.0,0.0,4.0,259.0,0.0,9.0,9.0,20.0,0.2,-0.5,44.0,12.75,0.0,2,10,207.043,0
2023,22,Abu Dhabi Grand Prix,yas_marina,ricciardo,RIC,alphatauri,15,11,0.0,Finished,0,0,15,0,18.0,6.0,0.0,8.0,18.0,0.0,11.333333333333334,13.0,6.0,0.4,-0.8333333333333321,6.0,9.75,0.0,2,10,207.043,0
2023,22,Abu Dhabi Grand Prix,yas_marina,ocon,OCO,alpine,12,12,0.0,Finished,0,0,12,0,11.0,56.0,0.0,6.0,110.0,0.0,8.0,9.8,14.0,0.4,-0.8333333333333339,19.0,8.333333333333334,0.0,2,10,207.043,0
2023,22,Abu Dhabi Grand Prix,yas_marina,gasly,GAS,alpine,10,13,0.0,Finished,0,0,10,0,12.0,54.0,0.0,6.0,110.0,0.0,9.666666666666666,9.4,6.0,0.0,0.8333333333333321,19.0,11.25,0.0,2,10,207.043,0
2023,22,Abu Dhabi Grand Prix,yas_marina,albon,ALB,williams,14,14,0.0,Finished,0,0,14,0,13.0,25.0,0.0,7.0,26.0,0.0,13.333333333333334,12.4,2.0,0.2,-0.5,0.0,7.666666666666667,0.0,2,10,207.043,0
2023,22,Abu Dhabi Grand Prix,yas_marina,hulkenberg,HUL,haas,8,15,0.0,Finished,0,0,8,0,17.0,6.0,0.0,10.0,9.0,0.0,14.666666666666666,14.2,0.0,0.6,-1.0,0.0,12.0,0.0,2,10,207.043,0
2023,22,Abu Dhabi Grand Prix,yas_marina,sargeant,SAR,williams,20,16,0.0,Finished,0,0,20,0,21.0,1.0,0.0,7.0,26.0,0.0,14.333333333333334,14.2,0.0,0.6,0.5,0.0,10.0,0.0,2,10,207.043,0
2023,22,Abu Dhabi Grand Prix,yas_marina,zhou,ZHO,alfa,19,17,0.0,Finished,0,0,19,0,16.0,6.0,0.0,9.0,16.0,0.0,15.333333333333334,13.6,0.0,0.4,-0.33333333333333215,0.0,12.0,0.0,2,10,207.043,0
2023,22,Abu Dhabi Grand Prix,yas_marina,sainz,SAI,ferrari,16,18,0.0,Retired,0,1,16,0,5.0,178.0,1.0,3.0,345.0,1.0,5.333333333333333,7.8,28.0,0.2,-1.5,52.0,5.75,0.25,2,10,207.043,0
2023,22,Abu Dhabi Grand Prix,yas_marina,bottas,BOT,alfa,18,19,0.0,Lapped,0,1,18,0,14.0,10.0,0.0,9.0,16.0,0.0,16.0,13.6,0.0,0.2,0.3333333333333339,0.0,6.75,0.25,2,10,207.043,0
2023,22,Abu Dhabi Grand Prix,yas_marina,kevin_magnussen,MAG,haas,17,20,0.0,Lapped,0,1,17,0,19.0,3.0,0.0,10.0,9.0,0.0,16.666666666666668,15.6,0.0,0.8,1.0000000000000018,0.0,16.333333333333332,0.0,2,10,207.043,0
2024,1,Bahrain Grand Prix,bahrain,max_verstappen,VER,red_bull,1,1,26.0,Finished,1,0,1,1,10.0,0.0,0.0,5.0,0.0,0.0,1.0,1.0,76.0,0.0,-1.3333333333333335,0.0,7.833333333333333,0.5,2,1,210.383,0
2024,1,Bahrain Grand Prix,bahrain,perez,PER,red_bull,5,2,18.0,Finished,1,0,5,0,10.0,0.0,0.0,5.0,0.0,0.0,3.6666666666666665,7.0,39.0,0.2,1.333333333333333,0.0,9.0,0.3333333333333333,2,4,206.468,0
2024,1,Bahrain Grand Prix,bahrain,sainz,SAI,ferrari,4,3,15.0,Finished,1,0,4,0,10.0,0.0,0.0,5.0,0.0,0.0,10.0,7.4,16.0,0.2,1.0,0.0,7.0,0.16666666666666666,2,6,206.156,0
2024,1,Bahrain Grand Prix,bahrain,leclerc,LEC,ferrari,2,4,12.0,Finished,0,0,2,1,10.0,0.0,0.0,5.0,0.0,0.0,8.0,9.4,36.0,0.4,-1.0,0.0,9.833333333333334,0.3333333333333333,2,2,207.069,0
2024,1,Bahrain Grand Prix,bahrain,russell,RUS,mercedes,3,5,10.0,Finished,0,0,3,0,10.0,0.0,0.0,5.0,0.0,0.0,8.666666666666666,7.4,19.0,0.2,0.33333333333333215,0.0,10.166666666666666,0.0,2,12,204.946,0
2024,1,Bahrain Grand Prix,bahrain,norris,NOR,mclaren,7,6,8.0,Finished,0,0,7,0,10.0,0.0,0.0,5.0,0.0,0.0,9.0,6.8,29.0,0.2,-0.5,0.0,9.333333333333334,0.0,2,5,0.0,0
2024,1,Bahrain Grand Prix,bahrain,hamilton,HAM,mercedes,9,7,6.0,Finished,0,0,9,0,10.0,0.0,0.0,5.0,0.0,0.0,8.0,9.0,12.0,0.2,-0.3333333333333339,0.0,2.2,0.8,2,7,205.688,0
2024,1,Bahrain Grand Prix,bahrain,piastri,PIA,mclaren,8,8,4.0,Finished,0,0,8,0,10.0,0.0,0.0,5.0,0.0,0.0,10.0,11.0,10.0,0.4,0.5,0.0,20.0,0.0,2,11,0.0,0
2024,1,Bahrain Grand Prix,bahrain,alonso,ALO,aston_martin,6,9,2.0,Finished,0,0,6,0,10.0,0.0,0.0,5.0,0.0,0.0,6.333333333333333,10.6,23.0,0.4,-0.16666666666666696,0.0,10.333333333333334,0.3333333333333333,2,3,206.83,0
2024,1,Bahrain Grand Prix,bahrain,stroll,STR,aston_martin,12,10,1.0,Finished,0,0,12,0,10.0,0.0,0.0,5.0,0.0,0.0,6.666666666666667,8.8,21.0,0.2,0.16666666666666696,0.0,10.666666666666666,0.16666666666666666,2,16,203.73,0
2024,1,Bahrain Grand Prix,bahrain,zhou,ZHO,sauber,17,11,0.0,Lapped,0,1,17,0,10.0,0.0,0.0,5.0,0.0,0.0,16.333333333333332,15.2,0.0,0.4,0.0,0.0,13.0,0.0,2,14,204.102,0
2024,1,Bahrain Grand Prix,bahrain,kevin_magnussen,MAG,haas,15,12,0.0,Lapped,0,1,15,0,10.0,0.0,0.0,5.0,0.0,0.0,17.0,16.8,0.0,0.8,0.8333333333333321,0.0,12.6,0.0,2,15,203.863,0
2024,1,Bahrain Grand Prix,bahrain,ricciardo,RIC,rb,14,13,0.0,Lapped,0,1,14,0,10.0,0.0,0.0,5.0,0.0,0.0,12.666666666666666,12.0,0.0,0.4,0.0,0.0,10.2,0.0,2,13,204.735,0
2024,1,Bahrain Grand Prix,bahrain,tsunoda,TSU,rb,11,14,0.0,Lapped,0,1,11,0,10.0,0.0,0.0,5.0,0.0,0.0,11.666666666666666,11.0,6.0,0.2,0.0,0.0,9.333333333333334,0.0,2,18,203.303,0
2024,1,Bahrain Grand Prix,bahrain,albon,ALB,williams,13,15,0.0,Lapped,0,1,13,0,10.0,0.0,0.0,5.0,0.0,0.0,15.0,12.6,0.0,0.2,0.3333333333333339,0.0,8.2,0.2,2,17,203.537,0
2024,1,Bahrain Grand Prix,bahrain,hulkenberg,HUL,haas,10,16,0.0,Lapped,0,1,10,0,10.0,0.0,0.0,5.0,0.0,0.0,15.333333333333334,14.0,0.0,0.4,-0.8333333333333339,0.0,16.333333333333332,0.0,2,10,205.445,0
2024,1,Bahrain Grand Prix,bahrain,ocon,OCO,alpine,19,17,0.0,Lapped,0,1,19,0,10.0,0.0,0.0,5.0,0.0,0.0,8.666666666666666,10.8,13.0,0.4,-0.8333333333333339,0.0,9.8,0.2,2,20,202.473,0
2024,1,Bahrain Grand Prix,bahrain,gasly,GAS,alpine,20,18,0.0,Lapped,0,1,20,0,10.0,0.0,0.0,5.0,0.0,0.0,10.333333333333334,9.6,6.0,0.0,0.8333333333333339,0.0,11.833333333333334,0.0,2,9,205.508,0
2024,1,Bahrain Grand Prix,bahrain,bottas,BOT,sauber,16,19,0.0,Lapped,0,1,16,0,10.0,0.0,0.0,5.0,0.0,0.0,17.333333333333332,15.8,0.0,0.4,0.0,0.0,5.833333333333333,0.3333333333333333,2,19,202.523,0
2024,1,Bahrain Grand Prix,bahrain,sargeant,SAR,williams,18,20,0.0,Lapped,0,1,18,0,10.0,0.0,0.0,5.0,0.0,0.0,14.333333333333334,13.8,0.0,0.4,-0.33333333333333215,0.0,12.0,0.0,2,8,205.659,0
2024,2,Saudi Arabian Grand Prix,jeddah,max_verstappen,VER,red_bull,1,1,25.0,Finished,1,0,1,1,1.0,26.0,1.0,1.0,44.0,1.0,1.0,1.0,77.0,0.0,-1.0,0.0,1.6666666666666667,1.0,1,3,242.188,0
2024,2,Saudi Arabian Grand Prix,jeddah,perez,PER,red_bull,3,2,18.0,Finished,1,0,3,0,2.0,18.0,0.0,1.0,44.0,1.0,3.0,6.6,45.0,0.2,1.0,0.0,7.333333333333333,0.3333333333333333,1,8,240.876,0
2024,2,Saudi Arabian Grand Prix,jeddah,leclerc,LEC,ferrari,2,3,16.0,Finished,1,0,2,1,4.0,12.0,0.0,2.0,27.0,0.0,2.6666666666666665,6.2,48.0,0.2,-3.1666666666666665,0.0,5.333333333333333,0.3333333333333333,1,1,242.561,0
2024,2,Saudi Arabian Grand Prix,jeddah,piastri,PIA,mclaren,5,4,12.0,Finished,0,0,5,0,8.0,4.0,0.0,4.0,12.0,0.0,8.0,9.2,14.0,0.2,-1.166666666666666,0.0,15.0,0.0,1,10,0.0,0
2024,2,Saudi Arabian Grand Prix,jeddah,alonso,ALO,aston_martin,4,5,10.0,Finished,0,0,4,0,9.0,2.0,0.0,5.0,3.0,0.0,8.333333333333334,9.2,10.0,0.2,0.0,0.0,10.666666666666666,0.3333333333333333,1,13,240.579,0
2024,2,Saudi Arabian Grand Prix,jeddah,russell,RUS,mercedes,7,6,8.0,Finished,0,0,7,0,5.0,10.0,0.0,3.0,16.0,0.0,5.333333333333333,7.4,29.0,0.2,-1.166666666666667,0.0,9.333333333333334,0.0,1,7,240.926,0
2024,2,Saudi Arabian Grand Prix,jeddah,bearman,BEA,ferrari,11,7,6.0,Finished,0,0,11,0,10.0,0.0,0.0,2.0,27.0,0.0,,,,,0.0,0.0,10.0,0.0,1,5,241.103,0
2024,2,Saudi Arabian Grand Prix,jeddah,norris,NOR,mclaren,6,8,4.0,Finished,0,0,6,0,6.0,8.0,0.0,4.0,12.0,0.0,10.333333333333334,7.6,18.0,0.2,1.1666666666666679,0.0,11.333333333333334,0.0,1,4,0.0,0
2024,2,Saudi Arabian Grand Prix,jeddah,hamilton,HAM,mercedes,8,9,2.0,Finished,0,0,8,0,7.0,6.0,0.0,3.0,16.0,0.0,7.666666666666667,6.6,14.0,0.0,1.166666666666667,0.0,5.333333333333333,0.3333333333333333,1,2,242.26,0
2024,2,Saudi Arabian Grand Prix,jeddah,hulkenberg,HUL,haas,15,10,1.0,Finished,0,0,15,0,15.0,0.0,0.0,7.0,0.0,0.0,16.666666666666668,15.0,0.0,0.6,0.8333333333333339,0.0,12.0,0.0,1,12,240.633,0
2024,2,Saudi Arabian Grand Prix,jeddah,albon,ALB,williams,12,11,0.0,Finished,0,0,12,0,11.0,0.0,0.0,10.0,0.0,0.0,13.666666666666666,13.8,0.0,0.4,-1.833333333333334,0.0,16.5,0.0,1,9,240.787,0
2024,2,Saudi Arabian Grand Prix,jeddah,kevin_magnussen,MAG,haas,13,12,0.0,Finished,0,0,13,0,16.0,0.0,0.0,7.0,0.0,0.0,15.0,16.4,0.0,0.8,-0.8333333333333339,0.0,9.5,0.0,1,11,240.706,0
2024,2,Saudi Arabian Grand Prix,jeddah,ocon,OCO,alpine,17,13,0.0,Lapped,0,1,17,0,14.0,0.0,0.0,6.0,0.0,0.0,11.0,10.6,12.0,0.4,-1.5,0.0,6.0,0.0,1,17,237.763,0
2024,2,Saudi Arabian Grand Prix,jeddah,sargeant,SAR,williams,19,14,0.0,Lapped,0,1,19,0,18.0,0.0,0.0,10.0,0.0,0.0,17.333333333333332,15.8,0.0,0.6,1.8333333333333321,0.0,16.0,0.0,1,15,0.0,0
2024,2,Saudi Arabian Grand Prix,jeddah,tsunoda,TSU,rb,9,15,0.0,Lapped,0,1,9,0,19.0,0.0,0.0,8.0,0.0,0.0,13.333333333333334,12.2,4.0,0.4,-0.16666666666666607,0.0,14.666666666666666,0.0,1,18,0.0,0
2024,2,Saudi Arabian Grand Prix,jeddah,ricciardo,RIC,rb,14,16,0.0,Lapped,0,1,14,0,17.0,0.0,0.0,8.0,0.0,0.0,12.666666666666666,11.6,0.0,0.4,-0.8333333333333339,0.0,11.0,0.0,1,16,238.166,0
2024,2,Saudi Arabian Grand Prix,jeddah,bottas,BOT,sauber,16,17,0.0,Lapped,0,1,16,0,12.0,0.0,0.0,9.0,0.0,0.0,18.333333333333332,17.2,0.0,0.6,3.333333333333332,0.0,12.0,0.3333333333333333,2,14,239.751,0
2024,2,Saudi Arabian Grand Prix,jeddah,zhou,ZHO,sauber,20,18,0.0,Lapped,0,1,20,0,20.0,0.0,0.0,9.0,0.0,0.0,14.333333333333334,14.8,0.0,0.4,-0.6666666666666661,0.0,12.0,0.0,1,6,241.046,0
2024,2,Saudi Arabian Grand Prix,jeddah,stroll,STR,aston_martin,10,19,0.0,Retired,0,1,10,0,10.0,1.0,0.0,5.0,3.0,0.0,8.333333333333334,9.4,12.0,0.2,0.0,0.0,14.666666666666666,0.0,2,19,232.591,0
2024,2,Saudi Arabian Grand Prix,jeddah,gasly,GAS,alpine,18,20,0.0,Retired,0,1,18,0,13.0,0.0,0.0,6.0,0.0,0.0,14.0,12.0,0.0,0.2,1.5,0.0,7.666666666666667,0.0,2,10,207.043,0
2024,3,Australian Grand Prix,albert_park,sainz,SAI,ferrari,2,1,25.0,Finished,1,0,2,1,6.0,15.0,0.0,2.0,49.0,0.0,9.0,7.4,23.0,0.2,2.833333333333333,0.0,17.333333333333332,0.0,2,3,237.418,0
2024,3,Australian Grand Prix,albert_park,leclerc,LEC,ferrari,4,2,19.0,Finished,1,0,5,0,3.0,28.0,0.0,2.0,49.0,0.0,3.0,6.2,46.0,0.2,-3.166666666666667,0.0,8.666666666666666,0.3333333333333333,2,1,238.066,0
2024,3,Australian Grand Prix,albert_park,norris,NOR,mclaren,3,3,15.0,Finished,1,0,4,0,8.0,12.0,0.0,3.0,28.0,0.0,6.333333333333333,8.2,22.0,0.2,0.16666666666666607,0.0,7.666666666666667,0.0,2,2,0.0,0
2024,3,Australian Grand Prix,albert_park,piastri,PIA,mclaren,5,4,12.0,Finished,0,0,6,0,5.0,16.0,0.0,3.0,28.0,0.0,6.0,8.4,24.0,0.2,-0.16666666666666696,0.0,8.0,0.0,2,4,0.0,0
2024,3,Australian Grand Prix,albert_park,perez,PER,red_bull,6,5,10.0,Finished,0,0,3,0,2.0,36.0,0.0,1.0,87.0,2.0,2.6666666666666665,3.0,48.0,0.0,0.8333333333333333,0.0,6.666666666666667,0.3333333333333333,2,6,236.363,0
2024,3,Australian Grand Prix,albert_park,stroll,STR,aston_martin,9,6,8.0,Finished,0,0,9,0,12.0,1.0,0.0,5.0,13.0,0.0,13.0,9.8,2.0,0.2,3.0,0.0,8.333333333333334,0.0,2,8,234.78,0
2024,3,Australian Grand Prix,albert_park,tsunoda,TSU,rb,8,7,6.0,Finished,0,0,8,0,20.0,0.0,0.0,8.0,0.0,0.0,12.333333333333334,12.8,4.0,0.6,-2.166666666666666,0.0,12.5,0.0,2,11,234.19,0
2024,3,Australian Grand Prix,albert_park,alonso,ALO,aston_martin,10,8,4.0,Finished,0,0,10,0,7.0,12.0,0.0,5.0,13.0,0.0,7.0,6.6,18.0,0.0,-3.0,0.0,10.0,0.5,2,7,236.055,0
2024,3,Australian Grand Prix,albert_park,hulkenberg,HUL,haas,16,9,2.0,Finished,0,0,16,0,11.0,1.0,0.0,6.0,1.0,0.0,13.666666666666666,14.4,1.0,0.6,-0.5,0.0,7.0,0.0,2,12,234.158,0
2024,3,Australian Grand Prix,albert_park,kevin_magnussen,MAG,haas,14,10,1.0,Lapped,0,1,14,0,17.0,0.0,0.0,6.0,1.0,0.0,14.666666666666666,15.0,0.0,0.6,0.5,0.0,12.333333333333334,0.0,2,9,234.34,0
2024,3,Australian Grand Prix,albert_park,albon,ALB,williams,12,11,0.0,Lapped,0,1,12,0,13.0,0.0,0.0,10.0,0.0,0.0,13.333333333333334,14.2,0.0,0.4,-1.666666666666666,0.0,14.333333333333334,0.0,2,17,232.801,0
2024,3,Australian Grand Prix,albert_park,ricciardo,RIC,rb,18,12,0.0,Lapped,0,1,18,0,18.0,0.0,0.0,8.0,0.0,0.0,13.333333333333334,13.4,0.0,0.6,-1.166666666666666,0.0,12.5,0.0,2,13,233.887,1
2024,3,Australian Grand Prix,albert_park,gasly,GAS,alpine,17,13,0.0,Lapped,0,1,17,0,14.0,0.0,0.0,7.0,0.0,0.0,17.0,13.8,0.0,0.4,1.5,0.0,11.0,0.0,2,10,234.317,0
2024,3,Australian Grand Prix,albert_park,bottas,BOT,sauber,13,14,0.0,Lapped,0,1,13,0,15.0,0.0,0.0,9.0,0.0,0.0,18.333333333333332,17.6,0.0,0.8,2.083333333333332,0.0,6.666666666666667,0.3333333333333333,2,16,233.361,0
2024,3,Australian Grand Prix,albert_park,zhou,ZHO,sauber,19,15,0.0,Lapped,0,1,19,0,21.0,0.0,0.0,9.0,0.0,0.0,15.333333333333334,15.6,0.0,0.6,-0.9166666666666661,0.0,10.0,0.0,2,14,233.634,0
2024,3,Australian Grand Prix,albert_park,ocon,OCO,alpine,15,16,0.0,Lapped,0,1,15,0,16.0,0.0,0.0,7.0,0.0,0.0,14.0,11.2,0.0,0.6,-1.5,0.0,10.5,0.0,3,15,233.557,0
2024,3,Australian Grand Prix,albert_park,russell,RUS,mercedes,7,17,0.0,Retired,0,1,7,0,4.0,18.0,0.0,4.0,26.0,0.0,4.666666666666667,7.4,33.0,0.2,-1.833333333333333,0.0,12.333333333333334,0.3333333333333333,2,5,236.669,0
2024,3,Australian Grand Prix,albert_park,hamilton,HAM,mercedes,11,18,0.0,Retired,0,1,11,0,9.0,8.0,0.0,4.0,26.0,0.0,8.333333333333334,8.0,10.0,0.0,1.833333333333334,0.0,2.6666666666666665,0.6666666666666666,1,18,230.469,0
2024,3,Australian Grand Prix,albert_park,max_verstappen,VER,red_bull,1,19,0.0,Retired,0,1,1,1,1.0,51.0,2.0,1.0,87.0,2.0,1.0,1.0,77.0,0.0,-0.8333333333333333,0.0,7.333333333333333,0.6666666666666666,2,19,228.608,0
2024,4,Japanese Grand Prix,suzuka,max_verstappen,VER,red_bull,1,1,26.0,Finished,1,0,1,1,1.0,51.0,2.0,1.0,97.0,2.0,7.0,4.6,51.0,0.2,2.0,97.0,6.666666666666667,0.6666666666666666,2,1,223.093,0
2024,4,Japanese Grand Prix,suzuka,perez,PER,red_bull,2,2,18.0,Finished,1,0,2,1,3.0,46.0,0.0,1.0,97.0,2.0,3.0,3.2,46.0,0.0,-2.0,97.0,9.666666666666666,0.3333333333333333,2,3,222.525,0
2024,4,Japanese Grand Prix,suzuka,sainz,SAI,ferrari,4,3,15.0,Finished,1,0,4,0,4.0,40.0,1.0,2.0,93.0,1.0,7.333333333333333,6.8,40.0,0.2,3.9999999999999996,93.0,10.0,0.0,2,2,222.772,0
2024,4,Japanese Grand Prix,suzuka,leclerc,LEC,ferrari,8,4,12.0,Finished,0,0,8,0,2.0,47.0,0.0,2.0,93.0,1.0,3.0,2.6,47.0,0.0,-0.3333333333333335,93.0,4.333333333333333,0.3333333333333333,2,9,219.952,0
2024,4,Japanese Grand Prix,suzuka,norris,NOR,mclaren,3,5,10.0,Finished,0,0,3,0,6.0,27.0,0.0,3.0,55.0,0.0,5.666666666666667,8.4,27.0,0.2,0.16666666666666696,57.0,7.666666666666667,0.3333333333333333,2,10,0.0,0
2024,4,Japanese Grand Prix,suzuka,alonso,ALO,aston_martin,5,6,8.0,Finished,0,0,5,0,8.0,16.0,0.0,5.0,25.0,0.0,7.333333333333333,7.6,16.0,0.0,-2.166666666666667,30.0,7.5,0.0,2,6,220.691,0
2024,4,Japanese Grand Prix,suzuka,russell,RUS,mercedes,9,7,6.0,Finished,0,0,9,0,7.0,18.0,0.0,4.0,26.0,0.0,9.333333333333334,7.8,18.0,0.2,-1.0,18.0,10.333333333333334,0.0,2,5,221.444,0
2024,4,Japanese Grand Prix,suzuka,piastri,PIA,mclaren,6,8,4.0,Finished,0,0,6,0,5.0,28.0,0.0,3.0,55.0,0.0,5.333333333333333,6.4,28.0,0.0,-0.16666666666666696,57.0,3.0,1.0,2,7,0.0,0
2024,4,Japanese Grand Prix,suzuka,hamilton,HAM,mercedes,7,9,2.0,Finished,0,0,7,0,10.0,8.0,0.0,4.0,26.0,0.0,11.333333333333334,10.0,8.0,0.2,1.0,18.0,4.333333333333333,0.3333333333333333,2,4,222.509,0
2024,4,Japanese Grand Prix,suzuka,tsunoda,TSU,rb,10,10,1.0,Lapped,0,1,10,0,11.0,6.0,0.0,6.0,6.0,0.0,12.0,12.4,6.0,0.6,-0.8333333333333339,7.0,12.5,0.0,2,14,216.989,1
2024,4,Japanese Grand Prix,suzuka,hulkenberg,HUL,haas,12,11,0.0,Lapped,0,1,12,0,13.0,3.0,0.0,7.0,4.0,0.0,11.666666666666666,13.8,3.0,0.4,0.16666666666666607,4.0,17.0,0.0,2,11,219.304,0
2024,4,Japanese Grand Prix,suzuka,stroll,STR,aston_martin,16,12,0.0,Lapped,0,1,16,0,9.0,9.0,0.0,5.0,25.0,0.0,11.666666666666666,10.0,9.0,0.2,2.166666666666666,30.0,13.0,0.0,2,12,218.221,0
2024,4,Japanese Grand Prix,suzuka,kevin_magnussen,MAG,haas,18,13,0.0,Lapped,0,1,18,0,14.0,1.0,0.0,7.0,4.0,0.0,11.333333333333334,13.4,1.0,0.6,-0.16666666666666607,4.0,14.666666666666666,0.0,2,17,216.289,0
2024,4,Japanese Grand Prix,suzuka,bottas,BOT,sauber,13,14,0.0,Lapped,0,1,13,0,17.0,0.0,0.0,9.0,0.0,0.0,16.666666666666668,17.2,0.0,0.8,1.0000000000000018,0.0,12.0,0.3333333333333333,2,15,216.392,0
2024,4,Japanese Grand Prix,suzuka,ocon,OCO,alpine,15,15,0.0,Lapped,0,1,15,0,18.0,0.0,0.0,8.0,0.0,0.0,15.333333333333334,12.4,0.0,0.6,-0.8333333333333339,0.0,6.5,0.0,2,13,217.237,0
2024,4,Japanese Grand Prix,suzuka,gasly,GAS,alpine,17,16,0.0,Lapped,0,1,17,0,15.0,0.0,0.0,8.0,0.0,0.0,17.0,15.0,0.0,0.6,0.8333333333333321,0.0,11.666666666666666,0.0,2,16,216.315,0
2024,4,Japanese Grand Prix,suzuka,sargeant,SAR,williams,19,17,0.0,Lapped,0,1,19,0,20.0,0.0,0.0,10.0,0.0,0.0,16.666666666666668,15.4,0.0,0.6,3.0000000000000018,0.0,17.0,0.0,2,8,220.286,0
2024,4,Japanese Grand Prix,suzuka,zhou,ZHO,sauber,20,18,0.0,Retired,0,1,20,0,21.0,0.0,0.0,9.0,0.0,0.0,14.666666666666666,15.2,0.0,0.6,-1.0,0.0,14.5,0.0,2,18,215.162,0
2024,4,Japanese Grand Prix,suzuka,ricciardo,RIC,rb,11,19,0.0,Retired,0,1,11,0,19.0,0.0,0.0,6.0,6.0,0.0,13.666666666666666,13.2,0.0,0.6,0.8333333333333321,7.0,15.0,0.0,2,10,207.043,0
2024,4,Japanese Grand Prix,suzuka,albon,ALB,williams,14,20,0.0,Retired,0,1,14,0,16.0,0.0,0.0,10.0,0.0,0.0,12.333333333333334,12.6,0.0,0.4,-1.3333333333333321,0.0,13.333333333333334,0.0,2,10,207.043,0
2024,5,Chinese Grand Prix,shanghai,max_verstappen,VER,red_bull,1,1,25.0,Finished,1,0,1,1,1.0,77.0,3.0,1.0,141.0,3.0,7.0,4.6,51.0,0.2,2.0,94.0,4.0,0.0,2,2,199.414,0
2024,5,Chinese Grand Prix,shanghai,norris,NOR,mclaren,4,2,18.0,Finished,1,0,4,0,5.0,37.0,0.0,3.0,69.0,0.0,5.333333333333333,5.4,29.0,0.0,0.0,63.0,18.0,0.0,1,4,0.0,0
2024,5,Chinese Grand Prix,shanghai,perez,PER,red_bull,2,3,15.0,Finished,1,0,2,1,2.0,64.0,0.0,1.0,141.0,3.0,3.0,3.0,46.0,0.0,-2.0,94.0,8.0,0.0,2,7,197.444,0
2024,5,Chinese Grand Prix,shanghai,leclerc,LEC,ferrari,6,4,12.0,Finished,0,0,6,0,3.0,59.0,0.0,2.0,120.0,1.0,3.0,3.0,47.0,0.0,-0.3333333333333335,93.0,5.0,0.0,1,6,197.452,0
2024,5,Chinese Grand Prix,shanghai,sainz,SAI,ferrari,7,5,10.0,Finished,0,0,7,0,4.0,55.0,1.0,2.0,120.0,1.0,2.3333333333333335,6.2,55.0,0.2,-1.0,93.0,14.0,0.0,1,10,196.7,0
2024,5,Chinese Grand Prix,shanghai,russell,RUS,mercedes,8,6,8.0,Finished,0,0,8,0,8.0,24.0,0.0,4.0,34.0,0.0,10.0,7.6,14.0,0.2,-1.0,18.0,16.0,0.0,2,11,196.016,0
2024,5,Chinese Grand Prix,shanghai,alonso,ALO,aston_martin,3,7,7.0,Finished,0,0,3,0,7.0,24.0,0.0,5.0,33.0,0.0,6.333333333333333,7.0,22.0,0.0,-3.000000000000001,27.0,10.0,0.0,3,1,200.629,0
2024,5,Chinese Grand Prix,shanghai,piastri,PIA,mclaren,5,8,4.0,Finished,0,0,5,0,6.0,32.0,0.0,3.0,69.0,0.0,5.333333333333333,6.0,28.0,0.0,0.0,63.0,10.0,0.0,2,9,0.0,0
2024,5,Chinese Grand Prix,shanghai,hamilton,HAM,mercedes,18,9,2.0,Finished,0,0,18,0,9.0,10.0,0.0,4.0,34.0,0.0,12.0,10.4,4.0,0.2,1.0,18.0,1.0,1.0,2,14,194.61,0
2024,5,Chinese Grand Prix,shanghai,hulkenberg,HUL,haas,9,10,1.0,Finished,0,0,9,0,13.0,3.0,0.0,7.0,4.0,0.0,10.0,12.2,3.0,0.4,-0.8333333333333339,4.0,20.0,0.0,2,13,194.649,0
2024,5,Chinese Grand Prix,shanghai,ocon,OCO,alpine,13,11,0.0,Finished,0,0,13,0,18.0,0.0,0.0,8.0,0.0,0.0,14.666666666666666,14.6,0.0,0.8,-0.8333333333333339,0.0,10.0,0.0,2,15,194.414,0
2024,5,Chinese Grand Prix,shanghai,albon,ALB,williams,14,12,0.0,Finished,0,0,14,0,16.0,0.0,0.0,10.0,0.0,0.0,14.0,14.2,0.0,0.6,0.0,0.0,10.0,0.0,2,12,194.697,0
2024,5,Chinese Grand Prix,shanghai,gasly,GAS,alpine,15,13,0.0,Finished,0,0,15,0,15.0,0.0,0.0,8.0,0.0,0.0,16.333333333333332,16.0,0.0,0.8,0.8333333333333321,0.0,6.0,0.0,3,5,197.822,0
2024,5,Chinese Grand Prix,shanghai,zhou,ZHO,sauber,16,14,0.0,Finished,0,0,16,0,21.0,0.0,0.0,9.0,0.0,0.0,17.0,15.8,0.0,0.8,1.0,0.0,10.0,0.0,3,3,198.955,0
2024,5,Chinese Grand Prix,shanghai,stroll,STR,aston_martin,11,15,0.0,Finished,0,0,11,0,10.0,9.0,0.0,5.0,33.0,0.0,12.333333333333334,11.4,8.0,0.4,3.0,27.0,12.0,0.0,4,8,197.333,0
2024,5,Chinese Grand Prix,shanghai,kevin_magnussen,MAG,haas,17,16,0.0,Finished,0,0,17,0,14.0,1.0,0.0,7.0,4.0,0.0,11.666666666666666,13.4,1.0,0.8,0.8333333333333321,4.0,13.0,0.0,2,18,194.145,0
2024,5,Chinese Grand Prix,shanghai,sargeant,SAR,williams,20,17,0.0,Finished,0,0,20,0,20.0,0.0,0.0,10.0,0.0,0.0,17.0,16.6,0.0,0.6,3.0,0.0,10.0,0.0,2,17,194.293,0
2024,5,Chinese Grand Prix,shanghai,ricciardo,RIC,rb,12,18,0.0,Retired,0,1,12,0,19.0,0.0,0.0,6.0,7.0,0.0,15.666666666666666,14.2,0.0,0.8,2.5,7.0,7.0,0.0,1,16,194.304,0
2024,5,Chinese Grand Prix,shanghai,tsunoda,TSU,rb,19,19,0.0,Retired,0,1,19,0,11.0,7.0,0.0,6.0,7.0,0.0,10.666666666666666,10.8,7.0,0.6,-2.5,7.0,10.0,0.0,2,20,193.158,0
2024,5,Chinese Grand Prix,shanghai,bottas,BOT,sauber,10,20,0.0,Retired,0,1,10,0,17.0,0.0,0.0,9.0,0.0,0.0,15.0,16.6,0.0,1.0,-1.0,0.0,2.0,1.0,1,19,193.763,0
2024,6,Miami Grand Prix,miami,norris,NOR,mclaren,5,1,25.0,Finished,1,0,5,0,5.0,55.0,0.0,3.0,91.0,0.0,3.3333333333333335,4.8,43.0,0.0,-1.6666666666666665,61.0,18.0,0.0,1,5,214.148,0
2024,6,Miami Grand Prix,miami,max_verstappen,VER,red_bull,1,2,18.0,Finished,1,0,1,1,1.0,102.0,4.0,1.0,181.0,4.0,7.0,4.6,51.0,0.2,1.833333333333333,114.0,1.0,1.0,1,10,207.043,0
2024,6,Miami Grand Prix,miami,leclerc,LEC,ferrari,2,3,15.0,Finished,1,0,2,1,3.0,71.0,0.0,2.0,142.0,1.0,3.3333333333333335,3.4,43.0,0.0,0.16666666666666696,74.0,4.5,0.5,1,10,207.043,0
2024,6,Miami Grand Prix,miami,perez,PER,red_bull,4,4,12.0,Finished,0,0,4,0,2.0,79.0,0.0,1.0,181.0,4.0,3.3333333333333335,2.8,43.0,0.0,-1.8333333333333335,114.0,3.0,0.5,2,10,207.043,0
2024,6,Miami Grand Prix,miami,sainz,SAI,ferrari,3,5,10.0,Finished,0,0,3,0,4.0,65.0,1.0,2.0,142.0,1.0,3.0,6.0,50.0,0.2,-0.16666666666666652,74.0,4.0,0.5,1,10,207.043,0
2024,6,Miami Grand Prix,miami,hamilton,HAM,mercedes,8,6,8.0,Finished,0,0,8,0,9.0,12.0,0.0,4.0,44.0,0.0,12.0,10.4,4.0,0.2,1.0,30.0,6.0,0.0,1,10,207.043,0
2024,6,Miami Grand Prix,miami,tsunoda,TSU,rb,10,7,6.0,Finished,0,0,10,0,11.0,7.0,0.0,6.0,7.0,0.0,12.0,13.0,7.0,0.8,-2.166666666666666,7.0,11.5,0.0,1,10,207.043,0
2024,6,Miami Grand Prix,miami,russell,RUS,mercedes,7,8,4.0,Finished,0,0,7,0,7.0,32.0,0.0,4.0,44.0,0.0,10.0,8.2,14.0,0.2,-1.0,30.0,4.5,0.0,1,10,207.043,0
2024,6,Miami Grand Prix,miami,alonso,ALO,aston_martin,15,9,2.0,Finished,0,0,15,0,8.0,31.0,0.0,5.0,40.0,0.0,7.0,7.0,19.0,0.0,-2.0,17.0,7.0,0.5,1,10,207.043,0
2024,6,Miami Grand Prix,miami,ocon,OCO,alpine,13,10,1.0,Finished,0,0,13,0,18.0,0.0,0.0,8.0,0.0,0.0,14.0,14.4,0.0,0.8,0.0,1.0,8.5,0.0,1,10,207.043,0
2024,6,Miami Grand Prix,miami,hulkenberg,HUL,haas,9,11,0.0,Finished,0,0,9,0,13.0,4.0,0.0,7.0,5.0,0.0,10.0,11.2,3.0,0.4,-1.5,1.0,15.0,0.0,2,10,207.043,0
2024,6,Miami Grand Prix,miami,gasly,GAS,alpine,12,12,0.0,Finished,0,0,12,0,15.0,0.0,0.0,8.0,0.0,0.0,14.0,16.0,0.0,0.8,0.0,1.0,13.0,0.0,1,10,207.043,0
2024,6,Miami Grand Prix,miami,piastri,PIA,mclaren,6,13,0.0,Finished,0,0,6,0,6.0,36.0,0.0,3.0,91.0,0.0,6.666666666666667,6.4,20.0,0.0,1.666666666666667,61.0,19.0,0.0,2,10,207.043,0
2024,6,Miami Grand Prix,miami,zhou,ZHO,sauber,19,14,0.0,Finished,0,0,20,0,21.0,0.0,0.0,9.0,0.0,0.0,15.666666666666666,15.2,0.0,0.8,-0.16666666666666785,0.0,18.0,0.0,1,10,207.043,0
2024,6,Miami Grand Prix,miami,ricciardo,RIC,rb,20,15,0.0,Finished,0,0,18,0,19.0,0.0,0.0,6.0,7.0,0.0,16.333333333333332,15.6,0.0,1.0,2.166666666666666,7.0,13.0,0.0,1,10,207.043,0
2024,6,Miami Grand Prix,miami,bottas,BOT,sauber,16,16,0.0,Finished,0,0,16,0,17.0,0.0,0.0,9.0,0.0,0.0,16.0,16.8,0.0,1.0,0.16666666666666607,0.0,10.0,0.0,2,10,207.043,0
2024,6,Miami Grand Prix,miami,stroll,STR,aston_martin,11,17,0.0,Finished,0,0,11,0,10.0,9.0,0.0,5.0,40.0,0.0,11.0,12.4,8.0,0.4,2.0,17.0,11.0,0.0,2,10,207.043,0
2024,6,Miami Grand Prix,miami,albon,ALB,williams,14,18,0.0,Finished,0,0,14,0,16.0,0.0,0.0,10.0,0.0,0.0,14.333333333333334,13.8,0.0,0.6,-0.33333333333333215,0.0,11.5,0.0,2,10,207.043,0
2024,6,Miami Grand Prix,miami,kevin_magnussen,MAG,haas,18,19,0.0,Finished,0,0,19,0,14.0,1.0,0.0,7.0,5.0,0.0,13.0,12.6,1.0,0.6,1.5,1.0,13.0,0.0,3,10,207.043,0
2024,6,Miami Grand Prix,miami,sargeant,SAR,williams,17,20,0.0,Retired,0,1,17,0,20.0,0.0,0.0,10.0,0.0,0.0,16.0,16.8,0.0,0.6,1.333333333333334,0.0,20.0,0.0,1,10,207.043,0
2024,7,Emilia Romagna Grand Prix,imola,max_verstappen,VER,red_bull,1,1,25.0,Finished,1,0,1,1,1.0,120.0,4.0,1.0,211.0,4.0,1.3333333333333333,4.8,69.0,0.2,-0.8333333333333333,99.0,6.333333333333333,0.6666666666666666,2,10,207.043,0
2024,7,Emilia Romagna Grand Prix,imola,norris,NOR,mclaren,2,2,18.0,Finished,1,0,3,0,4.0,80.0,1.0,3.0,116.0,1.0,2.6666666666666665,3.8,53.0,0.0,-3.5000000000000004,77.0,4.666666666666667,0.6666666666666666,2,10,207.043,0
2024,7,Emilia Romagna Grand Prix,imola,leclerc,LEC,ferrari,3,3,15.0,Finished,1,0,4,0,3.0,86.0,0.0,2.0,167.0,1.0,3.6666666666666665,3.2,39.0,0.0,-0.3333333333333335,72.0,5.0,0.0,2,10,207.043,0
2024,7,Emilia Romagna Grand Prix,imola,piastri,PIA,mclaren,5,4,12.0,Finished,0,0,2,1,7.0,36.0,0.0,3.0,116.0,1.0,9.666666666666666,7.4,8.0,0.0,3.499999999999999,77.0,10.0,0.0,2,10,207.043,0
2024,7,Emilia Romagna Grand Prix,imola,sainz,SAI,ferrari,4,5,10.0,Finished,0,0,5,0,5.0,75.0,1.0,2.0,167.0,1.0,4.333333333333333,3.4,35.0,0.0,0.33333333333333304,72.0,10.666666666666666,0.0,2,10,207.043,0
2024,7,Emilia Romagna Grand Prix,imola,hamilton,HAM,mercedes,8,6,8.0,Finished,0,0,8,0,9.0,20.0,0.0,4.0,56.0,0.0,8.0,10.2,12.0,0.2,0.5,37.0,5.333333333333333,0.6666666666666666,2,10,207.043,0
2024,7,Emilia Romagna Grand Prix,imola,russell,RUS,mercedes,6,7,7.0,Finished,0,0,6,0,6.0,36.0,0.0,4.0,56.0,0.0,7.0,8.8,18.0,0.2,-0.5,37.0,13.0,0.0,2,10,207.043,0
2024,7,Emilia Romagna Grand Prix,imola,perez,PER,red_bull,11,8,4.0,Finished,0,0,11,0,2.0,91.0,0.0,1.0,211.0,4.0,3.0,3.2,45.0,0.0,0.8333333333333335,99.0,6.333333333333333,0.3333333333333333,2,10,207.043,0
2024,7,Emilia Romagna Grand Prix,imola,stroll,STR,aston_martin,13,9,2.0,Finished,0,0,13,0,11.0,9.0,0.0,5.0,42.0,0.0,14.666666666666666,13.8,0.0,0.4,3.666666666666666,11.0,10.333333333333334,0.0,2,10,207.043,0
2024,7,Emilia Romagna Grand Prix,imola,tsunoda,TSU,rb,7,10,1.0,Lapped,0,1,7,0,10.0,13.0,0.0,6.0,13.0,0.0,12.0,11.6,7.0,0.6,-2.666666666666666,7.0,9.5,0.0,2,10,207.043,0
2024,7,Emilia Romagna Grand Prix,imola,hulkenberg,HUL,haas,10,11,0.0,Lapped,0,1,10,0,13.0,4.0,0.0,7.0,5.0,0.0,10.666666666666666,10.2,1.0,0.2,-2.666666666666668,1.0,10.0,0.0,2,10,207.043,0
2024,7,Emilia Romagna Grand Prix,imola,kevin_magnussen,MAG,haas,18,12,0.0,Lapped,0,1,18,0,15.0,1.0,0.0,7.0,5.0,0.0,16.0,14.0,0.0,0.4,2.666666666666666,1.0,13.5,0.0,2,10,207.043,0
2024,7,Emilia Romagna Grand Prix,imola,ricciardo,RIC,rb,9,13,0.0,Lapped,0,1,9,0,19.0,0.0,0.0,6.0,13.0,0.0,17.333333333333332,16.0,0.0,0.8,2.666666666666666,7.0,9.0,0.3333333333333333,2,10,207.043,0
2024,7,Emilia Romagna Grand Prix,imola,ocon,OCO,alpine,12,14,0.0,Lapped,0,1,12,0,14.0,1.0,0.0,8.0,1.0,0.0,12.0,13.0,1.0,0.6,-0.8333333333333339,1.0,14.0,0.0,2,10,207.043,0
2024,7,Emilia Romagna Grand Prix,imola,zhou,ZHO,sauber,17,15,0.0,Lapped,0,1,17,0,21.0,0.0,0.0,9.0,0.0,0.0,15.333333333333334,15.8,0.0,0.6,-0.6666666666666661,0.0,15.0,0.0,2,10,207.043,0
2024,7,Emilia Romagna Grand Prix,imola,gasly,GAS,alpine,15,16,0.0,Lapped,0,1,15,0,18.0,0.0,0.0,8.0,1.0,0.0,13.666666666666666,14.8,0.0,0.6,0.8333333333333321,1.0,13.0,0.0,2,10,207.043,0
2024,7,Emilia Romagna Grand Prix,imola,sargeant,SAR,williams,19,17,0.0,Lapped,0,1,20,0,20.0,0.0,0.0,10.0,0.0,0.0,18.0,17.6,0.0,0.8,0.6666666666666679,0.0,10.0,0.0,2,10,207.043,0
2024,7,Emilia Romagna Grand Prix,imola,bottas,BOT,sauber,16,18,0.0,Lapped,0,1,16,0,17.0,0.0,0.0,9.0,0.0,0.0,16.666666666666668,16.2,0.0,0.8,0.6666666666666679,0.0,8.333333333333334,0.3333333333333333,2,10,207.043,0
2024,7,Emilia Romagna Grand Prix,imola,alonso,ALO,aston_martin,20,19,0.0,Lapped,0,1,19,0,8.0,33.0,0.0,5.0,42.0,0.0,7.333333333333333,7.0,17.0,0.0,-3.666666666666667,11.0,14.5,0.0,2,10,207.043,0
2024,7,Emilia Romagna Grand Prix,imola,albon,ALB,williams,14,20,0.0,Retired,0,1,14,0,16.0,0.0,0.0,10.0,0.0,0.0,16.666666666666668,14.4,0.0,0.4,-0.6666666666666643,0.0,13.0,0.0,2,10,207.043,0
2024,8,Monaco Grand Prix,monaco,leclerc,LEC,ferrari,1,1,25.0,Finished,1,0,1,1,2.0,101.0,0.0,2.0,192.0,1.0,3.3333333333333335,3.2,42.0,0.0,-0.8333333333333335,90.0,12.5,0.0,2,10,207.043,1
2024,8,Monaco Grand Prix,monaco,piastri,PIA,mclaren,2,2,18.0,Finished,1,0,2,1,6.0,48.0,0.0,3.0,146.0,1.0,8.333333333333334,7.4,16.0,0.0,3.333333333333334,85.0,10.0,0.0,2,10,207.043,0
2024,8,Monaco Grand Prix,monaco,sainz,SAI,ferrari,3,3,15.0,Finished,1,0,3,0,5.0,85.0,1.0,2.0,192.0,1.0,5.0,3.8,30.0,0.0,0.833333333333333,90.0,4.5,0.5,2,10,207.043,0
2024,8,Monaco Grand Prix,monaco,norris,NOR,mclaren,4,4,12.0,Finished,0,0,4,0,3.0,98.0,1.0,3.0,146.0,1.0,1.6666666666666667,2.6,61.0,0.0,-3.333333333333333,85.0,7.25,0.25,2,10,207.043,0
2024,8,Monaco Grand Prix,monaco,russell,RUS,mercedes,5,5,10.0,Finished,0,0,5,0,7.0,43.0,0.0,4.0,71.0,0.0,7.0,9.0,19.0,0.2,0.0,44.0,9.75,0.0,2,10,207.043,0
2024,8,Monaco Grand Prix,monaco,max_verstappen,VER,red_bull,6,6,8.0,Finished,0,0,6,0,1.0,145.0,5.0,1.0,240.0,5.0,1.3333333333333333,4.8,68.0,0.2,-1.8333333333333333,67.0,2.25,0.75,2,10,207.043,0
2024,8,Monaco Grand Prix,monaco,hamilton,HAM,mercedes,7,7,7.0,Finished,0,0,7,0,9.0,28.0,0.0,4.0,71.0,0.0,7.0,9.6,18.0,0.2,0.0,44.0,5.0,0.25,2,10,207.043,0
2024,8,Monaco Grand Prix,monaco,tsunoda,TSU,rb,8,8,4.0,Lapped,0,1,8,0,10.0,14.0,0.0,6.0,14.0,0.0,12.0,10.6,7.0,0.6,-1.666666666666666,11.0,16.0,0.0,2,10,207.043,0
2024,8,Monaco Grand Prix,monaco,albon,ALB,williams,9,9,2.0,Lapped,0,1,9,0,16.0,0.0,0.0,10.0,0.0,0.0,16.666666666666668,16.2,0.0,0.6,-0.6666666666666643,2.0,13.333333333333334,0.0,2,10,207.043,0
2024,8,Monaco Grand Prix,monaco,gasly,GAS,alpine,10,10,1.0,Lapped,0,1,10,0,18.0,0.0,0.0,8.0,1.0,0.0,13.666666666666666,14.0,0.0,0.6,1.0,2.0,7.25,0.0,2,10,207.043,0
2024,8,Monaco Grand Prix,monaco,alonso,ALO,aston_martin,14,11,0.0,Lapped,0,1,14,0,8.0,33.0,0.0,5.0,44.0,0.0,11.666666666666666,9.8,9.0,0.2,-1.0,4.0,7.333333333333333,0.3333333333333333,2,10,207.043,0
2024,8,Monaco Grand Prix,monaco,ricciardo,RIC,rb,12,12,0.0,Lapped,0,1,12,0,19.0,0.0,0.0,6.0,14.0,0.0,15.333333333333334,15.4,0.0,0.8,1.6666666666666679,11.0,11.333333333333334,0.0,2,10,207.043,0
2024,8,Monaco Grand Prix,monaco,bottas,BOT,sauber,17,13,0.0,Lapped,0,1,17,0,17.0,0.0,0.0,9.0,0.0,0.0,18.0,16.4,0.0,0.8,1.8333333333333321,0.0,10.5,0.25,2,10,207.043,0
2024,8,Monaco Grand Prix,monaco,stroll,STR,aston_martin,13,14,0.0,Lapped,0,1,13,0,11.0,11.0,0.0,5.0,44.0,0.0,13.666666666666666,11.8,2.0,0.2,1.0,4.0,14.5,0.0,2,10,207.043,0
2024,8,Monaco Grand Prix,monaco,sargeant,SAR,williams,15,15,0.0,Lapped,0,1,15,0,20.0,0.0,0.0,10.0,0.0,0.0,18.0,17.0,0.0,0.8,0.6666666666666679,2.0,18.0,0.0,2,10,207.043,0
2024,8,Monaco Grand Prix,monaco,zhou,ZHO,sauber,18,16,0.0,Lapped,0,1,18,0,21.0,0.0,0.0,9.0,0.0,0.0,14.333333333333334,15.2,0.0,0.6,-1.833333333333334,0.0,14.5,0.0,2,10,207.043,0
2024,8,Monaco Grand Prix,monaco,ocon,OCO,alpine,11,17,0.0,Retired,0,1,11,0,14.0,1.0,0.0,8.0,1.0,0.0,11.666666666666666,13.2,1.0,0.6,-1.0,2.0,8.0,0.3333333333333333,2,10,207.043,0
2024,8,Monaco Grand Prix,monaco,perez,PER,red_bull,16,18,0.0,Retired,0,1,16,0,4.0,95.0,0.0,1.0,240.0,5.0,5.0,4.4,31.0,0.0,1.8333333333333335,67.0,8.25,0.25,2,10,207.043,0
2024,8,Monaco Grand Prix,monaco,hulkenberg,HUL,haas,19,19,0.0,Retired,0,1,14,0,13.0,4.0,0.0,7.0,5.0,0.0,10.666666666666666,10.4,1.0,0.4,-2.5,0.0,15.0,0.0,2,10,207.043,0
2024,8,Monaco Grand Prix,monaco,kevin_magnussen,MAG,haas,20,20,0.0,Retired,0,1,15,0,15.0,1.0,0.0,7.0,5.0,0.0,15.666666666666666,14.0,0.0,0.6,2.5,0.0,17.666666666666668,0.0,2,10,207.043,0
2024,9,Canadian Grand Prix,villeneuve,max_verstappen,VER,red_bull,2,1,25.0,Finished,1,0,2,1,1.0,153.0,5.0,1.0,248.0,5.0,3.0,2.2,51.0,0.0,-3.5,62.0,2.3333333333333335,0.6666666666666666,2,10,207.043,0
2024,9,Canadian Grand Prix,villeneuve,norris,NOR,mclaren,3,2,18.0,Finished,1,0,3,0,3.0,110.0,1.0,3.0,176.0,1.0,2.3333333333333335,2.8,55.0,0.0,-1.9999999999999996,88.0,16.0,0.0,2,10,207.043,0
2024,9,Canadian Grand Prix,villeneuve,russell,RUS,mercedes,1,3,15.0,Finished,1,0,1,1,7.0,53.0,0.0,4.0,88.0,0.0,6.666666666666667,6.6,21.0,0.0,0.16666666666666696,60.0,13.0,0.0,2,10,207.043,0
2024,9,Canadian Grand Prix,villeneuve,hamilton,HAM,mercedes,7,4,13.0,Finished,0,0,7,0,8.0,35.0,0.0,4.0,88.0,0.0,6.333333333333333,7.4,23.0,0.0,-0.16666666666666696,60.0,2.3333333333333335,1.0,2,10,207.043,0
2024,9,Canadian Grand Prix,villeneuve,piastri,PIA,mclaren,4,5,10.0,Finished,0,0,4,0,6.0,66.0,0.0,3.0,176.0,1.0,6.333333333333333,7.0,30.0,0.0,2.0,88.0,11.0,0.0,2,10,207.043,0
2024,9,Canadian Grand Prix,villeneuve,alonso,ALO,aston_martin,6,6,8.0,Finished,0,0,6,0,9.0,33.0,0.0,5.0,44.0,0.0,13.0,10.4,2.0,0.4,-0.16666666666666607,16.0,5.5,0.5,2,10,207.043,0
2024,9,Canadian Grand Prix,villeneuve,stroll,STR,aston_martin,9,7,6.0,Finished,0,0,9,0,11.0,11.0,0.0,5.0,44.0,0.0,13.333333333333334,13.4,2.0,0.4,0.16666666666666785,16.0,9.333333333333334,0.0,2,10,207.043,1
2024,9,Canadian Grand Prix,villeneuve,ricciardo,RIC,rb,5,8,4.0,Finished,0,0,5,0,19.0,0.0,0.0,6.0,18.0,0.0,13.333333333333334,15.4,0.0,0.8,2.5,9.0,8.5,0.0,2,10,207.043,0
2024,9,Canadian Grand Prix,villeneuve,gasly,GAS,alpine,15,9,2.0,Finished,0,0,15,0,15.0,1.0,0.0,8.0,2.0,0.0,12.666666666666666,13.4,1.0,0.6,-0.5,4.0,11.333333333333334,0.0,2,10,207.043,0
2024,9,Canadian Grand Prix,villeneuve,ocon,OCO,alpine,18,10,1.0,Finished,0,0,18,0,16.0,1.0,0.0,8.0,2.0,0.0,13.666666666666666,13.4,1.0,0.6,0.5,4.0,7.0,0.0,2,10,207.043,0
2024,9,Canadian Grand Prix,villeneuve,hulkenberg,HUL,haas,17,11,0.0,Finished,0,0,19,0,13.0,4.0,0.0,7.0,5.0,0.0,13.666666666666666,12.4,0.0,0.6,-1.6666666666666679,0.0,11.0,0.0,2,10,207.043,0
2024,9,Canadian Grand Prix,villeneuve,kevin_magnussen,MAG,haas,14,12,0.0,Finished,0,0,14,0,17.0,1.0,0.0,7.0,5.0,0.0,17.0,16.0,0.0,0.6,1.666666666666666,0.0,17.0,0.0,2,10,207.043,0
2024,9,Canadian Grand Prix,villeneuve,bottas,BOT,sauber,19,13,0.0,Finished,0,0,17,0,18.0,0.0,0.0,10.0,0.0,0.0,15.666666666666666,16.2,0.0,0.8,0.33333333333333215,0.0,7.0,0.0,2,10,207.043,0
2024,9,Canadian Grand Prix,villeneuve,tsunoda,TSU,rb,8,14,0.0,Finished,0,0,8,0,10.0,18.0,0.0,6.0,18.0,0.0,8.333333333333334,10.8,11.0,0.8,-2.5,9.0,16.0,0.0,2,10,207.043,0
2024,9,Canadian Grand Prix,villeneuve,zhou,ZHO,sauber,20,15,0.0,Lapped,0,1,20,0,21.0,0.0,0.0,10.0,0.0,0.0,15.0,15.4,0.0,0.6,-0.3333333333333339,0.0,12.0,0.0,2,10,207.043,0
2024,9,Canadian Grand Prix,villeneuve,sainz,SAI,ferrari,12,16,0.0,Retired,0,1,12,0,4.0,100.0,1.0,2.0,232.0,2.0,4.333333333333333,4.2,35.0,0.0,0.9999999999999996,65.0,6.0,0.3333333333333333,2,10,207.043,0
2024,9,Canadian Grand Prix,villeneuve,albon,ALB,williams,10,17,0.0,Retired,0,1,10,0,14.0,2.0,0.0,9.0,2.0,0.0,15.666666666666666,15.8,2.0,0.6,-0.8333333333333339,2.0,13.0,0.0,2,10,207.043,0
2024,9,Canadian Grand Prix,villeneuve,perez,PER,red_bull,16,18,0.0,Retired,0,1,16,0,5.0,95.0,0.0,1.0,248.0,5.0,10.0,7.0,16.0,0.2,3.5,62.0,12.666666666666666,0.0,2,10,207.043,0
2024,9,Canadian Grand Prix,villeneuve,leclerc,LEC,ferrari,11,19,0.0,Retired,0,1,11,0,2.0,126.0,1.0,2.0,232.0,2.0,2.3333333333333335,3.0,55.0,0.0,-1.0,65.0,4.0,0.3333333333333333,2,10,207.043,0
2024,9,Canadian Grand Prix,villeneuve,sargeant,SAR,williams,13,20,0.0,Retired,0,1,13,0,20.0,0.0,0.0,9.0,2.0,0.0,17.333333333333332,17.2,0.0,0.8,0.8333333333333321,2.0,20.0,0.0,2,10,207.043,0
2024,10,Spanish Grand Prix,catalunya,max_verstappen,VER,red_bull,2,1,25.0,Finished,1,0,2,1,1.0,178.0,6.0,1.0,273.0,6.0,2.6666666666666665,2.2,58.0,0.0,-6.0,62.0,1.8,1.0,2,10,207.043,0
2024,10,Spanish Grand Prix,catalunya,norris,NOR,mclaren,1,2,19.0,Finished,1,0,1,1,2.0,128.0,1.0,3.0,204.0,1.0,2.6666666666666665,2.2,48.0,0.0,-0.5,83.0,12.6,0.0,2,10,207.043,0
2024,10,Spanish Grand Prix,catalunya,hamilton,HAM,mercedes,3,3,15.0,Finished,1,0,3,0,8.0,48.0,0.0,4.0,116.0,0.0,5.666666666666667,6.4,28.0,0.0,0.3333333333333339,72.0,2.0,0.8,2,10,207.043,0
2024,10,Spanish Grand Prix,catalunya,russell,RUS,mercedes,4,4,12.0,Finished,0,0,4,0,7.0,68.0,0.0,4.0,116.0,0.0,5.0,5.8,32.0,0.0,-0.33333333333333304,72.0,10.8,0.4,2,10,207.043,0
2024,10,Spanish Grand Prix,catalunya,leclerc,LEC,ferrari,5,5,10.0,Finished,0,0,5,0,3.0,126.0,1.0,2.0,232.0,2.0,7.666666666666667,6.0,40.0,0.2,-0.16666666666666607,58.0,12.0,0.0,2,10,207.043,0
2024,10,Spanish Grand Prix,catalunya,sainz,SAI,ferrari,6,6,8.0,Finished,0,0,6,0,4.0,100.0,1.0,2.0,232.0,2.0,8.0,6.8,25.0,0.2,0.16666666666666696,58.0,6.0,0.0,2,10,207.043,1
2024,10,Spanish Grand Prix,catalunya,piastri,PIA,mclaren,9,7,6.0,Finished,0,0,10,0,6.0,76.0,0.0,3.0,204.0,1.0,3.6666666666666665,6.4,40.0,0.0,0.5,83.0,13.0,0.0,2,10,207.043,0
2024,10,Spanish Grand Prix,catalunya,perez,PER,red_bull,11,8,4.0,Finished,0,0,8,0,5.0,95.0,0.0,1.0,273.0,6.0,14.666666666666666,10.2,4.0,0.4,6.0,62.0,6.2,0.2,2,10,207.043,0
2024,10,Spanish Grand Prix,catalunya,gasly,GAS,alpine,7,9,2.0,Finished,0,0,7,0,15.0,3.0,0.0,7.0,5.0,0.0,11.666666666666666,12.0,3.0,0.4,-1.0,7.0,9.6,0.0,2,10,207.043,0
2024,10,Spanish Grand Prix,catalunya,ocon,OCO,alpine,8,10,1.0,Finished,0,0,9,0,16.0,2.0,0.0,7.0,5.0,0.0,13.666666666666666,12.4,1.0,0.4,1.0,7.0,9.25,0.0,2,10,207.043,0
2024,10,Spanish Grand Prix,catalunya,hulkenberg,HUL,haas,13,11,0.0,Finished,0,0,13,0,13.0,4.0,0.0,8.0,5.0,0.0,13.666666666666666,12.4,0.0,0.4,-0.5,0.0,14.0,0.0,2,10,207.043,0
2024,10,Spanish Grand Prix,catalunya,alonso,ALO,aston_martin,10,12,0.0,Lapped,0,1,11,0,9.0,41.0,0.0,5.0,58.0,0.0,12.0,10.4,8.0,0.4,1.0,14.0,11.0,0.0,2,10,207.043,1
2024,10,Spanish Grand Prix,catalunya,zhou,ZHO,sauber,15,13,0.0,Lapped,0,1,15,0,21.0,0.0,0.0,10.0,0.0,0.0,15.333333333333334,14.8,0.0,0.6,0.3333333333333339,0.0,14.0,0.0,2,10,207.043,0
2024,10,Spanish Grand Prix,catalunya,stroll,STR,aston_martin,14,14,0.0,Lapped,0,1,14,0,11.0,17.0,0.0,5.0,58.0,0.0,10.0,12.4,8.0,0.2,-1.0,14.0,11.0,0.0,2,10,207.043,0
2024,10,Spanish Grand Prix,catalunya,ricciardo,RIC,rb,18,15,0.0,Lapped,0,1,18,0,14.0,4.0,0.0,6.0,22.0,0.0,11.0,13.2,4.0,0.6,0.16666666666666607,8.0,10.25,0.0,2,10,207.043,0
2024,10,Spanish Grand Prix,catalunya,bottas,BOT,sauber,12,16,0.0,Lapped,0,1,12,0,19.0,0.0,0.0,10.0,0.0,0.0,14.666666666666666,16.0,0.0,0.6,-0.3333333333333339,0.0,6.6,0.6,2,10,207.043,0
2024,10,Spanish Grand Prix,catalunya,kevin_magnussen,MAG,haas,16,17,0.0,Lapped,0,1,16,0,18.0,1.0,0.0,8.0,5.0,0.0,14.666666666666666,15.8,0.0,0.4,0.5,0.0,14.25,0.0,2,10,207.043,0
2024,10,Spanish Grand Prix,catalunya,albon,ALB,williams,20,18,0.0,Lapped,0,1,19,0,17.0,2.0,0.0,9.0,2.0,0.0,15.333333333333334,15.2,2.0,0.6,-0.9999999999999982,2.0,13.25,0.0,2,10,207.043,0
2024,10,Spanish Grand Prix,catalunya,tsunoda,TSU,rb,17,19,0.0,Lapped,0,1,17,0,10.0,18.0,0.0,6.0,22.0,0.0,10.666666666666666,11.6,5.0,0.6,-0.16666666666666785,8.0,14.0,0.0,2,10,207.043,0
2024,10,Spanish Grand Prix,catalunya,sargeant,SAR,williams,19,20,0.0,Lapped,0,1,20,0,20.0,0.0,0.0,9.0,2.0,0.0,17.333333333333332,17.8,0.0,0.8,1.0,2.0,20.0,0.0,2,10,207.043,0
2024,11,Austrian Grand Prix,red_bull_ring,russell,RUS,mercedes,3,1,25.0,Finished,1,0,3,0,7.0,80.0,0.0,4.0,143.0,0.0,4.0,5.4,37.0,0.0,-0.33333333333333304,92.0,12.857142857142858,0.0,2,10,207.043,0
2024,11,Austrian Grand Prix,red_bull_ring,piastri,PIA,mclaren,7,2,18.0,Finished,1,0,7,0,6.0,82.0,0.0,3.0,229.0,1.0,4.666666666666667,6.2,34.0,0.0,1.0000000000000004,71.0,16.0,0.0,2,10,207.043,0
2024,11,Austrian Grand Prix,red_bull_ring,sainz,SAI,ferrari,4,3,15.0,Finished,1,0,4,0,4.0,108.0,1.0,2.0,250.0,2.0,8.333333333333334,7.0,23.0,0.2,0.0,33.0,8.142857142857142,0.0,2,10,207.043,0
2024,11,Austrian Grand Prix,red_bull_ring,hamilton,HAM,mercedes,5,4,12.0,Finished,0,0,5,0,8.0,63.0,0.0,4.0,143.0,0.0,4.666666666666667,5.2,35.0,0.0,0.3333333333333339,92.0,3.857142857142857,0.42857142857142855,2,10,207.043,0
2024,11,Austrian Grand Prix,red_bull_ring,max_verstappen,VER,red_bull,1,5,10.0,Finished,0,0,1,1,1.0,203.0,7.0,1.0,302.0,7.0,2.6666666666666665,2.2,58.0,0.0,-6.0,70.0,4.142857142857143,0.8571428571428571,2,10,207.043,0
2024,11,Austrian Grand Prix,red_bull_ring,hulkenberg,HUL,haas,9,6,8.0,Finished,0,0,9,0,14.0,4.0,0.0,8.0,5.0,0.0,13.666666666666666,12.6,0.0,0.4,-1.333333333333334,12.0,16.5,0.0,2,10,207.043,0
2024,11,Austrian Grand Prix,red_bull_ring,perez,PER,red_bull,8,7,6.0,Finished,0,0,8,0,5.0,99.0,0.0,1.0,302.0,7.0,14.666666666666666,11.2,4.0,0.4,6.0,70.0,8.0,0.14285714285714285,2,10,207.043,0
2024,11,Austrian Grand Prix,red_bull_ring,kevin_magnussen,MAG,haas,12,8,4.0,Finished,0,0,12,0,18.0,1.0,0.0,8.0,5.0,0.0,16.333333333333332,16.0,0.0,0.6,1.3333333333333321,12.0,14.8,0.0,2,10,207.043,0
2024,11,Austrian Grand Prix,red_bull_ring,ricciardo,RIC,rb,11,9,2.0,Finished,0,0,11,0,15.0,4.0,0.0,6.0,22.0,0.0,11.666666666666666,12.6,4.0,0.6,-1.0,6.0,11.333333333333334,0.0,2,10,207.043,0
2024,11,Austrian Grand Prix,red_bull_ring,gasly,GAS,alpine,13,10,1.0,Finished,0,0,13,0,13.0,5.0,0.0,7.0,8.0,0.0,9.333333333333334,11.2,5.0,0.4,-1.5,7.0,11.857142857142858,0.0,2,10,207.043,0
2024,11,Austrian Grand Prix,red_bull_ring,leclerc,LEC,ferrari,6,11,0.0,Finished,0,0,6,0,3.0,136.0,1.0,2.0,250.0,2.0,8.333333333333334,6.2,35.0,0.2,0.0,33.0,5.857142857142857,0.5714285714285714,2,10,207.043,0
2024,11,Austrian Grand Prix,red_bull_ring,ocon,OCO,alpine,10,12,0.0,Finished,0,0,10,0,16.0,3.0,0.0,7.0,8.0,0.0,12.333333333333334,12.2,2.0,0.4,1.5,7.0,13.166666666666666,0.0,2,10,207.043,0
2024,11,Austrian Grand Prix,red_bull_ring,stroll,STR,aston_martin,17,13,0.0,Lapped,0,1,17,0,11.0,17.0,0.0,5.0,58.0,0.0,11.666666666666666,12.2,6.0,0.4,1.0,14.0,11.714285714285714,0.0,2,10,207.043,0
2024,11,Austrian Grand Prix,red_bull_ring,tsunoda,TSU,rb,14,14,0.0,Lapped,0,1,14,0,10.0,18.0,0.0,6.0,22.0,0.0,13.666666666666666,11.6,4.0,0.6,1.0,6.0,14.25,0.0,2,10,207.043,0
2024,11,Austrian Grand Prix,red_bull_ring,albon,ALB,williams,16,15,0.0,Lapped,0,1,16,0,17.0,2.0,0.0,9.0,2.0,0.0,14.666666666666666,16.4,2.0,0.8,-1.833333333333334,0.0,11.0,0.0,2,10,207.043,0
2024,11,Austrian Grand Prix,red_bull_ring,bottas,BOT,sauber,18,16,0.0,Lapped,0,1,18,0,19.0,0.0,0.0,10.0,0.0,0.0,14.0,15.2,0.0,0.6,-0.3333333333333339,0.0,5.285714285714286,0.7142857142857143,2,10,207.043,0
2024,11,Austrian Grand Prix,red_bull_ring,zhou,ZHO,sauber,20,17,0.0,Lapped,0,1,20,0,21.0,0.0,0.0,10.0,0.0,0.0,14.666666666666666,14.6,0.0,0.8,0.33333333333333215,0.0,13.0,0.0,2,10,207.043,0
2024,11,Austrian Grand Prix,red_bull_ring,alonso,ALO,aston_martin,15,18,0.0,Lapped,0,1,15,0,9.0,41.0,0.0,5.0,58.0,0.0,9.666666666666666,11.4,8.0,0.6,-1.0,14.0,8.5,0.0,2,10,207.043,0
2024,11,Austrian Grand Prix,red_bull_ring,sargeant,SAR,williams,19,19,0.0,Lapped,0,1,19,0,20.0,0.0,0.0,9.0,2.0,0.0,18.333333333333332,18.4,0.0,1.0,1.8333333333333321,0.0,13.0,0.0,2,10,207.043,0
2024,11,Austrian Grand Prix,red_bull_ring,norris,NOR,mclaren,2,20,0.0,Lapped,0,1,2,1,2.0,147.0,1.0,3.0,229.0,1.0,2.6666666666666665,2.2,49.0,0.0,-1.0,71.0,4.714285714285714,0.2857142857142857,2,10,207.043,0
2024,12,British Grand Prix,silverstone,hamilton,HAM,mercedes,2,1,25.0,Finished,1,0,2,1,8.0,75.0,0.0,4.0,180.0,1.0,3.6666666666666665,4.8,40.0,0.0,0.5,89.0,1.8333333333333333,1.0,2,10,207.043,1
2024,12,British Grand Prix,silverstone,max_verstappen,VER,red_bull,4,2,18.0,Finished,1,0,4,0,1.0,213.0,7.0,1.0,318.0,7.0,2.3333333333333335,2.8,60.0,0.0,-4.333333333333334,63.0,6.0,0.5,2,10,207.043,0
2024,12,British Grand Prix,silverstone,norris,NOR,mclaren,3,3,15.0,Finished,1,0,3,0,2.0,147.0,1.0,3.0,247.0,1.0,8.0,6.0,37.0,0.2,1.666666666666667,70.0,6.166666666666667,0.16666666666666666,2,10,207.043,1
2024,12,British Grand Prix,silverstone,piastri,PIA,mclaren,5,4,12.0,Finished,0,0,5,0,7.0,100.0,0.0,3.0,247.0,1.0,4.666666666666667,4.0,34.0,0.0,-1.666666666666666,70.0,4.0,0.0,2,10,207.043,0
2024,12,British Grand Prix,silverstone,sainz,SAI,ferrari,7,5,11.0,Finished,0,0,7,0,4.0,123.0,1.0,2.0,265.0,2.0,8.333333333333334,6.6,23.0,0.2,-1.666666666666666,44.0,8.166666666666666,0.16666666666666666,2,10,207.043,0
2024,12,British Grand Prix,silverstone,hulkenberg,HUL,haas,6,6,8.0,Finished,0,0,6,0,12.0,12.0,0.0,7.0,17.0,0.0,9.333333333333334,11.6,8.0,0.4,-1.5,20.0,12.5,0.0,2,10,207.043,0
2024,12,British Grand Prix,silverstone,stroll,STR,aston_martin,8,7,6.0,Finished,0,0,8,0,11.0,17.0,0.0,5.0,58.0,0.0,11.333333333333334,11.4,6.0,0.6,-0.33333333333333215,10.0,10.166666666666666,0.0,2,10,207.043,0
2024,12,British Grand Prix,silverstone,alonso,ALO,aston_martin,10,8,4.0,Finished,0,0,10,0,9.0,41.0,0.0,5.0,58.0,0.0,12.0,13.2,8.0,0.8,0.3333333333333339,10.0,6.333333333333333,0.0,2,10,207.043,0
2024,12,British Grand Prix,silverstone,albon,ALB,williams,9,9,2.0,Finished,0,0,9,0,18.0,2.0,0.0,9.0,2.0,0.0,16.666666666666668,15.8,0.0,1.0,-1.5,2.0,10.6,0.0,2,10,207.043,0
2024,12,British Grand Prix,silverstone,tsunoda,TSU,rb,13,10,1.0,Finished,0,0,13,0,10.0,18.0,0.0,6.0,24.0,0.0,15.666666666666666,13.0,0.0,0.8,2.5,3.0,13.333333333333334,0.0,2,10,207.043,0
2024,12,British Grand Prix,silverstone,sargeant,SAR,williams,12,11,0.0,Finished,0,0,12,0,20.0,0.0,0.0,9.0,2.0,0.0,19.666666666666668,18.2,0.0,1.0,1.5,2.0,11.0,0.0,2,10,207.043,0
2024,12,British Grand Prix,silverstone,kevin_magnussen,MAG,haas,17,12,0.0,Finished,0,0,17,0,16.0,5.0,0.0,7.0,17.0,0.0,12.333333333333334,13.8,4.0,0.6,1.5,20.0,17.6,0.0,2,10,207.043,0
2024,12,British Grand Prix,silverstone,ricciardo,RIC,rb,15,13,0.0,Lapped,0,1,15,0,15.0,6.0,0.0,6.0,24.0,0.0,10.666666666666666,11.4,6.0,0.6,-2.5,3.0,8.6,0.0,2,10,207.043,0
2024,12,British Grand Prix,silverstone,leclerc,LEC,ferrari,11,14,0.0,Lapped,0,1,11,0,3.0,136.0,1.0,2.0,265.0,2.0,11.666666666666666,7.8,10.0,0.2,1.666666666666666,44.0,4.166666666666667,0.5,2,10,207.043,0
2024,12,British Grand Prix,silverstone,bottas,BOT,sauber,16,15,0.0,Lapped,0,1,16,0,19.0,0.0,0.0,10.0,0.0,0.0,15.0,15.2,0.0,0.8,0.0,0.0,8.0,0.5,2,10,207.043,0
2024,12,British Grand Prix,silverstone,ocon,OCO,alpine,18,16,0.0,Lapped,0,1,18,0,17.0,3.0,0.0,8.0,9.0,0.0,10.666666666666666,12.6,2.0,0.4,0.6666666666666661,4.0,11.6,0.0,2,10,207.043,0
2024,12,British Grand Prix,silverstone,perez,PER,red_bull,20,17,0.0,Lapped,0,1,19,0,6.0,105.0,0.0,1.0,318.0,7.0,11.0,11.8,10.0,0.4,4.333333333333333,63.0,10.25,0.25,2,10,207.043,0
2024,12,British Grand Prix,silverstone,zhou,ZHO,sauber,14,18,0.0,Lapped,0,1,14,0,21.0,0.0,0.0,10.0,0.0,0.0,15.0,15.2,0.0,1.0,0.0,0.0,17.0,0.0,2,10,207.043,0
2024,12,British Grand Prix,silverstone,russell,RUS,mercedes,1,19,0.0,Retired,0,1,1,1,5.0,105.0,1.0,4.0,180.0,1.0,2.6666666666666665,4.0,52.0,0.0,-0.5,89.0,13.166666666666666,0.0,2,10,207.043,1
2024,12,British Grand Prix,silverstone,gasly,GAS,alpine,19,20,0.0,Did not start,0,1,20,0,13.0,6.0,0.0,8.0,9.0,0.0,9.333333333333334,10.8,5.0,0.4,-0.6666666666666661,4.0,11.166666666666666,0.0,2,10,207.043,0
2024,13,Hungarian Grand Prix,hungaroring,piastri,PIA,mclaren,2,1,25.0,Finished,1,0,2,1,5.0,112.0,0.0,3.0,274.0,1.0,4.333333333333333,4.0,36.0,0.0,-2.0,88.0,5.0,0.0,2,10,207.043,0
2024,13,Hungarian Grand Prix,hungaroring,norris,NOR,mclaren,1,2,18.0,Finished,1,0,1,1,2.0,162.0,1.0,3.0,274.0,1.0,8.333333333333334,6.2,34.0,0.2,2.000000000000001,88.0,9.2,0.2,2,10,207.043,0
2024,13,Hungarian Grand Prix,hungaroring,hamilton,HAM,mercedes,5,3,15.0,Finished,1,0,5,0,8.0,100.0,1.0,4.0,205.0,2.0,2.6666666666666665,3.8,52.0,0.0,-2.6666666666666665,82.0,2.0,0.8,2,10,207.043,0
2024,13,Hungarian Grand Prix,hungaroring,leclerc,LEC,ferrari,6,4,12.0,Finished,0,0,6,0,3.0,136.0,1.0,2.0,276.0,2.0,10.0,10.0,10.0,0.4,2.666666666666667,46.0,9.2,0.0,2,10,207.043,0
2024,13,Hungarian Grand Prix,hungaroring,max_verstappen,VER,red_bull,3,5,10.0,Finished,0,0,3,0,1.0,231.0,7.0,1.0,336.0,7.0,2.6666666666666665,3.0,53.0,0.0,-4.0,50.0,3.0,0.8,2,10,207.043,0
2024,13,Hungarian Grand Prix,hungaroring,sainz,SAI,ferrari,4,6,8.0,Finished,0,0,4,0,4.0,134.0,1.0,2.0,276.0,2.0,4.666666666666667,6.6,34.0,0.2,-2.666666666666666,46.0,5.8,0.2,2,10,207.043,0
2024,13,Hungarian Grand Prix,hungaroring,perez,PER,red_bull,16,7,6.0,Finished,0,0,16,0,6.0,105.0,0.0,1.0,336.0,7.0,10.666666666666666,13.6,10.0,0.6,3.999999999999999,50.0,8.6,0.2,2,10,207.043,0
2024,13,Hungarian Grand Prix,hungaroring,russell,RUS,mercedes,17,8,5.0,Finished,0,0,17,0,7.0,105.0,1.0,4.0,205.0,2.0,8.0,6.4,37.0,0.2,2.666666666666667,82.0,10.2,0.2,2,10,207.043,0
2024,13,Hungarian Grand Prix,hungaroring,tsunoda,TSU,rb,10,9,2.0,Finished,0,0,10,0,12.0,19.0,0.0,7.0,25.0,0.0,14.333333333333334,13.0,1.0,0.6,1.0,5.0,13.333333333333334,0.0,2,10,207.043,0
2024,13,Hungarian Grand Prix,hungaroring,stroll,STR,aston_martin,8,10,1.0,Finished,0,0,8,0,10.0,23.0,0.0,5.0,68.0,0.0,11.333333333333334,11.0,6.0,0.6,-0.6666666666666661,11.0,12.2,0.0,2,10,207.043,0
2024,13,Hungarian Grand Prix,hungaroring,alonso,ALO,aston_martin,7,11,0.0,Finished,0,0,7,0,9.0,45.0,0.0,5.0,68.0,0.0,12.666666666666666,11.0,4.0,0.6,0.6666666666666661,11.0,7.0,0.0,2,10,207.043,0
2024,13,Hungarian Grand Prix,hungaroring,ricciardo,RIC,rb,9,12,0.0,Lapped,0,1,9,0,15.0,6.0,0.0,7.0,25.0,0.0,12.333333333333334,11.4,2.0,0.6,-1.0,5.0,12.2,0.0,2,10,207.043,0
2024,13,Hungarian Grand Prix,hungaroring,hulkenberg,HUL,haas,11,13,0.0,Lapped,0,1,11,0,11.0,20.0,0.0,6.0,25.0,0.0,7.666666666666667,10.6,16.0,0.2,-2.333333333333333,20.0,13.0,0.0,2,10,207.043,0
2024,13,Hungarian Grand Prix,hungaroring,albon,ALB,williams,13,14,0.0,Lapped,0,1,13,0,17.0,4.0,0.0,9.0,4.0,0.0,14.0,13.6,2.0,0.8,-1.333333333333334,2.0,10.75,0.0,2,10,207.043,0
2024,13,Hungarian Grand Prix,hungaroring,kevin_magnussen,MAG,haas,15,15,0.0,Lapped,0,1,15,0,16.0,5.0,0.0,6.0,25.0,0.0,12.333333333333334,13.8,4.0,0.4,2.333333333333334,20.0,14.0,0.0,2,10,207.043,0
2024,13,Hungarian Grand Prix,hungaroring,bottas,BOT,sauber,12,16,0.0,Lapped,0,1,12,0,19.0,0.0,0.0,10.0,0.0,0.0,15.666666666666666,14.6,0.0,0.8,-0.16666666666666785,0.0,11.8,0.2,2,10,207.043,0
2024,13,Hungarian Grand Prix,hungaroring,sargeant,SAR,williams,14,17,0.0,Lapped,0,1,14,0,20.0,0.0,0.0,9.0,4.0,0.0,16.666666666666668,17.0,0.0,0.8,1.333333333333334,2.0,18.0,0.0,2,10,207.043,0
2024,13,Hungarian Grand Prix,hungaroring,ocon,OCO,alpine,19,18,0.0,Lapped,0,1,19,0,18.0,3.0,0.0,8.0,9.0,0.0,12.666666666666666,13.0,1.0,0.4,-0.16666666666666785,1.0,10.75,0.25,2,10,207.043,0
2024,13,Hungarian Grand Prix,hungaroring,zhou,ZHO,sauber,18,19,0.0,Lapped,0,1,18,0,21.0,0.0,0.0,10.0,0.0,0.0,16.0,15.8,0.0,1.0,0.16666666666666607,0.0,14.5,0.0,2,10,207.043,0
2024,13,Hungarian Grand Prix,hungaroring,gasly,GAS,alpine,20,20,0.0,Retired,0,1,20,0,13.0,6.0,0.0,8.0,9.0,0.0,13.0,11.6,3.0,0.4,0.16666666666666607,1.0,12.6,0.0,2,10,207.043,0
2024,14,Belgian Grand Prix,spa,hamilton,HAM,mercedes,3,1,25.0,Finished,1,0,4,0,6.0,115.0,1.0,4.0,225.0,2.0,2.6666666666666665,3.0,52.0,0.0,-3.3333333333333335,70.0,6.0,0.6,2,10,207.043,0
2024,14,Belgian Grand Prix,spa,piastri,PIA,mclaren,5,2,18.0,Finished,1,0,6,0,5.0,137.0,1.0,2.0,317.0,2.0,2.3333333333333335,3.8,55.0,0.0,-2.9999999999999996,98.0,20.0,0.0,2,10,207.043,0
2024,14,Belgian Grand Prix,spa,leclerc,LEC,ferrari,1,3,15.0,Finished,1,0,2,1,3.0,148.0,1.0,3.0,296.0,2.0,9.666666666666666,10.6,12.0,0.4,2.499999999999999,54.0,6.4,0.4,2,10,207.043,0
2024,14,Belgian Grand Prix,spa,max_verstappen,VER,red_bull,11,4,12.0,Finished,0,0,1,1,1.0,241.0,7.0,1.0,352.0,7.0,4.0,2.8,38.0,0.0,-3.166666666666667,53.0,5.2,0.8,2,10,207.043,0
2024,14,Belgian Grand Prix,spa,norris,NOR,mclaren,4,5,10.0,Finished,0,0,5,0,2.0,180.0,1.0,2.0,317.0,2.0,8.333333333333334,5.8,33.0,0.2,3.000000000000001,98.0,10.2,0.0,2,10,207.043,0
2024,14,Belgian Grand Prix,spa,sainz,SAI,ferrari,7,6,8.0,Finished,0,0,8,0,4.0,142.0,1.0,3.0,296.0,2.0,4.666666666666667,7.2,34.0,0.2,-2.5,54.0,14.2,0.2,2,10,207.043,0
2024,14,Belgian Grand Prix,spa,perez,PER,red_bull,2,7,7.0,Finished,0,0,3,0,7.0,111.0,0.0,1.0,352.0,7.0,10.333333333333334,11.4,12.0,0.4,3.166666666666667,53.0,7.8,0.4,2,10,207.043,0
2024,14,Belgian Grand Prix,spa,alonso,ALO,aston_martin,8,8,4.0,Finished,0,0,9,0,9.0,45.0,0.0,5.0,69.0,0.0,12.333333333333334,11.0,4.0,0.4,1.1666666666666679,15.0,7.0,0.0,2,10,207.043,0
2024,14,Belgian Grand Prix,spa,ocon,OCO,alpine,9,9,2.0,Finished,0,0,10,0,18.0,3.0,0.0,8.0,9.0,0.0,15.333333333333334,13.2,0.0,0.4,-0.6666666666666661,2.0,6.75,0.0,2,10,207.043,0
2024,14,Belgian Grand Prix,spa,ricciardo,RIC,rb,13,10,1.0,Finished,0,0,13,0,15.0,6.0,0.0,6.0,27.0,0.0,11.333333333333334,11.4,2.0,0.6,0.16666666666666785,4.0,10.6,0.0,2,10,207.043,0
2024,14,Belgian Grand Prix,spa,stroll,STR,aston_martin,15,11,0.0,Finished,0,0,15,0,10.0,24.0,0.0,5.0,69.0,0.0,10.0,10.2,7.0,0.4,-1.166666666666666,15.0,11.8,0.0,2,10,207.043,0
2024,14,Belgian Grand Prix,spa,albon,ALB,williams,10,12,0.0,Finished,0,0,11,0,17.0,4.0,0.0,9.0,4.0,0.0,12.666666666666666,14.6,2.0,0.8,-1.5,2.0,8.75,0.0,2,10,207.043,0
2024,14,Belgian Grand Prix,spa,gasly,GAS,alpine,12,13,0.0,Finished,0,0,12,0,13.0,6.0,0.0,8.0,9.0,0.0,16.666666666666668,13.6,1.0,0.4,0.6666666666666679,2.0,8.6,0.0,2,10,207.043,0
2024,14,Belgian Grand Prix,spa,kevin_magnussen,MAG,haas,17,14,0.0,Finished,0,0,17,0,16.0,5.0,0.0,7.0,25.0,0.0,11.666666666666666,12.8,4.0,0.4,1.666666666666666,8.0,15.0,0.0,2,10,207.043,0
2024,14,Belgian Grand Prix,spa,bottas,BOT,sauber,14,15,0.0,Finished,0,0,14,0,19.0,0.0,0.0,10.0,0.0,0.0,15.666666666666666,15.2,0.0,0.8,-1.166666666666666,0.0,9.6,0.4,2,10,207.043,0
2024,14,Belgian Grand Prix,spa,tsunoda,TSU,rb,20,16,0.0,Finished,0,0,18,0,11.0,21.0,0.0,6.0,27.0,0.0,11.0,13.2,3.0,0.4,-0.16666666666666607,4.0,12.666666666666666,0.0,2,10,207.043,0
2024,14,Belgian Grand Prix,spa,sargeant,SAR,williams,18,17,0.0,Finished,0,0,19,0,20.0,0.0,0.0,9.0,4.0,0.0,15.666666666666666,17.4,0.0,0.8,1.5,2.0,17.0,0.0,2,10,207.043,0
2024,14,Belgian Grand Prix,spa,hulkenberg,HUL,haas,16,18,0.0,Finished,0,0,16,0,12.0,20.0,0.0,7.0,25.0,0.0,8.333333333333334,9.4,16.0,0.2,-1.666666666666666,8.0,13.0,0.0,2,10,207.043,0
2024,14,Belgian Grand Prix,spa,zhou,ZHO,sauber,19,19,0.0,Retired,0,1,20,0,21.0,0.0,0.0,10.0,0.0,0.0,18.0,16.4,0.0,1.0,1.1666666666666679,0.0,13.5,0.0,2,10,207.043,0
2024,14,Belgian Grand Prix,spa,russell,RUS,mercedes,6,20,0.0,Disqualified,0,1,7,0,8.0,110.0,1.0,4.0,225.0,2.0,9.333333333333334,7.0,30.0,0.2,3.333333333333334,70.0,9.2,0.2,2,10,207.043,0
2024,15,Dutch Grand Prix,zandvoort,norris,NOR,mclaren,1,1,26.0,Finished,1,0,1,1,2.0,190.0,1.0,2.0,345.0,2.0,3.3333333333333335,6.4,43.0,0.2,0.5,109.0,8.0,0.0,2,10,207.043,0
2024,15,Dutch Grand Prix,zandvoort,max_verstappen,VER,red_bull,2,2,18.0,Finished,1,0,2,1,1.0,253.0,7.0,1.0,371.0,7.0,3.6666666666666665,3.4,40.0,0.0,-3.3333333333333335,61.0,1.0,1.0,2,10,207.043,0
2024,15,Dutch Grand Prix,zandvoort,leclerc,LEC,ferrari,6,3,15.0,Finished,1,0,6,0,3.0,163.0,1.0,3.0,319.0,2.0,7.0,7.4,27.0,0.2,0.666666666666667,68.0,9.0,0.3333333333333333,2,10,207.043,0
2024,15,Dutch Grand Prix,zandvoort,piastri,PIA,mclaren,3,4,12.0,Finished,0,0,3,0,4.0,155.0,1.0,2.0,345.0,2.0,2.3333333333333335,3.2,55.0,0.0,-0.5,109.0,9.0,0.0,2,10,207.043,0
2024,15,Dutch Grand Prix,zandvoort,sainz,SAI,ferrari,10,5,10.0,Finished,0,0,10,0,5.0,150.0,1.0,3.0,319.0,2.0,5.666666666666667,5.2,27.0,0.0,-0.6666666666666661,68.0,6.666666666666667,0.0,2,10,207.043,0
2024,15,Dutch Grand Prix,zandvoort,perez,PER,red_bull,5,6,8.0,Finished,0,0,5,0,7.0,118.0,0.0,1.0,371.0,7.0,10.333333333333334,9.2,13.0,0.2,3.333333333333334,61.0,5.666666666666667,0.0,2,10,207.043,0
2024,15,Dutch Grand Prix,zandvoort,russell,RUS,mercedes,4,7,6.0,Finished,0,0,4,0,8.0,110.0,1.0,4.0,250.0,3.0,15.666666666666666,10.4,5.0,0.4,7.0,55.0,12.0,0.3333333333333333,2,10,207.043,0
2024,15,Dutch Grand Prix,zandvoort,hamilton,HAM,mercedes,14,8,4.0,Finished,0,0,11,0,6.0,140.0,2.0,4.0,250.0,3.0,1.6666666666666667,2.4,65.0,0.0,-6.999999999999999,55.0,4.0,0.3333333333333333,2,10,207.043,0
2024,15,Dutch Grand Prix,zandvoort,gasly,GAS,alpine,9,9,2.0,Lapped,0,1,9,0,15.0,6.0,0.0,8.0,11.0,0.0,17.666666666666668,14.4,0.0,0.4,1.6666666666666679,4.0,6.0,0.3333333333333333,2,10,207.043,0
2024,15,Dutch Grand Prix,zandvoort,alonso,ALO,aston_martin,7,10,1.0,Lapped,0,1,7,0,9.0,49.0,0.0,5.0,73.0,0.0,9.0,11.4,8.0,0.4,-0.16666666666666607,6.0,4.666666666666667,0.3333333333333333,2,10,207.043,0
2024,15,Dutch Grand Prix,zandvoort,hulkenberg,HUL,haas,12,11,0.0,Lapped,0,1,13,0,12.0,20.0,0.0,7.0,25.0,0.0,12.333333333333334,10.8,8.0,0.2,-0.6666666666666661,0.0,12.0,0.0,2,10,207.043,0
2024,15,Dutch Grand Prix,zandvoort,ricciardo,RIC,rb,13,12,0.0,Lapped,0,1,15,0,13.0,7.0,0.0,6.0,28.0,0.0,11.666666666666666,11.8,1.0,0.6,0.0,3.0,14.0,0.0,2,10,207.043,0
2024,15,Dutch Grand Prix,zandvoort,stroll,STR,aston_martin,8,13,0.0,Lapped,0,1,8,0,10.0,24.0,0.0,5.0,73.0,0.0,9.333333333333334,11.0,7.0,0.4,0.16666666666666785,6.0,11.0,0.0,2,10,207.043,0
2024,15,Dutch Grand Prix,zandvoort,albon,ALB,williams,19,14,0.0,Lapped,0,1,10,0,18.0,4.0,0.0,9.0,4.0,0.0,11.666666666666666,13.6,2.0,0.6,-1.6666666666666679,0.0,10.0,0.0,2,10,207.043,0
2024,15,Dutch Grand Prix,zandvoort,ocon,OCO,alpine,15,15,0.0,Lapped,0,1,16,0,16.0,5.0,0.0,8.0,11.0,0.0,14.333333333333334,13.0,2.0,0.4,-1.666666666666666,4.0,9.333333333333334,0.0,2,10,207.043,0
2024,15,Dutch Grand Prix,zandvoort,sargeant,SAR,williams,18,16,0.0,Lapped,0,1,20,0,20.0,0.0,0.0,9.0,4.0,0.0,15.0,16.8,0.0,0.6,1.666666666666666,0.0,20.0,0.0,2,10,207.043,0
2024,15,Dutch Grand Prix,zandvoort,tsunoda,TSU,rb,11,17,0.0,Lapped,0,1,12,0,11.0,21.0,0.0,6.0,28.0,0.0,11.666666666666666,13.6,3.0,0.4,0.0,3.0,18.0,0.0,2,10,207.043,0
2024,15,Dutch Grand Prix,zandvoort,kevin_magnussen,MAG,haas,20,18,0.0,Lapped,0,1,14,0,17.0,5.0,0.0,7.0,25.0,0.0,13.666666666666666,13.2,0.0,0.4,0.6666666666666661,0.0,15.5,0.0,2,10,207.043,0
2024,15,Dutch Grand Prix,zandvoort,bottas,BOT,sauber,16,19,0.0,Lapped,0,1,17,0,19.0,0.0,0.0,10.0,0.0,0.0,15.333333333333334,15.6,0.0,0.8,-1.666666666666666,0.0,12.0,0.3333333333333333,2,10,207.043,0
2024,15,Dutch Grand Prix,zandvoort,zhou,ZHO,sauber,17,20,0.0,Lapped,0,1,18,0,21.0,0.0,0.0,10.0,0.0,0.0,18.666666666666668,17.2,0.0,1.0,1.6666666666666679,0.0,17.0,0.0,2,10,207.043,0
2024,16,Italian Grand Prix,monza,leclerc,LEC,ferrari,4,1,25.0,Finished,1,0,4,0,3.0,178.0,1.0,3.0,344.0,2.0,3.3333333333333335,7.0,42.0,0.2,-1.1666666666666665,85.0,5.8,0.4,2,10,207.043,0
2024,16,Italian Grand Prix,monza,piastri,PIA,mclaren,2,2,18.0,Finished,1,0,2,1,4.0,167.0,1.0,2.0,383.0,3.0,2.3333333333333335,2.6,55.0,0.0,-0.16666666666666652,100.0,12.0,0.0,2,10,207.043,0
2024,16,Italian Grand Prix,monza,norris,NOR,mclaren,1,3,16.0,Finished,1,0,1,1,2.0,216.0,2.0,2.0,383.0,3.0,2.6666666666666665,6.2,54.0,0.2,0.16666666666666652,100.0,6.2,0.2,2,10,207.043,0
2024,16,Italian Grand Prix,monza,sainz,SAI,ferrari,5,4,12.0,Finished,0,0,5,0,5.0,160.0,1.0,3.0,344.0,2.0,5.666666666666667,5.0,26.0,0.0,1.166666666666667,85.0,7.0,0.4,2,10,207.043,0
2024,16,Italian Grand Prix,monza,hamilton,HAM,mercedes,6,5,10.0,Finished,0,0,6,0,6.0,144.0,2.0,4.0,260.0,3.0,4.0,3.4,44.0,0.0,-3.833333333333333,51.0,7.6,0.2,2,10,207.043,0
2024,16,Italian Grand Prix,monza,max_verstappen,VER,red_bull,7,6,8.0,Finished,0,0,7,0,1.0,271.0,7.0,1.0,397.0,7.0,3.6666666666666665,3.6,40.0,0.0,-1.5000000000000004,57.0,9.0,0.4,2,10,207.043,0
2024,16,Italian Grand Prix,monza,russell,RUS,mercedes,3,7,6.0,Finished,0,0,3,0,8.0,116.0,1.0,4.0,260.0,3.0,11.666666666666666,11.0,11.0,0.4,3.833333333333333,51.0,9.0,0.2,2,10,207.043,0
2024,16,Italian Grand Prix,monza,perez,PER,red_bull,8,8,4.0,Finished,0,0,8,0,7.0,126.0,0.0,1.0,397.0,7.0,6.666666666666667,8.8,21.0,0.2,1.5,57.0,6.0,0.2,2,10,207.043,0
2024,16,Italian Grand Prix,monza,albon,ALB,williams,9,9,2.0,Finished,0,0,9,0,18.0,4.0,0.0,9.0,4.0,0.0,13.333333333333334,12.8,0.0,0.6,-1.666666666666666,2.0,9.333333333333334,0.0,2,10,207.043,0
2024,16,Italian Grand Prix,monza,kevin_magnussen,MAG,haas,13,10,1.0,Finished,0,0,13,0,17.0,5.0,0.0,7.0,25.0,0.0,15.666666666666666,13.4,0.0,0.4,0.8333333333333321,1.0,17.75,0.0,2,10,207.043,0
2024,16,Italian Grand Prix,monza,alonso,ALO,aston_martin,11,11,0.0,Finished,0,0,11,0,9.0,50.0,0.0,5.0,74.0,0.0,9.666666666666666,11.0,5.0,0.4,-0.8333333333333339,5.0,12.0,0.0,2,10,207.043,0
2024,16,Italian Grand Prix,monza,colapinto,COL,williams,18,12,0.0,Finished,0,0,18,0,10.0,0.0,0.0,9.0,4.0,0.0,,,,,0.0,2.0,10.0,0.0,2,10,207.043,0
2024,16,Italian Grand Prix,monza,ricciardo,RIC,rb,12,13,0.0,Finished,0,0,12,0,14.0,7.0,0.0,6.0,28.0,0.0,11.333333333333334,11.2,1.0,0.6,-1.3333333333333321,1.0,7.0,0.25,2,10,207.043,0
2024,16,Italian Grand Prix,monza,ocon,OCO,alpine,15,14,0.0,Lapped,0,1,15,0,16.0,5.0,0.0,8.0,13.0,0.0,14.0,14.0,2.0,0.6,0.0,4.0,12.0,0.0,2,10,207.043,0
2024,16,Italian Grand Prix,monza,gasly,GAS,alpine,14,15,0.0,Lapped,0,1,14,0,13.0,8.0,0.0,8.0,13.0,0.0,14.0,14.4,2.0,0.6,0.0,4.0,10.8,0.2,2,10,207.043,0
2024,16,Italian Grand Prix,monza,bottas,BOT,sauber,19,16,0.0,Lapped,0,1,19,0,19.0,0.0,0.0,10.0,0.0,0.0,16.666666666666668,16.2,0.0,0.8,-1.3333333333333321,0.0,6.6,0.4,2,10,207.043,0
2024,16,Italian Grand Prix,monza,hulkenberg,HUL,haas,10,17,0.0,Lapped,0,1,10,0,12.0,20.0,0.0,7.0,25.0,0.0,14.0,10.8,0.0,0.4,-0.8333333333333339,1.0,11.0,0.0,2,10,207.043,0
2024,16,Italian Grand Prix,monza,zhou,ZHO,sauber,20,18,0.0,Lapped,0,1,20,0,21.0,0.0,0.0,10.0,0.0,0.0,19.333333333333332,18.6,0.0,1.0,1.3333333333333321,0.0,12.0,0.0,2,10,207.043,0
2024,16,Italian Grand Prix,monza,stroll,STR,aston_martin,17,19,0.0,Lapped,0,1,17,0,10.0,24.0,0.0,5.0,74.0,0.0,11.333333333333334,10.8,1.0,0.4,0.8333333333333339,5.0,11.2,0.2,2,10,207.043,0
2024,16,Italian Grand Prix,monza,tsunoda,TSU,rb,16,20,0.0,Retired,0,1,16,0,11.0,21.0,0.0,6.0,28.0,0.0,14.0,13.2,2.0,0.4,1.333333333333334,1.0,18.0,0.0,2,10,207.043,0
2024,17,Azerbaijan Grand Prix,baku,piastri,PIA,mclaren,2,1,25.0,Finished,1,0,2,1,4.0,185.0,1.0,1.0,417.0,3.0,2.6666666666666665,2.6,48.0,0.0,-0.16666666666666696,110.0,11.0,0.0,2,10,207.043,0
2024,17,Azerbaijan Grand Prix,baku,leclerc,LEC,ferrari,1,2,18.0,Finished,1,0,1,1,3.0,203.0,2.0,3.0,381.0,3.0,2.3333333333333335,5.0,55.0,0.2,-1.333333333333333,80.0,7.75,0.25,2,10,207.043,0
2024,17,Azerbaijan Grand Prix,baku,russell,RUS,mercedes,5,3,15.0,Finished,1,0,5,0,8.0,122.0,1.0,4.0,276.0,3.0,11.333333333333334,12.2,12.0,0.4,3.333333333333334,43.0,10.75,0.25,2,10,207.043,0
2024,17,Azerbaijan Grand Prix,baku,norris,NOR,mclaren,15,4,13.0,Finished,0,0,16,0,2.0,232.0,2.0,1.0,417.0,3.0,3.0,2.8,52.0,0.0,0.16666666666666652,110.0,7.75,0.0,2,10,207.043,0
2024,17,Azerbaijan Grand Prix,baku,max_verstappen,VER,red_bull,6,5,10.0,Finished,0,0,6,0,1.0,279.0,7.0,2.0,409.0,7.0,4.0,3.8,38.0,0.0,-1.5,48.0,6.25,0.5,2,10,207.043,0
2024,17,Azerbaijan Grand Prix,baku,alonso,ALO,aston_martin,7,6,8.0,Finished,0,0,8,0,9.0,50.0,0.0,5.0,74.0,0.0,9.666666666666666,9.6,5.0,0.2,-2.333333333333334,9.0,5.666666666666667,0.0,2,10,207.043,0
2024,17,Azerbaijan Grand Prix,baku,albon,ALB,williams,9,7,6.0,Finished,0,0,10,0,16.0,6.0,0.0,9.0,6.0,0.0,11.666666666666666,11.6,2.0,0.4,-1.6666666666666679,12.0,11.666666666666666,0.0,2,10,207.043,0
2024,17,Azerbaijan Grand Prix,baku,colapinto,COL,williams,8,8,4.0,Finished,0,0,9,0,19.0,0.0,0.0,9.0,6.0,0.0,12.0,12.0,0.0,0.0,-1.333333333333334,12.0,10.0,0.0,2,10,207.043,0
2024,17,Azerbaijan Grand Prix,baku,hamilton,HAM,mercedes,19,9,2.0,Finished,0,0,7,0,6.0,154.0,2.0,4.0,276.0,3.0,4.666666666666667,3.6,39.0,0.0,-3.333333333333333,43.0,6.75,0.25,2,10,207.043,0
2024,17,Azerbaijan Grand Prix,baku,bearman,BEA,haas,10,10,1.0,Finished,0,0,11,0,17.0,6.0,0.0,7.0,26.0,0.0,7.0,7.0,6.0,0.0,-7.666666666666666,2.0,10.0,0.0,2,10,207.043,0
2024,17,Azerbaijan Grand Prix,baku,hulkenberg,HUL,haas,12,11,0.0,Finished,0,0,13,0,12.0,20.0,0.0,7.0,26.0,0.0,15.333333333333334,13.0,0.0,0.6,0.6666666666666679,2.0,15.5,0.0,2,10,207.043,0
2024,17,Azerbaijan Grand Prix,baku,gasly,GAS,alpine,18,12,0.0,Finished,0,0,15,0,13.0,8.0,0.0,8.0,13.0,0.0,12.333333333333334,15.4,2.0,0.8,-0.16666666666666607,2.0,9.75,0.25,2,10,207.043,0
2024,17,Azerbaijan Grand Prix,baku,ricciardo,RIC,rb,14,13,0.0,Finished,0,0,15,0,14.0,7.0,0.0,6.0,28.0,0.0,11.666666666666666,12.0,1.0,0.6,-3.0,0.0,12.333333333333334,0.0,2,10,207.043,0
2024,17,Azerbaijan Grand Prix,baku,zhou,ZHO,sauber,17,14,0.0,Finished,0,0,18,0,22.0,0.0,0.0,10.0,0.0,0.0,19.0,18.8,0.0,1.0,1.1666666666666679,0.0,18.5,0.0,2,10,207.043,0
2024,17,Azerbaijan Grand Prix,baku,ocon,OCO,alpine,20,15,0.0,Lapped,0,1,19,0,18.0,5.0,0.0,8.0,13.0,0.0,12.666666666666666,14.4,2.0,0.8,0.16666666666666607,2.0,15.0,0.0,2,10,207.043,0
2024,17,Azerbaijan Grand Prix,baku,bottas,BOT,sauber,16,16,0.0,Lapped,0,1,17,0,20.0,0.0,0.0,10.0,0.0,0.0,16.666666666666668,16.2,0.0,0.8,-1.1666666666666643,0.0,10.5,0.25,2,10,207.043,0
2024,17,Azerbaijan Grand Prix,baku,perez,PER,red_bull,4,17,0.0,Retired,0,1,4,0,7.0,130.0,0.0,2.0,409.0,7.0,7.0,9.0,19.0,0.2,1.5,48.0,2.5,0.75,2,10,207.043,0
2024,17,Azerbaijan Grand Prix,baku,sainz,SAI,ferrari,3,18,0.0,Retired,0,1,3,0,5.0,172.0,1.0,3.0,381.0,3.0,5.0,5.2,30.0,0.0,1.3333333333333335,80.0,10.0,0.0,2,10,207.043,0
2024,17,Azerbaijan Grand Prix,baku,stroll,STR,aston_martin,13,19,0.0,Retired,0,1,14,0,10.0,24.0,0.0,5.0,74.0,0.0,14.333333333333334,12.0,0.0,0.4,2.333333333333334,9.0,12.75,0.0,2,10,207.043,0
2024,17,Azerbaijan Grand Prix,baku,tsunoda,TSU,rb,11,20,0.0,Retired,0,1,12,0,11.0,21.0,0.0,6.0,28.0,0.0,17.666666666666668,14.4,0.0,0.4,3.0000000000000018,0.0,10.0,0.0,2,10,207.043,0
2024,18,Singapore Grand Prix,marina_bay,norris,NOR,mclaren,1,1,25.0,Finished,1,0,1,1,2.0,245.0,2.0,1.0,455.0,4.0,2.6666666666666665,3.0,55.0,0.0,0.16666666666666652,112.0,4.333333333333333,0.3333333333333333,2,10,207.043,0
2024,18,Singapore Grand Prix,marina_bay,max_verstappen,VER,red_bull,2,2,18.0,Finished,1,0,2,1,1.0,289.0,7.0,2.0,419.0,7.0,4.333333333333333,4.4,36.0,0.0,-3.0,41.0,5.0,0.3333333333333333,2,10,207.043,0
2024,18,Singapore Grand Prix,marina_bay,piastri,PIA,mclaren,5,3,15.0,Finished,1,0,5,0,4.0,210.0,2.0,1.0,455.0,4.0,2.3333333333333335,2.0,55.0,0.0,-0.16666666666666652,112.0,7.0,0.0,2,10,207.043,0
2024,18,Singapore Grand Prix,marina_bay,russell,RUS,mercedes,4,4,12.0,Finished,0,0,4,0,7.0,137.0,1.0,4.0,293.0,3.0,5.666666666666667,9.0,27.0,0.2,-0.833333333333333,53.0,16.666666666666668,0.0,2,10,207.043,0
2024,18,Singapore Grand Prix,marina_bay,leclerc,LEC,ferrari,9,5,10.0,Finished,0,0,9,0,3.0,221.0,2.0,3.0,399.0,3.0,2.0,2.6,58.0,0.0,-3.5,71.0,2.6666666666666665,0.6666666666666666,2,10,207.043,0
2024,18,Singapore Grand Prix,marina_bay,hamilton,HAM,mercedes,3,6,8.0,Finished,0,0,3,0,6.0,156.0,2.0,4.0,293.0,3.0,7.333333333333333,5.2,16.0,0.0,0.833333333333333,53.0,5.333333333333333,0.3333333333333333,2,10,207.043,0
2024,18,Singapore Grand Prix,marina_bay,sainz,SAI,ferrari,10,7,6.0,Finished,0,0,10,0,5.0,172.0,1.0,3.0,399.0,3.0,9.0,7.8,22.0,0.2,3.5,71.0,5.333333333333333,0.6666666666666666,2,10,207.043,0
2024,18,Singapore Grand Prix,marina_bay,alonso,ALO,aston_martin,7,8,4.0,Lapped,0,1,7,0,9.0,58.0,0.0,5.0,82.0,0.0,9.0,9.2,9.0,0.2,-4.0,12.0,16.5,0.0,2,10,207.043,0
2024,18,Singapore Grand Prix,marina_bay,hulkenberg,HUL,haas,6,9,2.0,Lapped,0,1,6,0,12.0,20.0,0.0,7.0,27.0,0.0,13.0,14.0,0.0,0.6,0.16666666666666607,4.0,11.0,0.0,2,10,207.043,0
2024,18,Singapore Grand Prix,marina_bay,perez,PER,red_bull,13,10,1.0,Lapped,0,1,13,0,8.0,130.0,0.0,2.0,419.0,7.0,10.333333333333334,9.0,12.0,0.2,3.000000000000001,41.0,9.333333333333334,0.3333333333333333,2,10,207.043,0
2024,18,Singapore Grand Prix,marina_bay,colapinto,COL,williams,12,11,0.0,Lapped,0,1,12,0,19.0,4.0,0.0,8.0,16.0,0.0,10.0,10.0,4.0,0.0,-1.0,12.0,10.0,0.0,2,10,207.043,0
2024,18,Singapore Grand Prix,marina_bay,tsunoda,TSU,rb,8,12,0.0,Lapped,0,1,8,0,11.0,21.0,0.0,6.0,28.0,0.0,19.0,16.4,0.0,0.6,3.166666666666666,0.0,17.0,0.0,2,10,207.043,0
2024,18,Singapore Grand Prix,marina_bay,ocon,OCO,alpine,15,13,0.0,Lapped,0,1,15,0,18.0,5.0,0.0,9.0,13.0,0.0,14.666666666666666,14.2,0.0,0.8,1.3333333333333321,0.0,17.0,0.0,2,10,207.043,0
2024,18,Singapore Grand Prix,marina_bay,stroll,STR,aston_martin,17,14,0.0,Lapped,0,1,17,0,10.0,24.0,0.0,5.0,82.0,0.0,17.0,14.4,0.0,0.6,4.0,12.0,13.0,0.0,2,10,207.043,0
2024,18,Singapore Grand Prix,marina_bay,zhou,ZHO,sauber,20,15,0.0,Lapped,0,1,20,0,22.0,0.0,0.0,10.0,0.0,0.0,17.333333333333332,18.0,0.0,0.8,0.1666666666666643,0.0,16.0,0.0,2,10,207.043,0
2024,18,Singapore Grand Prix,marina_bay,bottas,BOT,sauber,19,16,0.0,Lapped,0,1,19,0,20.0,0.0,0.0,10.0,0.0,0.0,17.0,16.4,0.0,0.8,-0.16666666666666785,0.0,11.0,0.0,2,10,207.043,0
2024,18,Singapore Grand Prix,marina_bay,gasly,GAS,alpine,18,17,0.0,Lapped,0,1,18,0,14.0,8.0,0.0,9.0,13.0,0.0,12.0,13.8,2.0,0.6,-1.333333333333334,0.0,8.0,0.0,2,10,207.043,0
2024,18,Singapore Grand Prix,marina_bay,ricciardo,RIC,rb,16,18,0.0,Lapped,0,1,16,0,16.0,7.0,0.0,6.0,28.0,0.0,12.666666666666666,12.0,0.0,0.4,-3.166666666666668,0.0,9.5,0.0,2,10,207.043,0
2024,18,Singapore Grand Prix,marina_bay,kevin_magnussen,MAG,haas,14,19,0.0,Retired,0,1,14,0,17.0,6.0,0.0,7.0,27.0,0.0,14.0,13.8,1.0,0.4,1.166666666666666,4.0,13.0,0.0,2,10,207.043,0
2024,18,Singapore Grand Prix,marina_bay,albon,ALB,williams,11,20,0.0,Retired,0,1,11,0,13.0,12.0,0.0,8.0,16.0,0.0,10.0,11.2,8.0,0.4,-1.0,12.0,11.333333333333334,0.0,2,10,207.043,0
2024,19,United States Grand Prix,americas,leclerc,LEC,ferrari,4,1,25.0,Finished,1,0,4,0,3.0,231.0,2.0,3.0,415.0,3.0,2.6666666666666665,2.8,53.0,0.0,-3.5000000000000004,77.0,7.75,0.25,2,10,207.043,0
2024,19,United States Grand Prix,americas,sainz,SAI,ferrari,3,2,18.0,Finished,1,0,3,0,5.0,178.0,1.0,3.0,415.0,3.0,9.666666666666666,8.0,18.0,0.2,3.499999999999999,77.0,9.5,0.25,2,10,207.043,0
2024,19,United States Grand Prix,americas,max_verstappen,VER,red_bull,2,3,15.0,Finished,1,0,2,1,1.0,307.0,7.0,2.0,438.0,7.0,4.333333333333333,3.8,36.0,0.0,-3.666666666666667,50.0,1.5,1.0,2,10,207.043,0
2024,19,United States Grand Prix,americas,norris,NOR,mclaren,1,4,12.0,Finished,0,0,1,1,2.0,270.0,3.0,1.0,495.0,5.0,2.6666666666666665,2.8,54.0,0.0,0.33333333333333304,100.0,5.75,0.25,2,10,207.043,0
2024,19,United States Grand Prix,americas,piastri,PIA,mclaren,5,5,10.0,Finished,0,0,5,0,4.0,225.0,2.0,1.0,495.0,5.0,2.0,2.4,58.0,0.0,-0.3333333333333335,100.0,17.0,0.0,2,10,207.043,0
2024,19,United States Grand Prix,americas,russell,RUS,mercedes,20,6,8.0,Finished,0,0,6,0,7.0,149.0,1.0,4.0,313.0,3.0,4.666666666666667,8.2,33.0,0.2,-1.0,45.0,10.25,0.0,2,10,207.043,0
2024,19,United States Grand Prix,americas,perez,PER,red_bull,9,7,6.0,Finished,0,0,10,0,8.0,131.0,0.0,2.0,438.0,7.0,11.666666666666666,9.6,5.0,0.4,3.666666666666666,50.0,5.25,0.25,2,10,207.043,0
2024,19,United States Grand Prix,americas,hulkenberg,HUL,haas,11,8,4.0,Finished,0,0,12,0,11.0,22.0,0.0,6.0,29.0,0.0,12.333333333333334,13.2,2.0,0.6,-0.33333333333333215,7.0,10.0,0.0,2,10,207.043,0
2024,19,United States Grand Prix,americas,lawson,LAW,rb,19,9,2.0,Finished,0,0,15,0,10.0,0.0,0.0,7.0,28.0,0.0,12.333333333333334,12.2,2.0,0.4,-3.666666666666666,2.0,10.0,0.0,2,10,207.043,0
2024,19,United States Grand Prix,americas,colapinto,COL,williams,15,10,1.0,Finished,0,0,17,0,19.0,4.0,0.0,8.0,16.0,0.0,10.333333333333334,10.333333333333334,4.0,0.3333333333333333,-0.8333333333333321,11.0,10.0,0.0,2,10,207.043,0
2024,19,United States Grand Prix,americas,kevin_magnussen,MAG,haas,8,11,0.0,Finished,0,0,9,0,17.0,6.0,0.0,6.0,29.0,0.0,15.666666666666666,15.2,1.0,0.6,3.0,7.0,13.666666666666666,0.0,2,10,207.043,0
2024,19,United States Grand Prix,americas,gasly,GAS,alpine,6,12,0.0,Finished,0,0,7,0,14.0,8.0,0.0,9.0,13.0,0.0,14.666666666666666,13.2,0.0,0.6,0.33333333333333215,0.0,14.0,0.0,2,10,207.043,0
2024,19,United States Grand Prix,americas,alonso,ALO,aston_martin,7,13,0.0,Lapped,0,1,8,0,9.0,62.0,0.0,5.0,86.0,0.0,8.333333333333334,8.6,12.0,0.4,-4.5,12.0,13.666666666666666,0.0,2,10,207.043,0
2024,19,United States Grand Prix,americas,tsunoda,TSU,rb,10,14,0.0,Lapped,0,1,11,0,12.0,21.0,0.0,7.0,28.0,0.0,17.333333333333332,17.0,0.0,0.8,1.3333333333333321,2.0,9.0,0.0,2,10,207.043,0
2024,19,United States Grand Prix,americas,stroll,STR,aston_martin,13,15,0.0,Lapped,0,1,14,0,10.0,24.0,0.0,5.0,86.0,0.0,17.333333333333332,15.2,0.0,0.8,4.499999999999998,12.0,12.5,0.0,2,10,207.043,0
2024,19,United States Grand Prix,americas,albon,ALB,williams,14,16,0.0,Lapped,0,1,16,0,13.0,12.0,0.0,8.0,16.0,0.0,12.0,12.4,8.0,0.4,0.8333333333333339,11.0,9.0,0.0,2,10,207.043,0
2024,19,United States Grand Prix,americas,bottas,BOT,sauber,16,17,0.0,Lapped,0,1,18,0,20.0,0.0,0.0,10.0,0.0,0.0,16.0,16.4,0.0,0.8,0.16666666666666607,0.0,9.5,0.25,2,10,207.043,0
2024,19,United States Grand Prix,americas,ocon,OCO,alpine,12,18,0.0,Lapped,0,1,13,0,18.0,5.0,0.0,9.0,13.0,0.0,14.0,13.2,0.0,0.8,-0.3333333333333339,0.0,16.0,0.0,2,10,207.043,0
2024,19,United States Grand Prix,americas,zhou,ZHO,sauber,18,19,0.0,Lapped,0,1,20,0,22.0,0.0,0.0,10.0,0.0,0.0,15.666666666666666,17.2,0.0,0.8,-0.16666666666666785,0.0,12.5,0.0,2,10,207.043,0
2024,19,United States Grand Prix,americas,hamilton,HAM,mercedes,17,20,0.0,Retired,0,1,19,0,6.0,164.0,2.0,4.0,313.0,3.0,6.666666666666667,5.8,20.0,0.0,1.0,45.0,6.25,0.75,2,10,207.043,0
2024,20,Mexico City Grand Prix,rodriguez,sainz,SAI,ferrari,1,1,25.0,Finished,1,0,1,1,5.0,196.0,1.0,3.0,458.0,4.0,9.0,7.2,24.0,0.2,3.166666666666667,100.0,7.0,0.0,2,10,207.043,0
2024,20,Mexico City Grand Prix,rodriguez,norris,NOR,mclaren,3,2,18.0,Finished,1,0,3,0,2.0,282.0,3.0,1.0,517.0,5.0,3.0,2.6,50.0,0.0,0.0,84.0,11.0,0.0,2,10,207.043,0
2024,20,Mexico City Grand Prix,rodriguez,leclerc,LEC,ferrari,4,3,16.0,Finished,1,0,4,0,3.0,256.0,3.0,3.0,458.0,4.0,2.6666666666666665,2.4,53.0,0.0,-3.1666666666666665,100.0,4.5,0.25,2,10,207.043,0
2024,20,Mexico City Grand Prix,rodriguez,hamilton,HAM,mercedes,6,4,12.0,Finished,0,0,6,0,6.0,164.0,2.0,4.0,321.0,3.0,11.666666666666666,9.6,10.0,0.2,3.666666666666666,50.0,1.75,1.0,2,10,207.043,0
2024,20,Mexico City Grand Prix,rodriguez,russell,RUS,mercedes,5,5,10.0,Finished,0,0,5,0,7.0,157.0,1.0,4.0,321.0,3.0,4.333333333333333,5.4,35.0,0.0,-3.666666666666667,50.0,10.5,0.0,2,10,207.043,0
2024,20,Mexico City Grand Prix,rodriguez,max_verstappen,VER,red_bull,2,6,8.0,Finished,0,0,2,1,1.0,322.0,7.0,2.0,459.0,7.0,3.3333333333333335,3.6,43.0,0.0,-3.9999999999999996,48.0,2.25,0.75,2,10,207.043,0
2024,20,Mexico City Grand Prix,rodriguez,kevin_magnussen,MAG,haas,7,7,6.0,Finished,0,0,7,0,17.0,6.0,0.0,6.0,33.0,0.0,13.333333333333334,14.4,1.0,0.4,2.0,14.0,17.0,0.0,2,10,207.043,0
2024,20,Mexico City Grand Prix,rodriguez,piastri,PIA,mclaren,17,8,4.0,Finished,0,0,17,0,4.0,235.0,2.0,1.0,517.0,5.0,3.0,3.0,50.0,0.0,0.0,84.0,8.0,0.0,2,10,207.043,0
2024,20,Mexico City Grand Prix,rodriguez,hulkenberg,HUL,haas,10,9,2.0,Lapped,0,1,10,0,10.0,26.0,0.0,6.0,33.0,0.0,9.333333333333334,11.2,6.0,0.6,-2.0,14.0,11.5,0.0,2,10,207.043,0
2024,20,Mexico City Grand Prix,rodriguez,gasly,GAS,alpine,8,10,1.0,Lapped,0,1,8,0,14.0,8.0,0.0,9.0,13.0,0.0,13.666666666666666,13.0,0.0,0.6,-0.8333333333333339,1.0,8.75,0.0,2,10,207.043,0
2024,20,Mexico City Grand Prix,rodriguez,stroll,STR,aston_martin,14,11,0.0,Lapped,0,1,14,0,11.0,24.0,0.0,5.0,86.0,0.0,16.0,16.0,0.0,1.0,3.5,4.0,14.5,0.0,2,10,207.043,0
2024,20,Mexico City Grand Prix,rodriguez,colapinto,COL,williams,16,12,0.0,Lapped,0,1,16,0,19.0,5.0,0.0,8.0,17.0,0.0,9.666666666666666,10.25,5.0,0.25,-2.333333333333334,1.0,10.0,0.0,2,10,207.043,0
2024,20,Mexico City Grand Prix,rodriguez,ocon,OCO,alpine,0,13,0.0,Lapped,0,1,19,0,18.0,5.0,0.0,9.0,13.0,0.0,15.333333333333334,15.0,0.0,1.0,0.8333333333333339,1.0,10.333333333333334,0.0,2,10,207.043,0
2024,20,Mexico City Grand Prix,rodriguez,bottas,BOT,sauber,15,14,0.0,Lapped,0,1,15,0,21.0,0.0,0.0,10.0,0.0,0.0,16.333333333333332,16.8,0.0,1.0,0.1666666666666643,0.0,10.75,0.25,2,10,207.043,0
2024,20,Mexico City Grand Prix,rodriguez,zhou,ZHO,sauber,19,15,0.0,Lapped,0,1,20,0,23.0,0.0,0.0,10.0,0.0,0.0,16.0,17.2,0.0,0.8,-0.16666666666666785,0.0,13.5,0.0,2,10,207.043,0
2024,20,Mexico City Grand Prix,rodriguez,lawson,LAW,rb,12,16,0.0,Lapped,0,1,12,0,20.0,2.0,0.0,7.0,30.0,0.0,12.333333333333334,11.4,2.0,0.4,-2.0,2.0,10.0,0.0,2,10,207.043,0
2024,20,Mexico City Grand Prix,rodriguez,perez,PER,red_bull,18,17,0.0,Lapped,0,1,18,0,8.0,137.0,0.0,2.0,459.0,7.0,11.333333333333334,9.6,7.0,0.4,4.000000000000001,48.0,8.25,0.5,2,10,207.043,0
2024,20,Mexico City Grand Prix,rodriguez,alonso,ALO,aston_martin,13,18,0.0,Retired,0,1,13,0,9.0,62.0,0.0,5.0,86.0,0.0,9.0,9.6,12.0,0.6,-3.5,4.0,15.333333333333334,0.0,2,10,207.043,0
2024,20,Mexico City Grand Prix,rodriguez,albon,ALB,williams,9,19,0.0,Retired,0,1,9,0,13.0,12.0,0.0,8.0,17.0,0.0,14.333333333333334,13.2,6.0,0.6,2.333333333333334,1.0,8.666666666666666,0.0,2,10,207.043,0
2024,20,Mexico City Grand Prix,rodriguez,tsunoda,TSU,rb,11,20,0.0,Retired,0,1,11,0,12.0,21.0,0.0,7.0,30.0,0.0,15.333333333333334,16.6,0.0,1.0,1.0,2.0,17.333333333333332,0.0,2,10,207.043,0
2024,21,São Paulo Grand Prix,interlagos,max_verstappen,VER,red_bull,17,1,26.0,Finished,1,0,12,0,1.0,330.0,7.0,3.0,467.0,7.0,3.6666666666666665,4.4,41.0,0.0,-3.8333333333333335,55.0,2.5,0.75,2,10,207.043,0
2024,21,São Paulo Grand Prix,interlagos,ocon,OCO,alpine,4,2,18.0,Finished,1,0,4,0,18.0,5.0,0.0,9.0,14.0,0.0,14.666666666666666,14.6,0.0,1.0,0.8333333333333321,34.0,8.666666666666666,0.0,2,10,207.043,0
2024,21,São Paulo Grand Prix,interlagos,gasly,GAS,alpine,13,3,15.0,Finished,1,0,15,0,15.0,9.0,0.0,9.0,14.0,0.0,13.0,13.2,1.0,0.6,-0.8333333333333339,34.0,7.5,0.25,2,10,207.043,0
2024,21,São Paulo Grand Prix,interlagos,russell,RUS,mercedes,2,4,12.0,Finished,0,0,2,1,7.0,167.0,1.0,4.0,343.0,3.0,5.0,5.0,30.0,0.0,-2.5,43.0,10.25,0.25,2,10,207.043,0
2024,21,São Paulo Grand Prix,interlagos,leclerc,LEC,ferrari,6,5,10.0,Finished,0,0,6,0,3.0,272.0,3.0,2.0,499.0,5.0,3.0,2.4,51.0,0.0,-0.16666666666666652,94.0,11.75,0.0,2,10,207.043,0
2024,21,São Paulo Grand Prix,interlagos,norris,NOR,mclaren,1,6,8.0,Finished,0,0,1,1,2.0,300.0,3.0,1.0,539.0,5.0,2.3333333333333335,2.8,55.0,0.0,-1.5,56.0,9.5,0.25,2,10,207.043,0
2024,21,São Paulo Grand Prix,interlagos,tsunoda,TSU,rb,3,7,6.0,Finished,0,0,3,0,12.0,21.0,0.0,7.0,30.0,0.0,15.333333333333334,17.2,0.0,1.0,0.5,10.0,13.666666666666666,0.0,2,10,207.043,0
2024,21,São Paulo Grand Prix,interlagos,piastri,PIA,mclaren,8,8,4.0,Finished,0,0,8,0,4.0,239.0,2.0,1.0,539.0,5.0,5.333333333333333,3.8,29.0,0.0,1.4999999999999996,56.0,14.0,0.0,2,10,207.043,0
2024,21,São Paulo Grand Prix,interlagos,lawson,LAW,rb,5,9,2.0,Finished,0,0,5,0,20.0,2.0,0.0,7.0,30.0,0.0,14.0,12.4,2.0,0.6,-0.8333333333333339,10.0,10.0,0.0,2,10,207.043,0
2024,21,São Paulo Grand Prix,interlagos,hamilton,HAM,mercedes,14,10,1.0,Finished,0,0,16,0,6.0,176.0,2.0,4.0,343.0,3.0,10.0,8.8,20.0,0.2,2.5,43.0,4.5,0.5,2,10,207.043,0
2024,21,São Paulo Grand Prix,interlagos,perez,PER,red_bull,12,11,0.0,Finished,0,0,13,0,8.0,137.0,0.0,3.0,467.0,7.0,11.333333333333334,11.8,7.0,0.6,3.833333333333334,55.0,6.0,0.0,2,10,207.043,0
2024,21,São Paulo Grand Prix,interlagos,bearman,BEA,haas,15,12,0.0,Finished,0,0,17,0,16.0,7.0,0.0,6.0,41.0,0.0,8.5,8.5,7.0,0.0,-2.0,12.0,10.0,0.0,2,10,207.043,0
2024,21,São Paulo Grand Prix,interlagos,bottas,BOT,sauber,11,13,0.0,Finished,0,0,11,0,21.0,0.0,0.0,10.0,0.0,0.0,15.666666666666666,15.8,0.0,1.0,-0.3333333333333339,0.0,12.0,0.25,2,10,207.043,0
2024,21,São Paulo Grand Prix,interlagos,alonso,ALO,aston_martin,9,14,0.0,Finished,0,0,9,0,9.0,62.0,0.0,5.0,86.0,0.0,13.0,11.2,4.0,0.6,-0.16666666666666607,0.0,5.666666666666667,0.3333333333333333,2,10,207.043,0
2024,21,São Paulo Grand Prix,interlagos,zhou,ZHO,sauber,19,15,0.0,Finished,0,0,20,0,23.0,0.0,0.0,10.0,0.0,0.0,16.333333333333332,16.2,0.0,0.8,0.33333333333333215,0.0,14.5,0.0,2,10,207.043,0
2024,21,São Paulo Grand Prix,interlagos,sainz,SAI,ferrari,20,16,0.0,Retired,0,1,14,0,5.0,221.0,2.0,2.0,499.0,5.0,3.3333333333333335,6.4,49.0,0.2,0.16666666666666696,94.0,4.5,0.5,2,10,207.043,0
2024,21,São Paulo Grand Prix,interlagos,colapinto,COL,williams,16,17,0.0,Retired,0,1,18,0,19.0,5.0,0.0,8.0,17.0,0.0,11.0,10.6,1.0,0.4,-3.666666666666666,1.0,10.0,0.0,2,10,207.043,0
2024,21,São Paulo Grand Prix,interlagos,albon,ALB,williams,7,18,0.0,Did not start,0,1,7,0,13.0,12.0,0.0,8.0,17.0,0.0,18.333333333333332,14.2,0.0,0.6,3.666666666666666,1.0,16.0,0.0,2,10,207.043,0
2024,21,São Paulo Grand Prix,interlagos,stroll,STR,aston_martin,10,19,0.0,Did not start,0,1,10,0,11.0,24.0,0.0,5.0,86.0,0.0,13.333333333333334,15.6,0.0,1.0,0.16666666666666785,0.0,13.5,0.0,2,10,207.043,0
2024,21,São Paulo Grand Prix,interlagos,hulkenberg,HUL,haas,18,20,0.0,Disqualified,0,1,19,0,10.0,28.0,0.0,6.0,41.0,0.0,8.666666666666666,10.8,8.0,0.6,-1.833333333333334,12.0,13.5,0.0,2,10,207.043,0
2024,22,Las Vegas Grand Prix,vegas,russell,RUS,mercedes,1,1,25.0,Finished,1,0,1,1,6.0,179.0,1.0,4.0,356.0,3.0,5.0,4.4,30.0,0.0,-3.166666666666666,78.0,8.0,0.0,2,10,207.043,0
2024,22,Las Vegas Grand Prix,vegas,hamilton,HAM,mercedes,10,2,18.0,Finished,1,0,10,0,7.0,177.0,2.0,4.0,356.0,3.0,11.333333333333334,9.8,13.0,0.2,3.166666666666668,78.0,7.0,0.0,2,10,207.043,0
2024,22,Las Vegas Grand Prix,vegas,sainz,SAI,ferrari,2,3,15.0,Finished,1,0,2,1,5.0,221.0,2.0,2.0,509.0,5.0,6.333333333333333,8.8,43.0,0.4,1.666666666666666,78.0,6.0,0.0,2,10,207.043,0
2024,22,Las Vegas Grand Prix,vegas,leclerc,LEC,ferrari,4,4,12.0,Finished,0,0,4,0,3.0,282.0,3.0,2.0,509.0,5.0,3.0,3.2,51.0,0.0,-1.666666666666667,78.0,2.0,1.0,2,10,207.043,0
2024,22,Las Vegas Grand Prix,vegas,max_verstappen,VER,red_bull,5,5,10.0,Finished,0,0,5,0,1.0,356.0,8.0,3.0,493.0,8.0,3.3333333333333335,3.4,49.0,0.0,-4.166666666666666,45.0,1.0,1.0,2,10,207.043,0
2024,22,Las Vegas Grand Prix,vegas,norris,NOR,mclaren,6,6,9.0,Finished,0,0,6,0,2.0,308.0,3.0,1.0,551.0,5.0,4.0,3.4,38.0,0.0,-1.5,49.0,20.0,0.0,2,10,207.043,0
2024,22,Las Vegas Grand Prix,vegas,piastri,PIA,mclaren,8,7,6.0,Finished,0,0,8,0,4.0,243.0,2.0,1.0,551.0,5.0,7.0,5.0,18.0,0.0,1.5,49.0,10.0,0.0,2,10,207.043,0
2024,22,Las Vegas Grand Prix,vegas,hulkenberg,HUL,haas,9,8,4.0,Finished,0,0,9,0,10.0,28.0,0.0,7.0,41.0,0.0,12.333333333333334,11.4,6.0,0.6,1.1666666666666679,12.0,19.0,0.0,2,10,207.043,0
2024,22,Las Vegas Grand Prix,vegas,tsunoda,TSU,rb,7,9,2.0,Finished,0,0,7,0,11.0,27.0,0.0,8.0,38.0,0.0,13.666666666666666,14.6,6.0,0.8,1.166666666666666,10.0,18.0,0.0,2,10,207.043,0
2024,22,Las Vegas Grand Prix,vegas,perez,PER,red_bull,15,10,1.0,Finished,0,0,16,0,8.0,137.0,0.0,3.0,493.0,8.0,11.666666666666666,12.4,6.0,0.6,4.166666666666666,45.0,3.0,1.0,2,10,207.043,0
2024,22,Las Vegas Grand Prix,vegas,alonso,ALO,aston_martin,16,11,0.0,Finished,0,0,17,0,9.0,62.0,0.0,5.0,86.0,0.0,15.0,11.8,0.0,0.6,0.0,0.0,9.0,0.0,2,10,207.043,0
2024,22,Las Vegas Grand Prix,vegas,kevin_magnussen,MAG,haas,12,12,0.0,Finished,0,0,12,0,16.0,12.0,0.0,7.0,41.0,0.0,12.333333333333334,13.0,6.0,0.4,1.1666666666666679,12.0,13.0,0.0,2,10,207.043,0
2024,22,Las Vegas Grand Prix,vegas,zhou,ZHO,sauber,13,13,0.0,Finished,0,0,13,0,23.0,0.0,0.0,10.0,0.0,0.0,16.333333333333332,15.6,0.0,0.6,0.8333333333333321,0.0,15.0,0.0,2,10,207.043,0
2024,22,Las Vegas Grand Prix,vegas,colapinto,COL,williams,20,14,0.0,Finished,0,0,14,0,19.0,5.0,0.0,9.0,17.0,0.0,13.0,11.6,1.0,0.6,-2.333333333333334,0.0,10.0,0.0,2,10,207.043,0
2024,22,Las Vegas Grand Prix,vegas,stroll,STR,aston_martin,18,15,0.0,Finished,0,0,20,0,13.0,24.0,0.0,5.0,86.0,0.0,15.0,15.6,0.0,1.0,0.0,0.0,5.0,0.0,2,10,207.043,0
2024,22,Las Vegas Grand Prix,vegas,lawson,LAW,rb,14,16,0.0,Finished,0,0,15,0,20.0,4.0,0.0,8.0,38.0,0.0,11.333333333333334,12.4,4.0,0.6,-1.166666666666666,10.0,10.0,0.0,2,10,207.043,0
2024,22,Las Vegas Grand Prix,vegas,ocon,OCO,alpine,11,17,0.0,Lapped,0,1,11,0,14.0,23.0,0.0,6.0,47.0,0.0,11.0,12.2,18.0,0.8,1.333333333333334,34.0,4.0,0.0,2,10,207.043,0
2024,22,Las Vegas Grand Prix,vegas,bottas,BOT,sauber,19,18,0.0,Lapped,0,1,19,0,21.0,0.0,0.0,10.0,0.0,0.0,14.666666666666666,15.2,0.0,0.8,-0.8333333333333339,0.0,17.0,0.0,2,10,207.043,0
2024,22,Las Vegas Grand Prix,vegas,albon,ALB,williams,17,19,0.0,Retired,0,1,18,0,15.0,12.0,0.0,9.0,17.0,0.0,17.666666666666668,16.0,0.0,0.8,2.333333333333334,0.0,12.0,0.0,2,10,207.043,0
2024,22,Las Vegas Grand Prix,vegas,gasly,GAS,alpine,3,20,0.0,Retired,0,1,3,0,12.0,24.0,0.0,6.0,47.0,0.0,8.333333333333334,10.8,16.0,0.4,-1.3333333333333321,34.0,11.0,0.0,2,10,207.043,0
2024,23,Qatar Grand Prix,losail,max_verstappen,VER,red_bull,2,1,25.0,Finished,1,0,1,1,1.0,366.0,8.0,3.0,504.0,8.0,4.0,3.4,44.0,0.0,-4.333333333333334,62.0,1.5,1.0,2,10,207.043,0
2024,23,Qatar Grand Prix,losail,leclerc,LEC,ferrari,5,2,18.0,Finished,1,0,5,0,3.0,294.0,3.0,2.0,536.0,5.0,4.0,3.6,38.0,0.0,-1.333333333333333,63.0,6.5,0.0,2,10,207.043,0
2024,23,Qatar Grand Prix,losail,piastri,PIA,mclaren,4,3,15.0,Finished,1,0,4,0,4.0,249.0,2.0,1.0,566.0,5.0,7.666666666666667,6.2,14.0,0.0,1.5,44.0,2.0,1.0,2,10,207.043,0
2024,23,Qatar Grand Prix,losail,russell,RUS,mercedes,1,4,12.0,Finished,0,0,2,1,6.0,204.0,2.0,4.0,399.0,4.0,3.3333333333333335,4.0,47.0,0.0,-0.9999999999999996,68.0,10.5,0.0,2,10,207.043,0
2024,23,Qatar Grand Prix,losail,gasly,GAS,alpine,11,5,10.0,Finished,0,0,11,0,12.0,24.0,0.0,6.0,47.0,0.0,11.0,12.4,16.0,0.6,0.16666666666666607,43.0,11.5,0.0,2,10,207.043,0
2024,23,Qatar Grand Prix,losail,sainz,SAI,ferrari,7,6,8.0,Finished,0,0,7,0,5.0,236.0,2.0,2.0,536.0,5.0,6.666666666666667,5.8,40.0,0.2,1.333333333333334,63.0,13.5,0.0,2,10,207.043,0
2024,23,Qatar Grand Prix,losail,alonso,ALO,aston_martin,8,7,6.0,Finished,0,0,8,0,9.0,62.0,0.0,5.0,86.0,0.0,14.333333333333334,12.8,0.0,0.6,-0.33333333333333215,6.0,4.5,0.5,2,10,207.043,0
2024,23,Qatar Grand Prix,losail,zhou,ZHO,sauber,12,8,4.0,Finished,0,0,12,0,23.0,0.0,0.0,10.0,0.0,0.0,14.333333333333334,15.4,0.0,0.6,-0.33333333333333215,4.0,9.0,0.0,2,10,207.043,0
2024,23,Qatar Grand Prix,losail,kevin_magnussen,MAG,haas,10,9,2.0,Finished,0,0,10,0,16.0,12.0,0.0,7.0,45.0,0.0,10.0,11.8,6.0,0.2,-1.333333333333334,6.0,14.0,0.0,2,10,207.043,0
2024,23,Qatar Grand Prix,losail,norris,NOR,mclaren,3,10,2.0,Finished,0,0,3,0,2.0,317.0,3.0,1.0,566.0,5.0,4.666666666666667,3.8,35.0,0.0,-1.5,44.0,6.0,0.5,2,10,207.043,0
2024,23,Qatar Grand Prix,losail,bottas,BOT,sauber,13,11,0.0,Finished,0,0,13,0,21.0,0.0,0.0,10.0,0.0,0.0,15.0,15.6,0.0,0.8,0.3333333333333339,4.0,14.0,0.0,2,10,207.043,0
2024,23,Qatar Grand Prix,losail,hamilton,HAM,mercedes,6,12,0.0,Finished,0,0,6,0,7.0,195.0,2.0,4.0,399.0,4.0,5.333333333333333,8.4,31.0,0.2,1.0,68.0,10.0,0.5,2,10,207.043,0
2024,23,Qatar Grand Prix,losail,tsunoda,TSU,rb,14,13,0.0,Finished,0,0,14,0,11.0,29.0,0.0,8.0,40.0,0.0,12.0,12.4,8.0,0.6,-0.8333333333333339,10.0,14.0,0.0,2,10,207.043,0
2024,23,Qatar Grand Prix,losail,lawson,LAW,rb,17,14,0.0,Finished,0,0,17,0,20.0,4.0,0.0,8.0,40.0,0.0,13.666666666666666,13.4,2.0,0.4,0.8333333333333321,10.0,17.0,0.0,2,10,207.043,0
2024,23,Qatar Grand Prix,losail,albon,ALB,williams,16,15,0.0,Lapped,0,1,16,0,15.0,12.0,0.0,9.0,17.0,0.0,18.666666666666668,18.4,0.0,1.0,2.166666666666668,0.0,13.0,0.0,2,10,207.043,0
2024,23,Qatar Grand Prix,losail,hulkenberg,HUL,haas,18,16,0.0,Retired,0,1,18,0,10.0,32.0,0.0,7.0,45.0,0.0,12.333333333333334,10.8,6.0,0.6,1.0,6.0,16.0,0.0,2,10,207.043,0
2024,23,Qatar Grand Prix,losail,perez,PER,red_bull,9,17,0.0,Retired,0,1,9,0,8.0,138.0,0.0,3.0,504.0,8.0,12.666666666666666,11.0,1.0,0.4,4.333333333333332,62.0,7.0,0.0,2,10,207.043,0
2024,23,Qatar Grand Prix,losail,stroll,STR,aston_martin,15,18,0.0,Retired,0,1,15,0,13.0,24.0,0.0,5.0,86.0,0.0,15.0,14.8,0.0,0.8,0.3333333333333339,6.0,8.5,0.0,2,10,207.043,0
2024,23,Qatar Grand Prix,losail,colapinto,COL,williams,19,19,0.0,Retired,0,1,19,0,19.0,5.0,0.0,9.0,17.0,0.0,14.333333333333334,12.8,0.0,0.6,-2.166666666666666,0.0,10.0,0.0,2,10,207.043,0
2024,23,Qatar Grand Prix,losail,ocon,OCO,alpine,20,20,0.0,Retired,0,1,20,0,14.0,23.0,0.0,6.0,47.0,0.0,10.666666666666666,12.6,18.0,0.8,-0.16666666666666785,43.0,6.0,0.0,2,10,207.043,0
2024,24,Abu Dhabi Grand Prix,yas_marina,norris,NOR,mclaren,1,1,25.0,Finished,1,0,1,1,2.0,319.0,3.0,1.0,583.0,5.0,7.333333333333333,5.6,19.0,0.0,0.6666666666666661,58.0,6.2,0.0,2,10,207.043,0
2024,24,Abu Dhabi Grand Prix,yas_marina,sainz,SAI,ferrari,3,2,18.0,Finished,1,0,3,0,5.0,244.0,2.0,2.0,562.0,5.0,8.333333333333334,5.6,23.0,0.2,2.333333333333334,86.0,8.2,0.2,2,10,207.043,0
2024,24,Abu Dhabi Grand Prix,yas_marina,leclerc,LEC,ferrari,19,3,15.0,Finished,1,0,14,0,3.0,312.0,3.0,2.0,562.0,5.0,3.6666666666666665,3.0,40.0,0.0,-2.3333333333333335,86.0,6.0,0.6,2,10,207.043,0
2024,24,Abu Dhabi Grand Prix,yas_marina,hamilton,HAM,mercedes,16,4,12.0,Finished,0,0,18,0,7.0,195.0,2.0,4.0,411.0,4.0,8.0,9.6,19.0,0.2,2.5,77.0,6.6,0.6,2,10,207.043,0
2024,24,Abu Dhabi Grand Prix,yas_marina,russell,RUS,mercedes,6,5,10.0,Finished,0,0,7,0,6.0,216.0,2.0,4.0,411.0,4.0,3.0,4.0,49.0,0.0,-2.5,77.0,11.6,0.2,2,10,207.043,0
2024,24,Abu Dhabi Grand Prix,yas_marina,max_verstappen,VER,red_bull,4,6,8.0,Finished,0,0,5,0,1.0,391.0,9.0,3.0,529.0,9.0,2.3333333333333335,3.2,61.0,0.0,-5.166666666666666,44.0,1.2,1.0,2,10,207.043,0
2024,24,Abu Dhabi Grand Prix,yas_marina,gasly,GAS,alpine,5,7,6.0,Finished,0,0,6,0,10.0,34.0,0.0,6.0,57.0,0.0,9.333333333333334,10.0,25.0,0.4,-1.8333333333333321,16.0,11.6,0.0,2,10,207.043,0
2024,24,Abu Dhabi Grand Prix,yas_marina,hulkenberg,HUL,haas,7,8,4.0,Finished,0,0,4,0,11.0,32.0,0.0,7.0,47.0,0.0,14.666666666666666,12.2,4.0,0.6,1.8333333333333321,10.0,13.5,0.0,2,10,207.043,0
2024,24,Abu Dhabi Grand Prix,yas_marina,alonso,ALO,aston_martin,8,9,2.0,Finished,0,0,8,0,9.0,68.0,0.0,5.0,92.0,0.0,10.666666666666666,12.6,6.0,0.4,-3.333333333333334,8.0,11.666666666666666,0.0,2,10,207.043,0
2024,24,Abu Dhabi Grand Prix,yas_marina,piastri,PIA,mclaren,2,10,1.0,Finished,0,0,2,1,4.0,264.0,2.0,1.0,583.0,5.0,6.0,6.2,25.0,0.0,-0.666666666666667,58.0,6.0,0.0,2,10,207.043,0
2024,24,Abu Dhabi Grand Prix,yas_marina,albon,ALB,williams,18,11,0.0,Lapped,0,1,16,0,16.0,12.0,0.0,9.0,17.0,0.0,17.333333333333332,17.4,0.0,1.0,0.33333333333333215,0.0,9.25,0.0,2,10,207.043,0
2024,24,Abu Dhabi Grand Prix,yas_marina,tsunoda,TSU,rb,11,12,0.0,Lapped,0,1,11,0,12.0,29.0,0.0,8.0,40.0,0.0,9.666666666666666,12.6,8.0,0.4,-1.6666666666666679,2.0,7.666666666666667,0.0,2,10,207.043,0
2024,24,Abu Dhabi Grand Prix,yas_marina,zhou,ZHO,sauber,15,13,0.0,Lapped,0,1,17,0,20.0,4.0,0.0,10.0,4.0,0.0,12.0,14.0,4.0,0.4,-1.0,4.0,14.5,0.0,2,10,207.043,0
2024,24,Abu Dhabi Grand Prix,yas_marina,stroll,STR,aston_martin,13,14,0.0,Lapped,0,1,13,0,13.0,24.0,0.0,5.0,92.0,0.0,17.333333333333332,15.6,0.0,0.8,3.333333333333332,8.0,12.2,0.0,2,10,207.043,0
2024,24,Abu Dhabi Grand Prix,yas_marina,doohan,DOO,alpine,17,15,0.0,Lapped,0,1,20,0,10.0,0.0,0.0,6.0,57.0,0.0,,,,,0.0,16.0,10.0,0.0,2,10,207.043,0
2024,24,Abu Dhabi Grand Prix,yas_marina,kevin_magnussen,MAG,haas,14,16,0.0,Lapped,0,1,15,0,15.0,14.0,0.0,7.0,47.0,0.0,9.333333333333334,11.6,8.0,0.2,-3.5,10.0,17.25,0.0,2,10,207.043,0
2024,24,Abu Dhabi Grand Prix,yas_marina,lawson,LAW,rb,12,17,0.0,Retired,0,1,12,0,21.0,4.0,0.0,8.0,40.0,0.0,13.0,12.8,2.0,0.2,1.666666666666666,2.0,10.0,0.0,2,10,207.043,0
2024,24,Abu Dhabi Grand Prix,yas_marina,bottas,BOT,sauber,9,18,0.0,Retired,0,1,9,0,22.0,0.0,0.0,10.0,4.0,0.0,14.0,14.6,0.0,0.6,1.0,4.0,9.2,0.2,2,10,207.043,0
2024,24,Abu Dhabi Grand Prix,yas_marina,colapinto,COL,williams,20,19,0.0,Retired,0,1,19,0,19.0,5.0,0.0,9.0,17.0,0.0,16.666666666666668,14.4,0.0,0.6,-0.33333333333333215,0.0,10.0,0.0,2,10,207.043,0
2024,24,Abu Dhabi Grand Prix,yas_marina,perez,PER,red_bull,10,20,0.0,Retired,0,1,10,0,8.0,138.0,0.0,3.0,529.0,9.0,12.666666666666666,12.4,1.0,0.4,5.166666666666666,44.0,9.8,0.2,2,10,207.043,0
2025,1,Australian Grand Prix,albert_park,norris,NOR,mclaren,1,1,25.0,Finished,1,0,1,1,10.0,0.0,0.0,5.0,0.0,0.0,5.666666666666667,5.0,36.0,0.0,-0.5,0.0,6.5,0.25,2,1,0.0,0
2025,1,Australian Grand Prix,albert_park,max_verstappen,VER,red_bull,3,2,18.0,Finished,1,0,3,0,10.0,0.0,0.0,5.0,0.0,0.0,4.0,3.8,43.0,0.0,-5.833333333333334,0.0,10.25,0.5,2,3,0.0,0
2025,1,Australian Grand Prix,albert_park,russell,RUS,mercedes,4,3,15.0,Finished,1,0,4,0,10.0,0.0,0.0,5.0,0.0,0.0,3.3333333333333335,3.8,47.0,0.0,-1.3333333333333335,0.0,13.5,0.25,2,11,0.0,0
2025,1,Australian Grand Prix,albert_park,antonelli,ANT,mercedes,16,4,12.0,Finished,0,0,16,0,10.0,0.0,0.0,5.0,0.0,0.0,,,,,0.0,0.0,10.0,0.0,2,9,0.0,0
2025,1,Australian Grand Prix,albert_park,albon,ALB,williams,6,5,10.0,Finished,0,0,6,0,10.0,0.0,0.0,5.0,0.0,0.0,15.0,16.4,0.0,1.0,-1.1666666666666679,0.0,13.5,0.0,2,8,0.0,0
2025,1,Australian Grand Prix,albert_park,stroll,STR,aston_martin,13,6,8.0,Finished,0,0,13,0,10.0,0.0,0.0,5.0,0.0,0.0,15.666666666666666,15.4,0.0,0.8,3.333333333333332,0.0,7.75,0.0,2,14,0.0,0
2025,1,Australian Grand Prix,albert_park,hulkenberg,HUL,sauber,17,7,6.0,Finished,0,0,17,0,10.0,0.0,0.0,5.0,0.0,0.0,10.666666666666666,12.2,8.0,0.6,-2.833333333333334,0.0,7.666666666666667,0.0,2,12,0.0,0
2025,1,Australian Grand Prix,albert_park,leclerc,LEC,ferrari,7,8,4.0,Finished,0,0,7,0,10.0,0.0,0.0,5.0,0.0,0.0,3.0,3.4,45.0,0.0,-0.3333333333333335,0.0,7.0,0.5,2,13,0.0,0
2025,1,Australian Grand Prix,albert_park,piastri,PIA,mclaren,2,9,2.0,Finished,0,0,2,1,10.0,0.0,0.0,5.0,0.0,0.0,6.666666666666667,7.2,22.0,0.0,0.5,0.0,6.0,0.0,2,4,0.0,0
2025,1,Australian Grand Prix,albert_park,hamilton,HAM,ferrari,8,10,1.0,Finished,0,0,8,0,10.0,0.0,0.0,5.0,0.0,0.0,6.0,6.4,30.0,0.0,2.6666666666666665,0.0,6.5,0.5,2,7,0.0,0
2025,1,Australian Grand Prix,albert_park,gasly,GAS,alpine,9,11,0.0,Finished,0,0,9,0,10.0,0.0,0.0,5.0,0.0,0.0,10.666666666666666,9.0,16.0,0.4,-3.333333333333334,0.0,11.5,0.0,2,10,0.0,0
2025,1,Australian Grand Prix,albert_park,tsunoda,TSU,rb,5,12,0.0,Finished,0,0,5,0,10.0,0.0,0.0,5.0,0.0,0.0,11.333333333333334,12.2,2.0,0.4,-2.166666666666666,0.0,10.666666666666666,0.0,2,6,0.0,0
2025,1,Australian Grand Prix,albert_park,ocon,OCO,haas,19,13,0.0,Finished,0,0,19,0,10.0,0.0,0.0,5.0,0.0,0.0,13.0,14.0,18.0,0.8,1.5,0.0,12.333333333333334,0.0,2,15,0.0,0
2025,1,Australian Grand Prix,albert_park,bearman,BEA,haas,20,14,0.0,Finished,0,0,20,0,10.0,0.0,0.0,5.0,0.0,0.0,9.666666666666666,9.666666666666666,7.0,0.0,-1.833333333333334,0.0,10.0,0.0,2,16,0.0,0
2025,1,Australian Grand Prix,albert_park,lawson,LAW,red_bull,18,15,0.0,Retired,0,1,18,0,10.0,0.0,0.0,5.0,0.0,0.0,15.666666666666666,14.4,0.0,0.4,5.833333333333332,0.0,10.0,0.0,2,2,0.0,0
2025,1,Australian Grand Prix,albert_park,bortoleto,BOR,sauber,15,16,0.0,Retired,0,1,15,0,10.0,0.0,0.0,5.0,0.0,0.0,,,,,0.0,0.0,10.0,0.0,2,5,0.0,0
2025,1,Australian Grand Prix,albert_park,alonso,ALO,aston_martin,12,17,0.0,Retired,0,1,12,0,10.0,0.0,0.0,5.0,0.0,0.0,9.0,11.8,8.0,0.2,-3.333333333333334,0.0,9.333333333333334,0.3333333333333333,2,17,0.0,0
2025,1,Australian Grand Prix,albert_park,sainz,SAI,williams,10,18,0.0,Retired,0,1,10,0,10.0,0.0,0.0,5.0,0.0,0.0,3.6666666666666665,5.6,41.0,0.2,-12.500000000000002,0.0,13.25,0.25,2,10,207.043,0
2025,1,Australian Grand Prix,albert_park,doohan,DOO,alpine,14,19,0.0,Retired,0,1,14,0,10.0,0.0,0.0,5.0,0.0,0.0,15.0,15.0,0.0,1.0,1.0,0.0,10.0,0.0,2,10,207.043,0
2025,1,Australian Grand Prix,albert_park,hadjar,HAD,rb,11,20,0.0,Retired,0,1,11,0,10.0,0.0,0.0,5.0,0.0,0.0,,,,,0.0,0.0,10.0,0.0,2,10,207.043,0
2025,2,Chinese Grand Prix,shanghai,piastri,PIA,mclaren,1,1,25.0,Finished,1,0,1,1,9.0,2.0,0.0,1.0,27.0,1.0,7.333333333333333,7.4,18.0,0.0,1.666666666666666,0.0,8.0,0.0,1,3,0.0,0
2025,2,Chinese Grand Prix,shanghai,norris,NOR,mclaren,3,2,18.0,Finished,1,0,3,0,1.0,25.0,1.0,1.0,27.0,1.0,4.0,4.8,52.0,0.0,-1.666666666666667,0.0,10.0,0.5,1,1,0.0,0
2025,2,Chinese Grand Prix,shanghai,russell,RUS,mercedes,2,3,15.0,Finished,1,0,2,1,3.0,15.0,0.0,2.0,27.0,0.0,4.0,3.4,37.0,0.0,-1.333333333333333,0.0,11.0,0.0,1,5,0.0,0
2025,2,Chinese Grand Prix,shanghai,max_verstappen,VER,red_bull,4,4,12.0,Finished,0,0,4,0,2.0,18.0,0.0,3.0,18.0,0.0,3.0,3.0,51.0,0.0,-7.166666666666666,0.0,2.5,0.5,1,2,0.0,0
2025,2,Chinese Grand Prix,shanghai,ocon,OCO,haas,11,5,10.0,Finished,0,0,11,0,18.0,0.0,0.0,9.0,0.0,0.0,16.666666666666668,13.0,0.0,0.6,4.000000000000002,0.0,11.0,0.0,1,4,0.0,0
2025,2,Chinese Grand Prix,shanghai,antonelli,ANT,mercedes,8,6,8.0,Finished,0,0,8,0,4.0,12.0,0.0,2.0,27.0,0.0,4.0,4.0,12.0,0.0,-1.333333333333333,0.0,10.0,0.0,1,11,0.0,0
2025,2,Chinese Grand Prix,shanghai,albon,ALB,williams,10,7,6.0,Finished,0,0,10,0,5.0,10.0,0.0,4.0,10.0,0.0,10.333333333333334,13.6,10.0,0.8,-4.166666666666666,0.0,11.0,0.0,1,12,0.0,0
2025,2,Chinese Grand Prix,shanghai,bearman,BEA,haas,17,8,4.0,Finished,0,0,17,0,11.0,0.0,0.0,9.0,0.0,0.0,12.0,10.75,1.0,0.0,-0.6666666666666661,0.0,10.0,0.0,1,13,0.0,0
2025,2,Chinese Grand Prix,shanghai,stroll,STR,aston_martin,14,9,2.0,Finished,0,0,14,0,6.0,8.0,0.0,5.0,8.0,0.0,12.666666666666666,14.4,8.0,0.6,0.8333333333333321,0.0,13.5,0.0,1,10,0.0,0
2025,2,Chinese Grand Prix,shanghai,sainz,SAI,williams,15,10,1.0,Finished,0,0,15,0,19.0,0.0,0.0,4.0,10.0,0.0,8.666666666666666,9.0,26.0,0.4,-5.833333333333334,0.0,9.5,0.0,1,15,0.0,0
2025,2,Chinese Grand Prix,shanghai,hadjar,HAD,rb,7,11,0.0,Finished,0,0,7,0,16.0,0.0,0.0,10.0,0.0,0.0,20.0,20.0,0.0,1.0,5.333333333333334,0.0,10.0,0.0,2,6,0.0,0
2025,2,Chinese Grand Prix,shanghai,lawson,LAW,red_bull,20,12,0.0,Finished,0,0,20,0,13.0,0.0,0.0,3.0,18.0,0.0,15.333333333333334,14.2,0.0,0.4,5.166666666666668,0.0,10.0,0.0,2,9,0.0,0
2025,2,Chinese Grand Prix,shanghai,doohan,DOO,alpine,18,13,0.0,Finished,0,0,18,0,14.0,0.0,0.0,8.0,0.0,0.0,17.0,17.0,0.0,1.0,4.166666666666666,0.0,10.0,0.0,1,14,0.0,0
2025,2,Chinese Grand Prix,shanghai,bortoleto,BOR,sauber,19,14,0.0,Lapped,0,1,19,0,17.0,0.0,0.0,6.0,6.0,0.0,16.0,16.0,0.0,1.0,3.833333333333334,0.0,10.0,0.0,2,8,0.0,0
2025,2,Chinese Grand Prix,shanghai,hulkenberg,HUL,sauber,12,15,0.0,Lapped,0,1,12,0,7.0,6.0,0.0,6.0,6.0,0.0,10.333333333333334,11.8,10.0,0.4,-1.8333333333333321,0.0,15.0,0.0,1,16,0.0,0
2025,2,Chinese Grand Prix,shanghai,tsunoda,TSU,rb,9,16,0.0,Lapped,0,1,9,0,20.0,0.0,0.0,10.0,0.0,0.0,12.333333333333334,10.6,0.0,0.2,-2.333333333333332,0.0,19.0,0.0,3,7,0.0,0
2025,2,Chinese Grand Prix,shanghai,alonso,ALO,aston_martin,13,17,0.0,Retired,0,1,13,0,12.0,0.0,0.0,5.0,8.0,0.0,11.0,11.6,8.0,0.2,-0.8333333333333339,0.0,7.0,0.0,2,17,0.0,0
2025,2,Chinese Grand Prix,shanghai,leclerc,LEC,ferrari,6,18,0.0,Disqualified,0,1,6,0,8.0,4.0,0.0,7.0,5.0,0.0,4.333333333333333,4.4,37.0,0.0,-0.8333333333333339,0.0,4.5,0.0,1,10,207.043,0
2025,2,Chinese Grand Prix,shanghai,hamilton,HAM,ferrari,5,19,0.0,Disqualified,0,1,5,0,10.0,1.0,0.0,7.0,5.0,0.0,8.666666666666666,7.6,13.0,0.0,3.499999999999999,0.0,5.0,0.5,2,10,207.043,0
2025,2,Chinese Grand Prix,shanghai,gasly,GAS,alpine,16,20,0.0,Disqualified,0,1,16,0,15.0,0.0,0.0,8.0,0.0,0.0,7.666666666666667,9.2,16.0,0.2,-5.166666666666667,0.0,9.5,0.0,1,10,207.043,0
2025,3,Japanese Grand Prix,suzuka,max_verstappen,VER,red_bull,1,1,25.0,Finished,1,0,1,1,2.0,30.0,0.0,3.0,30.0,0.0,4.0,3.6,38.0,0.0,-5.833333333333334,0.0,5.25,0.75,1,3,0.0,0
2025,3,Japanese Grand Prix,suzuka,norris,NOR,mclaren,2,2,18.0,Finished,1,0,2,1,1.0,43.0,1.0,1.0,70.0,2.0,1.3333333333333333,4.0,68.0,0.0,-2.666666666666667,0.0,7.0,0.25,1,5,0.0,0
2025,3,Japanese Grand Prix,suzuka,piastri,PIA,mclaren,3,3,15.0,Finished,1,0,3,0,4.0,27.0,1.0,1.0,70.0,2.0,6.666666666666667,6.0,28.0,0.0,2.666666666666667,0.0,5.5,0.5,1,2,0.0,0
2025,3,Japanese Grand Prix,suzuka,leclerc,LEC,ferrari,4,4,12.0,Finished,0,0,4,0,11.0,4.0,0.0,8.0,5.0,0.0,9.666666666666666,7.0,19.0,0.2,-0.3333333333333339,0.0,4.25,0.25,1,10,0.0,0
2025,3,Japanese Grand Prix,suzuka,russell,RUS,mercedes,5,5,10.0,Finished,0,0,5,0,3.0,30.0,0.0,2.0,50.0,0.0,3.6666666666666665,3.2,40.0,0.0,-0.5000000000000004,0.0,9.5,0.0,1,8,0.0,0
2025,3,Japanese Grand Prix,suzuka,antonelli,ANT,mercedes,6,6,8.0,Finished,0,0,6,0,5.0,20.0,0.0,2.0,50.0,0.0,5.0,5.0,20.0,0.0,0.833333333333333,0.0,10.0,0.0,1,1,0.0,0
2025,3,Japanese Grand Prix,suzuka,hamilton,HAM,ferrari,8,7,6.0,Finished,0,0,8,0,13.0,1.0,0.0,8.0,5.0,0.0,11.0,9.4,13.0,0.2,1.0,0.0,5.5,0.25,1,9,0.0,0
2025,3,Japanese Grand Prix,suzuka,hadjar,HAD,rb,7,8,4.0,Finished,0,0,7,0,16.0,0.0,0.0,10.0,0.0,0.0,15.5,15.5,0.0,0.5,0.8333333333333339,0.0,10.0,0.0,1,7,0.0,0
2025,3,Japanese Grand Prix,suzuka,albon,ALB,williams,9,9,2.0,Finished,0,0,9,0,6.0,16.0,0.0,4.0,17.0,0.0,7.666666666666667,11.4,16.0,0.6,-3.999999999999999,0.0,15.0,0.0,1,6,0.0,0
2025,3,Japanese Grand Prix,suzuka,bearman,BEA,haas,10,10,1.0,Finished,0,0,10,0,10.0,4.0,0.0,5.0,14.0,0.0,11.333333333333334,10.2,4.0,0.0,0.6666666666666679,0.0,10.0,0.0,1,15,0.0,0
2025,3,Japanese Grand Prix,suzuka,alonso,ALO,aston_martin,12,11,0.0,Finished,0,0,13,0,14.0,0.0,0.0,6.0,10.0,0.0,14.333333333333334,12.2,2.0,0.4,2.333333333333334,0.0,7.0,0.0,1,11,0.0,0
2025,3,Japanese Grand Prix,suzuka,tsunoda,TSU,red_bull,14,12,0.0,Finished,0,0,15,0,20.0,0.0,0.0,3.0,30.0,0.0,13.333333333333334,12.4,0.0,0.4,3.5,0.0,11.666666666666666,0.0,1,13,0.0,1
2025,3,Japanese Grand Prix,suzuka,gasly,GAS,alpine,11,13,0.0,Finished,0,0,11,0,19.0,0.0,0.0,9.0,0.0,0.0,12.666666666666666,12.6,6.0,0.4,-1.5,0.0,12.75,0.0,1,12,0.0,0
2025,3,Japanese Grand Prix,suzuka,sainz,SAI,williams,15,14,0.0,Finished,0,0,12,0,12.0,1.0,0.0,4.0,17.0,0.0,10.0,7.8,19.0,0.2,-1.666666666666666,0.0,8.25,0.25,1,4,0.0,0
2025,3,Japanese Grand Prix,suzuka,doohan,DOO,alpine,19,15,0.0,Finished,0,0,19,0,18.0,0.0,0.0,9.0,0.0,0.0,15.666666666666666,15.666666666666666,0.0,0.6666666666666666,1.5,0.0,10.0,0.0,1,20,0.0,0
2025,3,Japanese Grand Prix,suzuka,hulkenberg,HUL,sauber,16,16,0.0,Finished,0,0,16,0,9.0,6.0,0.0,7.0,6.0,0.0,10.0,10.8,10.0,0.4,-3.833333333333334,0.0,15.0,0.0,1,19,0.0,0
2025,3,Japanese Grand Prix,suzuka,lawson,LAW,rb,13,17,0.0,Finished,0,0,14,0,15.0,0.0,0.0,10.0,0.0,0.0,14.666666666666666,14.8,0.0,0.4,0.0,0.0,11.0,0.0,1,17,0.0,0
2025,3,Japanese Grand Prix,suzuka,ocon,OCO,haas,18,18,0.0,Finished,0,0,18,0,8.0,10.0,0.0,5.0,14.0,0.0,12.666666666666666,11.4,10.0,0.4,2.0,0.0,9.333333333333334,0.0,1,14,0.0,0
2025,3,Japanese Grand Prix,suzuka,bortoleto,BOR,sauber,17,19,0.0,Finished,0,0,17,0,17.0,0.0,0.0,7.0,6.0,0.0,15.0,15.0,0.0,1.0,1.166666666666666,0.0,10.0,0.0,1,16,0.0,0
2025,3,Japanese Grand Prix,suzuka,stroll,STR,aston_martin,20,20,0.0,Lapped,0,1,20,0,7.0,10.0,0.0,6.0,10.0,0.0,9.666666666666666,12.4,10.0,0.4,-2.333333333333334,0.0,12.75,0.0,2,18,0.0,0
2025,4,Bahrain Grand Prix,bahrain,piastri,PIA,mclaren,1,1,25.0,Finished,1,0,1,1,3.0,42.0,1.0,1.0,103.0,2.0,4.333333333333333,5.2,42.0,0.0,1.333333333333333,116.0,14.0,0.0,2,1,0.0,0
2025,4,Bahrain Grand Prix,bahrain,russell,RUS,mercedes,3,2,18.0,Finished,1,0,2,1,4.0,40.0,0.0,2.0,68.0,0.0,3.6666666666666665,4.0,40.0,0.0,-0.8333333333333335,59.0,9.428571428571429,0.0,2,2,0.0,0
2025,4,Bahrain Grand Prix,bahrain,norris,NOR,mclaren,6,3,15.0,Finished,1,0,6,0,1.0,61.0,1.0,1.0,103.0,2.0,1.6666666666666667,3.2,61.0,0.0,-1.3333333333333333,116.0,8.857142857142858,0.0,2,3,0.0,0
2025,4,Bahrain Grand Prix,bahrain,leclerc,LEC,ferrari,2,4,12.0,Finished,0,0,3,0,7.0,16.0,0.0,4.0,23.0,0.0,10.0,7.0,16.0,0.2,-1.0,40.0,9.0,0.2857142857142857,2,4,0.0,0
2025,4,Bahrain Grand Prix,bahrain,hamilton,HAM,ferrari,9,5,10.0,Finished,0,0,9,0,10.0,7.0,0.0,4.0,23.0,0.0,12.0,10.4,7.0,0.2,1.0,40.0,3.0,0.6666666666666666,2,6,0.0,0
2025,4,Bahrain Grand Prix,bahrain,max_verstappen,VER,red_bull,7,6,8.0,Finished,0,0,7,0,2.0,55.0,1.0,3.0,55.0,1.0,2.3333333333333335,2.8,55.0,0.0,-5.333333333333334,47.0,6.857142857142857,0.5714285714285714,2,5,0.0,0
2025,4,Bahrain Grand Prix,bahrain,gasly,GAS,alpine,4,7,6.0,Finished,0,0,5,0,16.0,0.0,0.0,10.0,0.0,0.0,14.666666666666666,11.2,0.0,0.2,-0.5,6.0,12.714285714285714,0.0,2,7,0.0,0
2025,4,Bahrain Grand Prix,bahrain,ocon,OCO,haas,14,8,4.0,Finished,0,0,14,0,8.0,10.0,0.0,6.0,15.0,0.0,12.0,14.6,10.0,0.4,0.6666666666666661,20.0,11.0,0.16666666666666666,2,12,0.0,0
2025,4,Bahrain Grand Prix,bahrain,tsunoda,TSU,red_bull,10,9,2.0,Finished,0,0,10,0,20.0,0.0,0.0,3.0,55.0,1.0,13.333333333333334,13.0,0.0,0.4,5.666666666666667,47.0,10.5,0.0,2,14,0.0,0
2025,4,Bahrain Grand Prix,bahrain,bearman,BEA,haas,20,10,1.0,Finished,0,0,20,0,12.0,5.0,0.0,6.0,15.0,0.0,10.666666666666666,10.8,5.0,0.0,-0.6666666666666679,20.0,10.0,0.0,2,15,0.0,0
2025,4,Bahrain Grand Prix,bahrain,antonelli,ANT,mercedes,5,11,0.0,Finished,0,0,4,0,5.0,28.0,0.0,2.0,68.0,0.0,5.333333333333333,5.333333333333333,28.0,0.0,0.833333333333333,59.0,10.0,0.0,2,9,0.0,0
2025,4,Bahrain Grand Prix,bahrain,albon,ALB,williams,15,12,0.0,Finished,0,0,15,0,6.0,18.0,0.0,5.0,19.0,0.0,7.0,9.4,18.0,0.4,-3.5,9.0,9.333333333333334,0.16666666666666666,2,13,0.0,0
2025,4,Bahrain Grand Prix,bahrain,hadjar,HAD,rb,12,13,0.0,Finished,0,0,12,0,13.0,4.0,0.0,9.0,4.0,0.0,13.0,13.0,4.0,0.3333333333333333,-1.0,4.0,10.0,0.0,2,10,0.0,0
2025,4,Bahrain Grand Prix,bahrain,doohan,DOO,alpine,11,14,0.0,Finished,0,0,11,0,19.0,0.0,0.0,10.0,0.0,0.0,15.666666666666666,15.5,0.0,0.5,0.5,6.0,10.0,0.0,2,8,0.0,0
2025,4,Bahrain Grand Prix,bahrain,alonso,ALO,aston_martin,13,15,0.0,Finished,0,0,13,0,15.0,0.0,0.0,7.0,10.0,0.0,15.0,12.2,0.0,0.4,1.666666666666666,2.0,10.0,0.25,2,17,0.0,0
2025,4,Bahrain Grand Prix,bahrain,lawson,LAW,rb,17,16,0.0,Finished,0,0,17,0,17.0,0.0,0.0,9.0,4.0,0.0,14.666666666666666,15.0,0.0,0.4,0.6666666666666661,4.0,10.0,0.0,2,16,0.0,0
2025,4,Bahrain Grand Prix,bahrain,stroll,STR,aston_martin,19,17,0.0,Finished,0,0,19,0,9.0,10.0,0.0,7.0,10.0,0.0,11.666666666666666,13.4,10.0,0.6,-1.6666666666666679,2.0,10.571428571428571,0.14285714285714285,2,19,0.0,0
2025,4,Bahrain Grand Prix,bahrain,bortoleto,BOR,sauber,18,18,0.0,Finished,0,0,18,0,18.0,0.0,0.0,8.0,6.0,0.0,16.333333333333332,16.333333333333332,0.0,0.6666666666666666,1.8333333333333321,0.0,10.0,0.0,2,18,0.0,0
2025,4,Bahrain Grand Prix,bahrain,sainz,SAI,williams,8,19,0.0,Retired,0,1,8,0,14.0,1.0,0.0,5.0,19.0,0.0,14.0,10.0,1.0,0.2,3.5,9.0,6.428571428571429,0.2857142857142857,2,11,0.0,0
2025,4,Bahrain Grand Prix,bahrain,hulkenberg,HUL,sauber,16,20,0.0,Disqualified,0,1,16,0,11.0,6.0,0.0,8.0,6.0,0.0,12.666666666666666,12.4,6.0,0.4,-1.833333333333334,0.0,16.25,0.0,2,10,207.043,0
2025,5,Saudi Arabian Grand Prix,jeddah,piastri,PIA,mclaren,2,1,25.0,Finished,1,0,2,1,2.0,67.0,2.0,1.0,143.0,3.0,1.6666666666666667,4.8,65.0,0.0,-0.33333333333333326,110.0,9.5,0.0,1,3,0.0,0
2025,5,Saudi Arabian Grand Prix,jeddah,max_verstappen,VER,red_bull,1,2,18.0,Finished,1,0,1,1,3.0,63.0,1.0,3.0,65.0,1.0,3.6666666666666665,3.8,45.0,0.0,-3.6666666666666665,53.0,1.5,1.0,1,4,0.0,0
2025,5,Saudi Arabian Grand Prix,jeddah,leclerc,LEC,ferrari,4,3,15.0,Finished,1,0,4,0,5.0,28.0,0.0,4.0,45.0,0.0,8.666666666666666,7.4,24.0,0.2,-0.8333333333333339,61.0,4.75,0.5,1,2,0.0,0
2025,5,Saudi Arabian Grand Prix,jeddah,norris,NOR,mclaren,10,4,12.0,Finished,0,0,10,0,1.0,76.0,1.0,1.0,143.0,3.0,2.3333333333333335,1.8,51.0,0.0,0.3333333333333335,110.0,10.5,0.0,1,1,0.0,0
2025,5,Saudi Arabian Grand Prix,jeddah,russell,RUS,mercedes,3,5,10.0,Finished,0,0,3,0,4.0,58.0,0.0,2.0,86.0,0.0,3.3333333333333335,3.6,43.0,0.0,-2.1666666666666665,54.0,8.5,0.0,1,9,0.0,0
2025,5,Saudi Arabian Grand Prix,jeddah,antonelli,ANT,mercedes,5,6,8.0,Finished,0,0,5,0,6.0,28.0,0.0,2.0,86.0,0.0,7.666666666666667,6.75,16.0,0.0,2.166666666666667,54.0,10.0,0.0,1,5,0.0,0
2025,5,Saudi Arabian Grand Prix,jeddah,hamilton,HAM,ferrari,7,7,6.0,Finished,0,0,7,0,8.0,17.0,0.0,4.0,45.0,0.0,10.333333333333334,9.0,16.0,0.2,0.8333333333333339,61.0,6.25,0.25,1,7,0.0,0
2025,5,Saudi Arabian Grand Prix,jeddah,sainz,SAI,williams,6,8,4.0,Finished,0,0,6,0,16.0,1.0,0.0,6.0,19.0,0.0,14.333333333333334,12.6,1.0,0.4,2.5,8.0,5.666666666666667,0.3333333333333333,1,6,0.0,0
2025,5,Saudi Arabian Grand Prix,jeddah,albon,ALB,williams,11,9,2.0,Finished,0,0,11,0,7.0,18.0,0.0,6.0,19.0,0.0,9.333333333333334,8.8,8.0,0.2,-2.5,8.0,14.666666666666666,0.0,1,16,0.0,0
2025,5,Saudi Arabian Grand Prix,jeddah,hadjar,HAD,rb,14,10,1.0,Finished,0,0,14,0,14.0,4.0,0.0,10.0,4.0,0.0,10.666666666666666,13.0,4.0,0.25,-2.833333333333334,5.0,10.0,0.0,1,14,0.0,0
2025,5,Saudi Arabian Grand Prix,jeddah,alonso,ALO,aston_martin,13,11,0.0,Finished,0,0,13,0,17.0,0.0,0.0,7.0,10.0,0.0,14.333333333333334,13.8,0.0,0.4,-0.5,0.0,9.25,0.25,1,11,0.0,0
2025,5,Saudi Arabian Grand Prix,jeddah,lawson,LAW,rb,12,12,0.0,Finished,0,0,12,0,18.0,0.0,0.0,10.0,4.0,0.0,15.0,15.4,0.0,0.4,1.5,5.0,10.0,0.0,1,10,0.0,0
2025,5,Saudi Arabian Grand Prix,jeddah,bearman,BEA,haas,15,13,0.0,Finished,0,0,15,0,12.0,6.0,0.0,5.0,20.0,0.0,9.333333333333334,10.8,6.0,0.0,-0.5,6.0,7.0,0.0,1,13,0.0,0
2025,5,Saudi Arabian Grand Prix,jeddah,ocon,OCO,haas,19,14,0.0,Finished,0,0,19,0,9.0,14.0,0.0,5.0,20.0,0.0,10.333333333333334,12.8,14.0,0.2,0.5,6.0,7.75,0.0,1,17,0.0,0
2025,5,Saudi Arabian Grand Prix,jeddah,hulkenberg,HUL,sauber,18,15,0.0,Lapped,0,1,18,0,11.0,6.0,0.0,9.0,6.0,0.0,17.0,13.2,0.0,0.4,0.0,0.0,11.333333333333334,0.0,1,15,0.0,0
2025,5,Saudi Arabian Grand Prix,jeddah,stroll,STR,aston_martin,16,16,0.0,Lapped,0,1,16,0,10.0,10.0,0.0,7.0,10.0,0.0,15.333333333333334,13.2,2.0,0.4,0.5,0.0,15.75,0.0,1,8,0.0,0
2025,5,Saudi Arabian Grand Prix,jeddah,doohan,DOO,alpine,17,17,0.0,Lapped,0,1,17,0,19.0,0.0,0.0,8.0,6.0,0.0,14.0,15.2,0.0,0.4,0.3333333333333339,6.0,10.0,0.0,2,12,0.0,0
2025,5,Saudi Arabian Grand Prix,jeddah,bortoleto,BOR,sauber,20,18,0.0,Lapped,0,1,20,0,20.0,0.0,0.0,9.0,6.0,0.0,17.0,16.75,0.0,0.5,0.0,0.0,10.0,0.0,1,18,0.0,0
2025,5,Saudi Arabian Grand Prix,jeddah,tsunoda,TSU,red_bull,8,19,0.0,Retired,0,1,8,0,15.0,2.0,0.0,3.0,65.0,1.0,12.333333333333334,12.2,2.0,0.4,5.000000000000001,53.0,14.75,0.0,2,10,207.043,0
2025,5,Saudi Arabian Grand Prix,jeddah,gasly,GAS,alpine,9,20,0.0,Retired,0,1,9,0,13.0,6.0,0.0,8.0,6.0,0.0,13.333333333333334,11.6,6.0,0.2,-0.33333333333333215,6.0,10.75,0.0,2,10,207.043,0
2025,6,Miami Grand Prix,miami,piastri,PIA,mclaren,4,1,25.0,Finished,1,0,4,0,1.0,92.0,3.0,1.0,180.0,4.0,1.6666666666666667,3.0,65.0,0.0,-0.6666666666666667,120.0,16.0,0.0,2,10,207.043,0
2025,6,Miami Grand Prix,miami,norris,NOR,mclaren,2,2,18.0,Finished,1,0,2,1,2.0,88.0,1.0,1.0,180.0,4.0,3.0,2.4,45.0,0.0,0.6666666666666665,120.0,12.333333333333334,0.3333333333333333,2,10,207.043,0
2025,6,Miami Grand Prix,miami,russell,RUS,mercedes,5,3,15.0,Finished,1,0,5,0,4.0,68.0,0.0,2.0,104.0,0.0,4.0,3.6,38.0,0.0,-1.833333333333333,59.0,5.666666666666667,0.0,2,10,207.043,0
2025,6,Miami Grand Prix,miami,max_verstappen,VER,red_bull,1,4,12.0,Finished,0,0,1,1,3.0,81.0,1.0,3.0,83.0,1.0,3.0,3.0,51.0,0.0,-5.166666666666666,41.0,1.3333333333333333,1.0,2,10,207.043,0
2025,6,Miami Grand Prix,miami,albon,ALB,williams,7,5,10.0,Finished,0,0,7,0,8.0,20.0,0.0,5.0,25.0,0.0,10.0,8.4,4.0,0.0,-1.833333333333334,18.0,13.666666666666666,0.0,2,10,207.043,0
2025,6,Miami Grand Prix,miami,antonelli,ANT,mercedes,3,6,8.0,Finished,0,0,3,0,6.0,36.0,0.0,2.0,104.0,0.0,7.666666666666667,6.6,16.0,0.0,1.833333333333334,59.0,10.0,0.0,2,10,207.043,0
2025,6,Miami Grand Prix,miami,leclerc,LEC,ferrari,8,7,6.0,Finished,0,0,8,0,5.0,43.0,0.0,4.0,66.0,0.0,3.6666666666666665,7.4,39.0,0.2,-1.3333333333333335,53.0,4.0,0.6666666666666666,2,10,207.043,0
2025,6,Miami Grand Prix,miami,hamilton,HAM,ferrari,12,8,4.0,Finished,0,0,12,0,7.0,23.0,0.0,4.0,66.0,0.0,6.333333333333333,9.6,22.0,0.2,1.333333333333333,53.0,6.0,0.0,2,10,207.043,0
2025,6,Miami Grand Prix,miami,sainz,SAI,williams,6,9,2.0,Finished,0,0,6,0,14.0,5.0,0.0,5.0,25.0,0.0,13.666666666666666,13.8,4.0,0.4,1.8333333333333321,18.0,4.333333333333333,0.3333333333333333,2,10,207.043,0
2025,6,Miami Grand Prix,miami,tsunoda,TSU,red_bull,10,10,1.0,Finished,0,0,10,0,16.0,2.0,0.0,3.0,83.0,1.0,13.333333333333334,13.6,2.0,0.4,5.166666666666668,41.0,10.0,0.0,2,10,207.043,0
2025,6,Miami Grand Prix,miami,hadjar,HAD,rb,11,11,0.0,Finished,0,0,11,0,15.0,5.0,0.0,10.0,5.0,0.0,10.333333333333334,12.4,5.0,0.2,-2.333333333333332,1.0,10.0,0.0,2,10,207.043,0
2025,6,Miami Grand Prix,miami,ocon,OCO,haas,9,12,0.0,Finished,0,0,9,0,9.0,14.0,0.0,6.0,20.0,0.0,13.333333333333334,11.6,4.0,0.0,1.1666666666666679,5.0,9.0,0.0,2,10,207.043,0
2025,6,Miami Grand Prix,miami,gasly,GAS,alpine,20,13,0.0,Finished,0,0,18,0,13.0,6.0,0.0,8.0,6.0,0.0,13.333333333333334,14.2,6.0,0.4,-1.0,6.0,12.666666666666666,0.0,2,10,207.043,0
2025,6,Miami Grand Prix,miami,hulkenberg,HUL,sauber,16,14,0.0,Lapped,0,1,16,0,11.0,6.0,0.0,9.0,6.0,0.0,17.0,14.6,0.0,0.6,-0.6666666666666679,0.0,13.0,0.0,2,10,207.043,0
2025,6,Miami Grand Prix,miami,alonso,ALO,aston_martin,17,15,0.0,Lapped,0,1,17,0,17.0,0.0,0.0,7.0,10.0,0.0,12.333333333333334,14.2,0.0,0.4,-2.666666666666666,0.0,7.666666666666667,0.3333333333333333,2,10,207.043,0
2025,6,Miami Grand Prix,miami,stroll,STR,aston_martin,18,16,0.0,Lapped,0,1,19,0,10.0,10.0,0.0,7.0,10.0,0.0,17.666666666666668,13.6,0.0,0.4,2.666666666666668,0.0,13.0,0.0,2,10,207.043,0
2025,6,Miami Grand Prix,miami,lawson,LAW,rb,15,17,0.0,Retired,0,1,15,0,18.0,0.0,0.0,10.0,5.0,0.0,15.0,14.4,0.0,0.2,2.333333333333334,1.0,10.0,0.0,2,10,207.043,0
2025,6,Miami Grand Prix,miami,bortoleto,BOR,sauber,13,18,0.0,Retired,0,1,13,0,20.0,0.0,0.0,9.0,6.0,0.0,18.333333333333332,17.0,0.0,0.6,0.6666666666666643,0.0,10.0,0.0,2,10,207.043,0
2025,6,Miami Grand Prix,miami,bearman,BEA,haas,19,19,0.0,Retired,0,1,20,0,12.0,6.0,0.0,6.0,20.0,0.0,11.0,11.0,2.0,0.0,-1.166666666666666,5.0,10.0,0.0,2,10,207.043,0
2025,6,Miami Grand Prix,miami,doohan,DOO,alpine,14,20,0.0,Retired,0,1,14,0,19.0,0.0,0.0,8.0,6.0,0.0,15.333333333333334,15.6,0.0,0.4,1.0,6.0,10.0,0.0,2,10,207.043,0
2025,7,Emilia Romagna Grand Prix,imola,max_verstappen,VER,red_bull,2,1,25.0,Finished,1,0,2,1,3.0,93.0,1.0,3.0,96.0,1.0,4.0,3.4,38.0,0.0,-4.333333333333334,57.0,5.0,0.75,2,10,207.043,0
2025,7,Emilia Romagna Grand Prix,imola,norris,NOR,mclaren,4,2,18.0,Finished,1,0,4,0,2.0,106.0,1.0,1.0,223.0,5.0,3.0,2.6,45.0,0.0,1.0,113.0,4.0,0.75,2,10,207.043,0
2025,7,Emilia Romagna Grand Prix,imola,piastri,PIA,mclaren,1,3,15.0,Finished,1,0,1,1,1.0,117.0,4.0,1.0,223.0,5.0,1.0,1.4,75.0,0.0,-1.0,113.0,4.0,0.0,2,10,207.043,0
2025,7,Emilia Romagna Grand Prix,imola,hamilton,HAM,ferrari,12,4,12.0,Finished,0,0,12,0,8.0,27.0,0.0,4.0,76.0,0.0,6.666666666666667,9.2,20.0,0.2,1.0,51.0,5.5,0.5,2,10,207.043,0
2025,7,Emilia Romagna Grand Prix,imola,albon,ALB,williams,7,5,10.0,Finished,0,0,7,0,7.0,30.0,0.0,5.0,37.0,0.0,8.666666666666666,8.4,12.0,0.0,-1.6666666666666679,32.0,15.333333333333334,0.0,2,10,207.043,0
2025,7,Emilia Romagna Grand Prix,imola,leclerc,LEC,ferrari,11,6,8.0,Finished,0,0,11,0,5.0,49.0,0.0,4.0,76.0,0.0,4.666666666666667,7.2,33.0,0.2,-1.0,51.0,4.5,0.25,2,10,207.043,0
2025,7,Emilia Romagna Grand Prix,imola,russell,RUS,mercedes,3,7,6.0,Finished,0,0,3,0,4.0,83.0,0.0,2.0,127.0,0.0,3.3333333333333335,3.6,43.0,0.0,-2.1666666666666665,47.0,11.5,0.0,2,10,207.043,0
2025,7,Emilia Romagna Grand Prix,imola,sainz,SAI,williams,6,8,4.0,Finished,0,0,6,0,11.0,7.0,0.0,5.0,37.0,0.0,12.0,12.0,6.0,0.2,1.666666666666666,32.0,9.25,0.0,2,10,207.043,0
2025,7,Emilia Romagna Grand Prix,imola,hadjar,HAD,rb,9,9,2.0,Finished,0,0,9,0,15.0,5.0,0.0,10.0,5.0,0.0,11.333333333333334,10.6,1.0,0.0,-1.8333333333333321,3.0,10.0,0.0,2,10,207.043,0
2025,7,Emilia Romagna Grand Prix,imola,tsunoda,TSU,red_bull,20,10,1.0,Finished,0,0,20,0,16.0,3.0,0.0,3.0,96.0,1.0,12.666666666666666,13.2,3.0,0.4,4.333333333333332,57.0,9.666666666666666,0.0,2,10,207.043,0
2025,7,Emilia Romagna Grand Prix,imola,alonso,ALO,aston_martin,5,11,0.0,Finished,0,0,5,0,17.0,0.0,0.0,7.0,10.0,0.0,13.666666666666666,13.8,0.0,0.4,-1.333333333333334,0.0,16.0,0.0,2,10,207.043,0
2025,7,Emilia Romagna Grand Prix,imola,hulkenberg,HUL,sauber,17,12,0.0,Finished,0,0,17,0,13.0,6.0,0.0,9.0,6.0,0.0,16.333333333333332,16.0,0.0,0.8,-0.8333333333333357,0.0,11.0,0.0,2,10,207.043,0
2025,7,Emilia Romagna Grand Prix,imola,gasly,GAS,alpine,10,13,0.0,Finished,0,0,10,0,14.0,6.0,0.0,8.0,6.0,0.0,13.333333333333334,14.6,6.0,0.4,-1.8333333333333321,0.0,13.75,0.0,2,10,207.043,0
2025,7,Emilia Romagna Grand Prix,imola,lawson,LAW,rb,15,14,0.0,Finished,0,0,16,0,18.0,0.0,0.0,10.0,5.0,0.0,15.0,14.8,0.0,0.2,1.833333333333334,3.0,10.0,0.0,2,10,207.043,0
2025,7,Emilia Romagna Grand Prix,imola,stroll,STR,aston_martin,8,15,0.0,Finished,0,0,8,0,10.0,10.0,0.0,7.0,10.0,0.0,16.333333333333332,15.6,0.0,0.6,1.3333333333333321,0.0,10.0,0.0,2,10,207.043,0
2025,7,Emilia Romagna Grand Prix,imola,colapinto,COL,alpine,16,16,0.0,Finished,0,0,15,0,10.0,0.0,0.0,8.0,6.0,0.0,17.333333333333332,16.2,0.0,0.8,2.166666666666666,0.0,10.0,0.0,2,10,207.043,0
2025,7,Emilia Romagna Grand Prix,imola,bearman,BEA,haas,19,17,0.0,Finished,0,0,19,0,12.0,6.0,0.0,6.0,20.0,0.0,14.0,12.0,1.0,0.2,1.333333333333334,0.0,10.0,0.0,2,10,207.043,0
2025,7,Emilia Romagna Grand Prix,imola,bortoleto,BOR,sauber,14,18,0.0,Finished,0,0,14,0,20.0,0.0,0.0,9.0,6.0,0.0,18.0,17.4,0.0,0.6,0.8333333333333321,0.0,10.0,0.0,2,10,207.043,0
2025,7,Emilia Romagna Grand Prix,imola,antonelli,ANT,mercedes,13,19,0.0,Retired,0,1,13,0,6.0,44.0,0.0,2.0,127.0,0.0,7.666666666666667,7.0,16.0,0.0,2.166666666666667,47.0,10.0,0.0,2,10,207.043,0
2025,7,Emilia Romagna Grand Prix,imola,ocon,OCO,haas,18,20,0.0,Retired,0,1,18,0,9.0,14.0,0.0,6.0,20.0,0.0,11.333333333333334,11.4,4.0,0.0,-1.3333333333333321,0.0,14.0,0.0,2,10,207.043,0
2025,8,Monaco Grand Prix,monaco,norris,NOR,mclaren,1,1,25.0,Finished,1,0,1,1,2.0,124.0,1.0,1.0,256.0,5.0,2.6666666666666665,2.6,48.0,0.0,0.5,116.0,6.6,0.2,2,10,207.043,0
2025,8,Monaco Grand Prix,monaco,leclerc,LEC,ferrari,2,2,18.0,Finished,1,0,2,1,5.0,57.0,0.0,4.0,96.0,0.0,5.333333333333333,4.8,29.0,0.0,-0.5,58.0,10.2,0.2,2,10,207.043,1
2025,8,Monaco Grand Prix,monaco,piastri,PIA,mclaren,3,3,15.0,Finished,1,0,3,0,1.0,132.0,4.0,1.0,256.0,5.0,1.6666666666666667,1.8,65.0,0.0,-0.4999999999999998,116.0,6.0,0.5,2,10,207.043,0
2025,8,Monaco Grand Prix,monaco,max_verstappen,VER,red_bull,4,4,12.0,Finished,0,0,5,0,3.0,118.0,2.0,3.0,122.0,2.0,2.3333333333333335,2.8,55.0,0.0,-5.333333333333334,51.0,3.0,0.6,2,10,207.043,0
2025,8,Monaco Grand Prix,monaco,hamilton,HAM,ferrari,7,5,10.0,Finished,0,0,4,0,8.0,39.0,0.0,4.0,96.0,0.0,6.333333333333333,6.2,22.0,0.0,0.5,58.0,5.4,0.2,2,10,207.043,0
2025,8,Monaco Grand Prix,monaco,hadjar,HAD,rb,5,6,8.0,Lapped,0,1,6,0,12.0,7.0,0.0,8.0,7.0,0.0,10.0,10.2,3.0,0.0,-2.166666666666666,14.0,10.0,0.0,2,10,207.043,0
2025,8,Monaco Grand Prix,monaco,ocon,OCO,haas,8,7,6.0,Lapped,0,1,8,0,9.0,14.0,0.0,6.0,20.0,0.0,15.333333333333334,14.4,0.0,0.2,-0.5,6.0,10.25,0.25,2,10,207.043,0
2025,8,Monaco Grand Prix,monaco,lawson,LAW,rb,9,8,4.0,Lapped,0,1,9,0,19.0,0.0,0.0,8.0,7.0,0.0,14.333333333333334,15.2,0.0,0.2,2.166666666666668,14.0,10.0,0.0,2,10,207.043,0
2025,8,Monaco Grand Prix,monaco,albon,ALB,williams,10,9,2.0,Lapped,0,1,10,0,7.0,40.0,0.0,5.0,51.0,0.0,6.333333333333333,8.0,22.0,0.0,-1.0,29.0,12.25,0.0,2,10,207.043,0
2025,8,Monaco Grand Prix,monaco,sainz,SAI,williams,11,10,1.0,Lapped,0,1,11,0,10.0,11.0,0.0,5.0,51.0,0.0,8.333333333333334,11.6,10.0,0.2,1.0000000000000009,29.0,4.2,0.6,2,10,207.043,0
2025,8,Monaco Grand Prix,monaco,russell,RUS,mercedes,14,11,0.0,Lapped,0,1,14,0,4.0,89.0,0.0,2.0,133.0,0.0,5.0,4.4,31.0,0.0,-2.666666666666667,29.0,8.8,0.0,2,10,207.043,0
2025,8,Monaco Grand Prix,monaco,bearman,BEA,haas,20,12,0.0,Lapped,0,1,17,0,13.0,6.0,0.0,6.0,20.0,0.0,16.333333333333332,13.8,0.0,0.2,0.4999999999999982,6.0,10.0,0.0,2,10,207.043,0
2025,8,Monaco Grand Prix,monaco,colapinto,COL,alpine,18,13,0.0,Lapped,0,1,20,0,21.0,0.0,0.0,9.0,6.0,0.0,18.0,17.0,0.0,0.6,1.5,0.0,10.0,0.0,2,10,207.043,0
2025,8,Monaco Grand Prix,monaco,bortoleto,BOR,sauber,16,14,0.0,Lapped,0,1,16,0,18.0,0.0,0.0,10.0,6.0,0.0,18.0,18.2,0.0,0.4,2.166666666666666,0.0,10.0,0.0,2,10,207.043,0
2025,8,Monaco Grand Prix,monaco,stroll,STR,aston_martin,19,15,0.0,Lapped,0,1,19,0,11.0,10.0,0.0,7.0,10.0,0.0,15.666666666666666,16.8,0.0,0.6,1.666666666666666,0.0,14.4,0.0,2,10,207.043,0
2025,8,Monaco Grand Prix,monaco,hulkenberg,HUL,sauber,13,16,0.0,Lapped,0,1,13,0,15.0,6.0,0.0,10.0,6.0,0.0,13.666666666666666,15.4,0.0,0.6,-2.166666666666668,0.0,16.333333333333332,0.0,2,10,207.043,0
2025,8,Monaco Grand Prix,monaco,tsunoda,TSU,red_bull,12,17,0.0,Lapped,0,1,12,0,16.0,4.0,0.0,3.0,122.0,2.0,13.0,12.0,2.0,0.2,5.333333333333333,51.0,14.0,0.0,2,10,207.043,0
2025,8,Monaco Grand Prix,monaco,antonelli,ANT,mercedes,15,18,0.0,Lapped,0,1,15,0,6.0,44.0,0.0,2.0,133.0,0.0,10.333333333333334,9.6,16.0,0.2,2.666666666666667,29.0,10.0,0.0,2,10,207.043,0
2025,8,Monaco Grand Prix,monaco,alonso,ALO,aston_martin,6,19,0.0,Retired,0,1,7,0,17.0,0.0,0.0,7.0,10.0,0.0,12.333333333333334,12.6,0.0,0.2,-1.666666666666666,0.0,8.25,0.25,2,10,207.043,0
2025,8,Monaco Grand Prix,monaco,gasly,GAS,alpine,17,20,0.0,Retired,0,1,18,0,14.0,6.0,0.0,9.0,6.0,0.0,15.333333333333334,13.2,0.0,0.2,-1.166666666666666,0.0,7.8,0.0,2,10,207.043,0
2025,9,Spanish Grand Prix,catalunya,piastri,PIA,mclaren,1,1,25.0,Finished,1,0,1,1,2.0,147.0,4.0,1.0,296.0,6.0,2.3333333333333335,1.8,55.0,0.0,0.3333333333333335,116.0,10.0,0.0,2,10,207.043,0
2025,9,Spanish Grand Prix,catalunya,norris,NOR,mclaren,2,2,18.0,Finished,1,0,2,1,1.0,149.0,2.0,1.0,296.0,6.0,1.6666666666666667,2.4,61.0,0.0,-0.33333333333333326,116.0,10.833333333333334,0.16666666666666666,2,10,207.043,0
2025,9,Spanish Grand Prix,catalunya,leclerc,LEC,ferrari,7,3,15.0,Finished,1,0,7,0,5.0,75.0,0.0,4.0,124.0,0.0,5.0,4.4,32.0,0.0,-0.33333333333333304,71.0,10.833333333333334,0.0,2,10,207.043,0
2025,9,Spanish Grand Prix,catalunya,russell,RUS,mercedes,4,4,12.0,Finished,0,0,4,0,4.0,89.0,0.0,3.0,133.0,0.0,7.0,5.6,21.0,0.2,-3.666666666666666,18.0,9.666666666666666,0.3333333333333333,2,10,207.043,0
2025,9,Spanish Grand Prix,catalunya,hulkenberg,HUL,sauber,15,5,10.0,Finished,0,0,16,0,15.0,6.0,0.0,10.0,6.0,0.0,14.0,15.4,0.0,0.8,-1.333333333333334,10.0,13.0,0.0,2,10,207.043,0
2025,9,Spanish Grand Prix,catalunya,hamilton,HAM,ferrari,5,6,8.0,Finished,0,0,5,0,6.0,49.0,0.0,4.0,124.0,0.0,5.666666666666667,5.8,26.0,0.0,0.3333333333333339,71.0,2.1666666666666665,0.8333333333333334,2,10,207.043,0
2025,9,Spanish Grand Prix,catalunya,hadjar,HAD,rb,9,7,6.0,Finished,0,0,9,0,10.0,15.0,0.0,7.0,19.0,0.0,8.666666666666666,9.8,10.0,0.2,-2.166666666666668,20.0,10.0,0.0,2,10,207.043,0
2025,9,Spanish Grand Prix,catalunya,gasly,GAS,alpine,8,8,4.0,Finished,0,0,8,0,14.0,6.0,0.0,9.0,6.0,0.0,15.333333333333334,14.6,0.0,0.4,-0.5,4.0,9.5,0.0,2,10,207.043,0
2025,9,Spanish Grand Prix,catalunya,alonso,ALO,aston_martin,10,9,2.0,Finished,0,0,10,0,19.0,0.0,0.0,8.0,10.0,0.0,15.0,14.2,0.0,0.4,-0.16666666666666607,2.0,11.25,0.0,2,10,207.043,1
2025,9,Spanish Grand Prix,catalunya,max_verstappen,VER,red_bull,3,10,1.0,Finished,0,0,3,0,3.0,130.0,2.0,2.0,134.0,2.0,3.0,3.4,49.0,0.0,-4.666666666666667,39.0,1.6666666666666667,1.0,2,10,207.043,0
2025,9,Spanish Grand Prix,catalunya,lawson,LAW,rb,13,11,0.0,Finished,0,0,13,0,16.0,4.0,0.0,7.0,19.0,0.0,13.0,13.4,4.0,0.4,2.166666666666666,20.0,10.0,0.0,2,10,207.043,0
2025,9,Spanish Grand Prix,catalunya,bortoleto,BOR,sauber,12,12,0.0,Finished,0,0,12,0,18.0,0.0,0.0,10.0,6.0,0.0,16.666666666666668,17.2,0.0,0.6,1.333333333333334,10.0,10.0,0.0,2,10,207.043,0
2025,9,Spanish Grand Prix,catalunya,tsunoda,TSU,red_bull,19,13,0.0,Finished,0,0,20,0,17.0,4.0,0.0,2.0,134.0,2.0,12.333333333333334,13.0,2.0,0.4,4.666666666666667,39.0,15.25,0.0,2,10,207.043,0
2025,9,Spanish Grand Prix,catalunya,sainz,SAI,williams,17,14,0.0,Finished,0,0,18,0,11.0,12.0,0.0,5.0,54.0,0.0,9.0,10.8,7.0,0.4,1.333333333333333,17.0,6.0,0.0,2,10,207.043,1
2025,9,Spanish Grand Prix,catalunya,colapinto,COL,alpine,18,15,0.0,Finished,0,0,19,0,21.0,0.0,0.0,9.0,6.0,0.0,16.0,16.2,0.0,0.6,0.16666666666666607,4.0,10.0,0.0,2,10,207.043,0
2025,9,Spanish Grand Prix,catalunya,ocon,OCO,haas,16,16,0.0,Finished,0,0,17,0,9.0,20.0,0.0,6.0,26.0,0.0,13.0,12.2,6.0,0.4,-1.5,6.0,9.4,0.0,2,10,207.043,0
2025,9,Spanish Grand Prix,catalunya,bearman,BEA,haas,14,17,0.0,Finished,0,0,15,0,13.0,6.0,0.0,6.0,26.0,0.0,16.0,14.2,0.0,0.4,1.5,6.0,10.0,0.0,2,10,207.043,0
2025,9,Spanish Grand Prix,catalunya,antonelli,ANT,mercedes,6,18,0.0,Retired,0,1,6,0,7.0,44.0,0.0,3.0,133.0,0.0,14.333333333333334,12.0,8.0,0.4,3.666666666666668,18.0,10.0,0.0,2,10,207.043,0
2025,9,Spanish Grand Prix,catalunya,albon,ALB,williams,11,19,0.0,Retired,0,1,11,0,8.0,42.0,0.0,5.0,54.0,0.0,6.333333333333333,8.0,22.0,0.2,-1.333333333333334,17.0,14.2,0.0,2,10,207.043,0
2025,10,Canadian Grand Prix,villeneuve,russell,RUS,mercedes,1,1,25.0,Finished,1,0,1,1,4.0,101.0,0.0,3.0,145.0,0.0,7.333333333333333,6.0,18.0,0.2,-5.500000000000001,52.0,10.5,0.25,2,10,207.043,0
2025,10,Canadian Grand Prix,villeneuve,max_verstappen,VER,red_bull,2,2,18.0,Finished,1,0,2,1,3.0,131.0,2.0,4.0,135.0,2.0,5.0,4.2,38.0,0.0,-4.166666666666666,31.0,2.0,0.75,2,10,207.043,0
2025,10,Canadian Grand Prix,villeneuve,antonelli,ANT,mercedes,4,3,15.0,Finished,1,0,4,0,7.0,44.0,0.0,3.0,145.0,0.0,18.333333333333332,13.4,0.0,0.6,5.499999999999998,52.0,10.0,0.0,2,10,207.043,0
2025,10,Canadian Grand Prix,villeneuve,piastri,PIA,mclaren,3,4,12.0,Finished,0,0,3,0,1.0,172.0,5.0,1.0,339.0,7.0,2.3333333333333335,1.8,55.0,0.0,0.3333333333333335,95.0,8.0,0.0,2,10,207.043,0
2025,10,Canadian Grand Prix,villeneuve,leclerc,LEC,ferrari,8,5,10.0,Finished,0,0,8,0,5.0,90.0,0.0,2.0,147.0,0.0,3.6666666666666665,4.2,41.0,0.0,-0.6666666666666665,69.0,7.75,0.25,2,10,207.043,0
2025,10,Canadian Grand Prix,villeneuve,hamilton,HAM,ferrari,5,6,8.0,Finished,0,0,5,0,6.0,57.0,0.0,2.0,147.0,0.0,5.0,6.0,30.0,0.0,0.666666666666667,69.0,2.75,0.75,2,10,207.043,0
2025,10,Canadian Grand Prix,villeneuve,alonso,ALO,aston_martin,6,7,6.0,Finished,0,0,6,0,18.0,2.0,0.0,9.0,12.0,0.0,13.0,13.0,2.0,0.4,0.0,8.0,5.666666666666667,0.3333333333333333,2,10,207.043,0
2025,10,Canadian Grand Prix,villeneuve,hulkenberg,HUL,sauber,11,8,4.0,Finished,0,0,13,0,11.0,16.0,0.0,8.0,16.0,0.0,11.0,12.4,10.0,0.6,-1.833333333333334,14.0,11.0,0.0,2,10,207.043,0
2025,10,Canadian Grand Prix,villeneuve,ocon,OCO,haas,14,9,2.0,Lapped,0,1,15,0,10.0,20.0,0.0,6.0,26.0,0.0,14.333333333333334,13.8,6.0,0.4,-0.5,8.0,8.0,0.0,2,10,207.043,0
2025,10,Canadian Grand Prix,villeneuve,sainz,SAI,williams,16,10,1.0,Lapped,0,1,17,0,12.0,12.0,0.0,5.0,54.0,0.0,10.666666666666666,9.8,5.0,0.2,-0.16666666666666785,4.0,8.5,0.25,2,10,207.043,0
2025,10,Canadian Grand Prix,villeneuve,bearman,BEA,haas,13,11,0.0,Lapped,0,1,14,0,15.0,6.0,0.0,6.0,26.0,0.0,15.333333333333334,15.6,0.0,0.4,0.5,8.0,10.0,0.0,2,10,207.043,0
2025,10,Canadian Grand Prix,villeneuve,tsunoda,TSU,red_bull,18,12,0.0,Lapped,0,1,11,0,17.0,4.0,0.0,4.0,135.0,2.0,13.333333333333334,13.8,1.0,0.4,4.166666666666668,31.0,15.333333333333334,0.0,2,10,207.043,0
2025,10,Canadian Grand Prix,villeneuve,colapinto,COL,alpine,10,13,0.0,Lapped,0,1,12,0,21.0,0.0,0.0,10.0,10.0,0.0,14.666666666666666,16.4,0.0,0.6,0.5,4.0,10.0,0.0,2,10,207.043,0
2025,10,Canadian Grand Prix,villeneuve,bortoleto,BOR,sauber,15,14,0.0,Lapped,0,1,16,0,19.0,0.0,0.0,8.0,16.0,0.0,14.666666666666666,16.0,0.0,0.6,1.8333333333333321,14.0,10.0,0.0,2,10,207.043,0
2025,10,Canadian Grand Prix,villeneuve,gasly,GAS,alpine,20,15,0.0,Lapped,0,1,20,0,14.0,10.0,0.0,10.0,10.0,0.0,13.666666666666666,14.8,4.0,0.4,-0.5,4.0,10.75,0.0,2,10,207.043,0
2025,10,Canadian Grand Prix,villeneuve,hadjar,HAD,rb,12,16,0.0,Lapped,0,1,9,0,9.0,21.0,0.0,7.0,25.0,0.0,7.333333333333333,8.6,16.0,0.2,-1.833333333333333,18.0,10.0,0.0,2,10,207.043,0
2025,10,Canadian Grand Prix,villeneuve,stroll,STR,aston_martin,17,17,0.0,Lapped,0,1,18,0,13.0,10.0,0.0,9.0,12.0,0.0,15.333333333333334,15.8,0.0,0.6,2.333333333333334,8.0,8.75,0.0,2,10,207.043,1
2025,10,Canadian Grand Prix,villeneuve,norris,NOR,mclaren,7,18,0.0,Retired,0,1,7,0,2.0,167.0,2.0,1.0,339.0,7.0,1.6666666666666667,2.2,61.0,0.0,-0.33333333333333326,95.0,12.5,0.25,2,10,207.043,0
2025,10,Canadian Grand Prix,villeneuve,lawson,LAW,rb,19,19,0.0,Retired,0,1,19,0,16.0,4.0,0.0,7.0,25.0,0.0,11.0,12.4,4.0,0.4,1.833333333333334,18.0,10.0,0.0,2,10,207.043,0
2025,10,Canadian Grand Prix,villeneuve,albon,ALB,williams,9,20,0.0,Retired,0,1,10,0,8.0,42.0,0.0,5.0,54.0,0.0,11.0,9.4,12.0,0.4,0.16666666666666607,4.0,14.0,0.0,2,10,207.043,0
2025,11,Austrian Grand Prix,red_bull_ring,norris,NOR,mclaren,1,1,25.0,Finished,1,0,1,1,2.0,167.0,2.0,1.0,351.0,7.0,7.0,5.0,43.0,0.2,2.166666666666667,98.0,6.625,0.25,2,10,207.043,0
2025,11,Austrian Grand Prix,red_bull_ring,piastri,PIA,mclaren,3,2,18.0,Finished,1,0,3,0,1.0,184.0,5.0,1.0,351.0,7.0,2.6666666666666665,2.4,52.0,0.0,-2.1666666666666665,98.0,9.0,0.5,2,10,207.043,0
2025,11,Austrian Grand Prix,red_bull_ring,leclerc,LEC,ferrari,2,3,15.0,Finished,1,0,2,1,5.0,100.0,0.0,3.0,165.0,0.0,3.3333333333333335,4.6,43.0,0.0,-1.1666666666666665,68.0,6.5,0.5,2,10,207.043,0
2025,11,Austrian Grand Prix,red_bull_ring,hamilton,HAM,ferrari,4,4,12.0,Finished,0,0,4,0,6.0,65.0,0.0,3.0,165.0,0.0,5.666666666666667,5.8,26.0,0.0,1.166666666666667,68.0,3.875,0.375,2,10,207.043,0
2025,11,Austrian Grand Prix,red_bull_ring,russell,RUS,mercedes,5,5,10.0,Finished,0,0,5,0,4.0,126.0,1.0,2.0,185.0,1.0,5.333333333333333,5.2,37.0,0.2,-3.833333333333333,62.0,11.375,0.125,2,10,207.043,0
2025,11,Austrian Grand Prix,red_bull_ring,lawson,LAW,rb,6,6,8.0,Finished,0,0,6,0,17.0,4.0,0.0,7.0,25.0,0.0,12.666666666666666,13.8,4.0,0.6,1.5,14.0,10.0,0.0,2,10,207.043,0
2025,11,Austrian Grand Prix,red_bull_ring,alonso,ALO,aston_martin,11,7,6.0,Lapped,0,1,11,0,15.0,8.0,0.0,9.0,18.0,0.0,11.666666666666666,12.2,8.0,0.4,-1.0,14.0,10.4,0.0,2,10,207.043,0
2025,11,Austrian Grand Prix,red_bull_ring,bortoleto,BOR,sauber,8,8,4.0,Lapped,0,1,8,0,19.0,0.0,0.0,8.0,20.0,0.0,13.333333333333334,15.2,0.0,0.6,1.833333333333334,20.0,10.0,0.0,2,10,207.043,0
2025,11,Austrian Grand Prix,red_bull_ring,hulkenberg,HUL,sauber,20,9,2.0,Lapped,0,1,20,0,11.0,20.0,0.0,8.0,20.0,0.0,9.666666666666666,11.0,14.0,0.4,-1.833333333333334,20.0,13.0,0.0,2,10,207.043,0
2025,11,Austrian Grand Prix,red_bull_ring,ocon,OCO,haas,17,10,1.0,Lapped,0,1,17,0,9.0,22.0,0.0,6.0,28.0,0.0,10.666666666666666,12.8,8.0,0.6,-1.333333333333334,3.0,13.0,0.0,2,10,207.043,0
2025,11,Austrian Grand Prix,red_bull_ring,bearman,BEA,haas,15,11,0.0,Lapped,0,1,15,0,16.0,6.0,0.0,6.0,28.0,0.0,13.333333333333334,15.2,0.0,0.6,1.333333333333334,3.0,10.0,0.0,2,10,207.043,0
2025,11,Austrian Grand Prix,red_bull_ring,hadjar,HAD,rb,13,12,0.0,Lapped,0,1,13,0,10.0,21.0,0.0,7.0,25.0,0.0,9.666666666666666,9.8,14.0,0.4,-1.5,14.0,10.0,0.0,2,10,207.043,0
2025,11,Austrian Grand Prix,red_bull_ring,gasly,GAS,alpine,10,13,0.0,Lapped,0,1,10,0,14.0,10.0,0.0,10.0,10.0,0.0,14.333333333333334,13.8,4.0,0.4,0.3333333333333339,4.0,11.625,0.0,2,10,207.043,0
2025,11,Austrian Grand Prix,red_bull_ring,stroll,STR,aston_martin,16,14,0.0,Lapped,0,1,16,0,13.0,10.0,0.0,9.0,18.0,0.0,15.666666666666666,15.8,0.0,0.8,3.0,14.0,11.875,0.0,2,10,207.043,0
2025,11,Austrian Grand Prix,red_bull_ring,colapinto,COL,alpine,14,15,0.0,Lapped,0,1,14,0,21.0,0.0,0.0,10.0,10.0,0.0,13.666666666666666,15.2,0.0,0.6,-0.3333333333333339,4.0,10.0,0.0,2,10,207.043,0
2025,11,Austrian Grand Prix,red_bull_ring,tsunoda,TSU,red_bull,18,16,0.0,Lapped,0,1,18,0,18.0,4.0,0.0,4.0,153.0,2.0,14.0,12.4,0.0,0.4,4.333333333333334,19.0,14.2,0.0,2,10,207.043,0
2025,11,Austrian Grand Prix,red_bull_ring,albon,ALB,williams,12,17,0.0,Retired,0,1,12,0,8.0,42.0,0.0,5.0,55.0,0.0,16.0,11.6,2.0,0.6,2.333333333333334,1.0,11.666666666666666,0.0,2,10,207.043,0
2025,11,Austrian Grand Prix,red_bull_ring,max_verstappen,VER,red_bull,7,18,0.0,Retired,0,1,7,0,3.0,149.0,2.0,4.0,153.0,2.0,5.333333333333333,4.2,31.0,0.0,-4.333333333333333,19.0,4.25,0.75,2,10,207.043,0
2025,11,Austrian Grand Prix,red_bull_ring,antonelli,ANT,mercedes,9,19,0.0,Retired,0,1,9,0,7.0,59.0,0.0,2.0,185.0,1.0,13.0,12.8,15.0,0.6,3.833333333333334,62.0,10.0,0.0,2,10,207.043,0
2025,11,Austrian Grand Prix,red_bull_ring,sainz,SAI,williams,19,20,0.0,Did not start,0,1,19,0,12.0,13.0,0.0,5.0,55.0,0.0,11.333333333333334,10.2,2.0,0.4,-2.333333333333332,1.0,7.5,0.125,2,10,207.043,0
2025,12,British Grand Prix,silverstone,norris,NOR,mclaren,3,1,25.0,Finished,1,0,3,0,2.0,192.0,3.0,1.0,394.0,8.0,7.0,4.8,43.0,0.2,2.333333333333333,98.0,5.714285714285714,0.2857142857142857,2,10,207.043,1
2025,12,British Grand Prix,silverstone,piastri,PIA,mclaren,2,2,18.0,Finished,1,0,2,1,1.0,202.0,5.0,1.0,394.0,8.0,2.3333333333333335,2.6,55.0,0.0,-2.3333333333333335,98.0,4.0,0.0,2,10,207.043,0
2025,12,British Grand Prix,silverstone,hulkenberg,HUL,sauber,19,3,15.0,Finished,1,0,19,0,10.0,22.0,0.0,8.0,26.0,0.0,7.333333333333333,10.0,16.0,0.4,-2.000000000000001,25.0,11.2,0.0,2,10,207.043,0
2025,12,British Grand Prix,silverstone,hamilton,HAM,ferrari,5,4,12.0,Finished,0,0,5,0,6.0,77.0,0.0,3.0,192.0,0.0,5.333333333333333,5.0,28.0,0.0,0.833333333333333,57.0,1.7142857142857142,1.0,2,10,207.043,1
2025,12,British Grand Prix,silverstone,max_verstappen,VER,red_bull,1,5,10.0,Finished,0,0,1,1,3.0,149.0,2.0,4.0,153.0,2.0,10.0,7.0,19.0,0.2,-1.833333333333334,28.0,5.428571428571429,0.5714285714285714,2,10,207.043,0
2025,12,British Grand Prix,silverstone,gasly,GAS,alpine,8,6,8.0,Finished,0,0,10,0,15.0,10.0,0.0,10.0,10.0,0.0,12.0,13.8,4.0,0.6,-1.166666666666666,8.0,12.428571428571429,0.0,2,10,207.043,0
2025,12,British Grand Prix,silverstone,stroll,STR,aston_martin,17,7,6.0,Finished,0,0,18,0,16.0,10.0,0.0,9.0,24.0,0.0,15.333333333333334,15.4,0.0,0.8,4.833333333333334,20.0,9.714285714285714,0.0,2,10,207.043,0
2025,12,British Grand Prix,silverstone,albon,ALB,williams,13,8,4.0,Finished,0,0,14,0,8.0,42.0,0.0,5.0,55.0,0.0,18.666666666666668,14.0,0.0,0.8,2.0,5.0,10.333333333333334,0.0,2,10,207.043,0
2025,12,British Grand Prix,silverstone,alonso,ALO,aston_martin,7,9,2.0,Finished,0,0,9,0,12.0,14.0,0.0,9.0,24.0,0.0,7.666666666666667,10.6,14.0,0.4,-2.833333333333333,20.0,6.75,0.0,2,10,207.043,0
2025,12,British Grand Prix,silverstone,russell,RUS,mercedes,4,10,1.0,Finished,0,0,4,0,4.0,136.0,1.0,2.0,195.0,1.0,3.3333333333333335,5.6,47.0,0.2,-5.0,51.0,14.0,0.0,2,10,207.043,1
2025,12,British Grand Prix,silverstone,bearman,BEA,haas,18,11,0.0,Finished,0,0,8,0,17.0,6.0,0.0,7.0,29.0,0.0,13.0,13.6,0.0,0.6,0.6666666666666661,3.0,10.0,0.0,2,10,207.043,0
2025,12,British Grand Prix,silverstone,sainz,SAI,williams,9,12,0.0,Finished,0,0,11,0,13.0,13.0,0.0,5.0,55.0,0.0,14.666666666666666,12.4,1.0,0.6,-2.0000000000000018,5.0,7.714285714285714,0.14285714285714285,2,10,207.043,0
2025,12,British Grand Prix,silverstone,ocon,OCO,haas,14,13,0.0,Finished,0,0,15,0,9.0,23.0,0.0,7.0,29.0,0.0,11.666666666666666,12.4,3.0,0.8,-0.6666666666666679,3.0,12.333333333333334,0.0,2,10,207.043,0
2025,12,British Grand Prix,silverstone,leclerc,LEC,ferrari,6,14,0.0,Finished,0,0,6,0,5.0,115.0,0.0,3.0,192.0,0.0,3.6666666666666665,3.8,40.0,0.0,-0.8333333333333335,57.0,5.571428571428571,0.42857142857142855,2,10,207.043,0
2025,12,British Grand Prix,silverstone,tsunoda,TSU,red_bull,11,15,0.0,Lapped,0,1,12,0,19.0,4.0,0.0,4.0,153.0,2.0,13.666666666666666,13.6,0.0,0.6,1.8333333333333321,28.0,12.5,0.0,2,10,207.043,0
2025,12,British Grand Prix,silverstone,antonelli,ANT,mercedes,10,16,0.0,Retired,0,1,7,0,7.0,59.0,0.0,2.0,195.0,1.0,13.333333333333334,15.4,15.0,0.8,5.0,51.0,10.0,0.0,2,10,207.043,0
2025,12,British Grand Prix,silverstone,hadjar,HAD,rb,12,17,0.0,Retired,0,1,13,0,11.0,21.0,0.0,6.0,33.0,0.0,11.666666666666666,10.0,6.0,0.6,-0.16666666666666785,8.0,10.0,0.0,2,10,207.043,0
2025,12,British Grand Prix,silverstone,bortoleto,BOR,sauber,16,18,0.0,Retired,0,1,17,0,18.0,4.0,0.0,8.0,26.0,0.0,11.333333333333334,13.2,4.0,0.6,2.0,25.0,10.0,0.0,2,10,207.043,0
2025,12,British Grand Prix,silverstone,lawson,LAW,rb,15,19,0.0,Retired,0,1,16,0,14.0,12.0,0.0,6.0,33.0,0.0,12.0,11.6,8.0,0.4,0.16666666666666607,8.0,10.0,0.0,2,10,207.043,0
2025,12,British Grand Prix,silverstone,colapinto,COL,alpine,20,20,0.0,Did not start,0,1,20,0,21.0,0.0,0.0,10.0,10.0,0.0,14.333333333333334,14.4,0.0,0.6,1.1666666666666679,8.0,10.0,0.0,2,10,207.043,0
2025,13,Belgian Grand Prix,spa,piastri,PIA,mclaren,2,1,25.0,Finished,1,0,2,1,1.0,220.0,5.0,1.0,437.0,9.0,2.6666666666666665,2.4,48.0,0.0,-2.0000000000000004,129.0,11.0,0.5,2,10,207.043,0
2025,13,Belgian Grand Prix,spa,norris,NOR,mclaren,1,2,18.0,Finished,1,0,1,1,2.0,217.0,4.0,1.0,437.0,9.0,6.666666666666667,4.6,50.0,0.2,2.0,129.0,9.333333333333334,0.0,2,10,207.043,0
2025,13,Belgian Grand Prix,spa,leclerc,LEC,ferrari,3,3,15.0,Finished,1,0,3,0,5.0,115.0,0.0,2.0,204.0,0.0,7.333333333333333,5.4,25.0,0.0,1.333333333333333,60.0,5.833333333333333,0.5,2,10,207.043,0
2025,13,Belgian Grand Prix,spa,max_verstappen,VER,red_bull,4,4,12.0,Finished,0,0,4,0,3.0,159.0,2.0,4.0,163.0,2.0,8.333333333333334,7.8,28.0,0.2,-3.0,22.0,5.0,0.6666666666666666,2,10,207.043,0
2025,13,Belgian Grand Prix,spa,russell,RUS,mercedes,6,5,10.0,Finished,0,0,6,0,4.0,137.0,1.0,3.0,196.0,1.0,5.333333333333333,6.2,36.0,0.2,-3.666666666666667,21.0,11.0,0.16666666666666666,2,10,207.043,0
2025,13,Belgian Grand Prix,spa,albon,ALB,williams,5,6,8.0,Finished,0,0,5,0,8.0,46.0,0.0,5.0,59.0,0.0,15.0,14.6,4.0,0.8,0.5,12.0,9.4,0.0,2,10,207.043,0
2025,13,Belgian Grand Prix,spa,hamilton,HAM,ferrari,18,7,6.0,Finished,0,0,16,0,6.0,89.0,0.0,2.0,204.0,0.0,4.666666666666667,5.0,32.0,0.0,-1.333333333333333,60.0,5.166666666666667,0.6666666666666666,2,10,207.043,0
2025,13,Belgian Grand Prix,spa,lawson,LAW,rb,9,8,4.0,Finished,0,0,9,0,16.0,12.0,0.0,7.0,33.0,0.0,14.666666666666666,12.6,8.0,0.6,-0.16666666666666785,12.0,10.0,0.0,2,10,207.043,0
2025,13,Belgian Grand Prix,spa,bortoleto,BOR,sauber,10,9,2.0,Finished,0,0,10,0,18.0,4.0,0.0,6.0,41.0,0.0,13.333333333333334,13.2,4.0,0.8,3.333333333333334,23.0,10.0,0.0,2,10,207.043,0
2025,13,Belgian Grand Prix,spa,gasly,GAS,alpine,13,10,1.0,Finished,0,0,13,0,12.0,18.0,0.0,10.0,18.0,0.0,11.333333333333334,12.4,8.0,0.6,-2.333333333333332,9.0,9.333333333333334,0.0,2,10,207.043,0
2025,13,Belgian Grand Prix,spa,bearman,BEA,haas,12,11,0.0,Finished,0,0,12,0,17.0,6.0,0.0,9.0,29.0,0.0,11.0,12.4,0.0,0.6,0.16666666666666607,1.0,10.0,0.0,2,10,207.043,0
2025,13,Belgian Grand Prix,spa,hulkenberg,HUL,sauber,14,12,0.0,Finished,0,0,14,0,9.0,37.0,0.0,6.0,41.0,0.0,6.666666666666667,8.2,21.0,0.4,-3.333333333333333,23.0,14.666666666666666,0.0,2,10,207.043,0
2025,13,Belgian Grand Prix,spa,tsunoda,TSU,red_bull,7,13,0.0,Finished,0,0,7,0,19.0,4.0,0.0,4.0,163.0,2.0,14.333333333333334,14.6,0.0,0.8,3.0,22.0,13.5,0.0,2,10,207.043,0
2025,13,Belgian Grand Prix,spa,stroll,STR,aston_martin,16,14,0.0,Finished,0,0,20,0,14.0,16.0,0.0,8.0,32.0,0.0,12.666666666666666,13.6,6.0,0.6,2.5,14.0,11.666666666666666,0.0,2,10,207.043,0
2025,13,Belgian Grand Prix,spa,ocon,OCO,haas,11,15,0.0,Finished,0,0,11,0,10.0,23.0,0.0,9.0,29.0,0.0,10.666666666666666,11.0,3.0,0.6,-0.16666666666666785,1.0,7.2,0.0,2,10,207.043,0
2025,13,Belgian Grand Prix,spa,antonelli,ANT,mercedes,19,16,0.0,Finished,0,0,18,0,7.0,59.0,0.0,3.0,196.0,1.0,12.666666666666666,14.8,15.0,0.8,3.666666666666666,21.0,10.0,0.0,2,10,207.043,0
2025,13,Belgian Grand Prix,spa,alonso,ALO,aston_martin,20,17,0.0,Finished,0,0,19,0,13.0,16.0,0.0,8.0,32.0,0.0,7.666666666666667,10.2,14.0,0.4,-2.499999999999999,14.0,7.25,0.0,2,10,207.043,0
2025,13,Belgian Grand Prix,spa,sainz,SAI,williams,17,18,0.0,Finished,0,0,15,0,15.0,13.0,0.0,5.0,59.0,0.0,14.0,13.2,1.0,0.6,-0.5,12.0,12.833333333333334,0.16666666666666666,2,10,207.043,0
2025,13,Belgian Grand Prix,spa,colapinto,COL,alpine,15,19,0.0,Finished,0,0,17,0,21.0,0.0,0.0,10.0,18.0,0.0,16.0,15.2,0.0,0.8,2.333333333333334,9.0,10.0,0.0,2,10,207.043,0
2025,13,Belgian Grand Prix,spa,hadjar,HAD,rb,8,20,0.0,Lapped,0,1,8,0,11.0,21.0,0.0,7.0,33.0,0.0,15.0,11.6,0.0,0.8,0.16666666666666607,12.0,10.0,0.0,2,10,207.043,0
2025,14,Hungarian Grand Prix,hungaroring,norris,NOR,mclaren,3,1,25.0,Finished,1,0,3,0,2.0,235.0,4.0,1.0,480.0,10.0,1.3333333333333333,4.8,68.0,0.2,-0.16666666666666674,129.0,8.0,0.3333333333333333,2,10,207.043,0
2025,14,Hungarian Grand Prix,hungaroring,piastri,PIA,mclaren,2,2,18.0,Finished,1,0,2,1,1.0,245.0,6.0,1.0,480.0,10.0,1.6666666666666667,2.0,61.0,0.0,0.16666666666666674,129.0,3.0,0.5,2,10,207.043,0
2025,14,Hungarian Grand Prix,hungaroring,russell,RUS,mercedes,4,3,15.0,Finished,1,0,4,0,4.0,147.0,1.0,3.0,206.0,1.0,6.666666666666667,5.0,21.0,0.0,-5.166666666666667,27.0,9.833333333333334,0.16666666666666666,2,10,207.043,0
2025,14,Hungarian Grand Prix,hungaroring,leclerc,LEC,ferrari,1,4,12.0,Finished,0,0,1,1,5.0,130.0,0.0,2.0,225.0,0.0,6.666666666666667,5.6,30.0,0.0,0.8333333333333339,45.0,8.333333333333334,0.0,2,10,207.043,0
2025,14,Hungarian Grand Prix,hungaroring,alonso,ALO,aston_martin,5,5,10.0,Finished,0,0,5,0,13.0,16.0,0.0,8.0,32.0,0.0,11.0,9.8,8.0,0.2,-0.3333333333333339,24.0,8.0,0.0,2,10,207.043,0
2025,14,Hungarian Grand Prix,hungaroring,bortoleto,BOR,sauber,7,6,8.0,Finished,0,0,7,0,18.0,6.0,0.0,6.0,43.0,0.0,11.666666666666666,12.2,6.0,0.6,1.8333333333333321,25.0,10.0,0.0,2,10,207.043,0
2025,14,Hungarian Grand Prix,hungaroring,stroll,STR,aston_martin,6,7,6.0,Finished,0,0,6,0,15.0,16.0,0.0,8.0,32.0,0.0,11.666666666666666,13.4,6.0,0.6,0.33333333333333215,24.0,11.833333333333334,0.0,2,10,207.043,0
2025,14,Hungarian Grand Prix,hungaroring,lawson,LAW,rb,9,8,4.0,Finished,0,0,9,0,14.0,16.0,0.0,7.0,37.0,0.0,11.0,12.6,12.0,0.4,-2.666666666666666,8.0,10.0,0.0,2,10,207.043,0
2025,14,Hungarian Grand Prix,hungaroring,max_verstappen,VER,red_bull,8,9,2.0,Finished,0,0,8,0,3.0,171.0,2.0,4.0,175.0,2.0,9.0,7.8,22.0,0.2,-2.833333333333334,24.0,3.3333333333333335,0.6666666666666666,2,10,207.043,0
2025,14,Hungarian Grand Prix,hungaroring,antonelli,ANT,mercedes,15,10,1.0,Lapped,0,1,15,0,7.0,59.0,0.0,3.0,206.0,1.0,17.0,14.4,0.0,0.6,5.166666666666666,27.0,10.0,0.0,2,10,207.043,0
2025,14,Hungarian Grand Prix,hungaroring,hadjar,HAD,rb,10,11,0.0,Lapped,0,1,10,0,11.0,21.0,0.0,7.0,37.0,0.0,16.333333333333332,14.4,0.0,0.8,2.666666666666666,8.0,10.0,0.0,2,10,207.043,0
2025,14,Hungarian Grand Prix,hungaroring,hamilton,HAM,ferrari,12,12,0.0,Lapped,0,1,12,0,6.0,95.0,0.0,2.0,225.0,0.0,5.0,5.4,30.0,0.0,-0.833333333333333,45.0,2.1666666666666665,0.8333333333333334,2,10,207.043,0
2025,14,Hungarian Grand Prix,hungaroring,hulkenberg,HUL,sauber,18,13,0.0,Lapped,0,1,19,0,9.0,37.0,0.0,6.0,43.0,0.0,8.0,7.4,17.0,0.2,-1.833333333333334,25.0,13.0,0.0,2,10,207.043,0
2025,14,Hungarian Grand Prix,hungaroring,sainz,SAI,williams,13,14,0.0,Lapped,0,1,13,0,16.0,13.0,0.0,5.0,67.0,0.0,16.666666666666668,14.8,0.0,0.4,3.166666666666668,12.0,5.833333333333333,0.16666666666666666,2,10,207.043,0
2025,14,Hungarian Grand Prix,hungaroring,albon,ALB,williams,19,15,0.0,Lapped,0,1,20,0,8.0,54.0,0.0,5.0,67.0,0.0,10.333333333333334,14.0,12.0,0.6,-3.166666666666666,12.0,11.4,0.0,2,10,207.043,0
2025,14,Hungarian Grand Prix,hungaroring,ocon,OCO,haas,17,16,0.0,Lapped,0,1,18,0,10.0,23.0,0.0,9.0,29.0,0.0,12.666666666666666,12.6,1.0,0.4,0.8333333333333321,0.0,12.2,0.2,2,10,207.043,0
2025,14,Hungarian Grand Prix,hungaroring,tsunoda,TSU,red_bull,20,17,0.0,Lapped,0,1,16,0,19.0,4.0,0.0,4.0,175.0,2.0,14.666666666666666,13.8,0.0,0.6,2.833333333333332,24.0,12.25,0.0,2,10,207.043,0
2025,14,Hungarian Grand Prix,hungaroring,colapinto,COL,alpine,14,18,0.0,Lapped,0,1,14,0,21.0,0.0,0.0,10.0,19.0,0.0,18.0,16.4,0.0,0.6,4.166666666666666,9.0,10.0,0.0,2,10,207.043,0
2025,14,Hungarian Grand Prix,hungaroring,gasly,GAS,alpine,16,19,0.0,Lapped,0,1,17,0,12.0,19.0,0.0,10.0,19.0,0.0,9.666666666666666,10.4,9.0,0.4,-4.166666666666668,9.0,13.833333333333334,0.0,2,10,207.043,0
2025,14,Hungarian Grand Prix,hungaroring,bearman,BEA,haas,11,20,0.0,Retired,0,1,11,0,17.0,6.0,0.0,9.0,29.0,0.0,11.0,12.2,0.0,0.4,-0.8333333333333339,0.0,10.0,0.0,2,10,207.043,0
2025,15,Dutch Grand Prix,zandvoort,piastri,PIA,mclaren,1,1,25.0,Finished,1,0,1,1,1.0,263.0,6.0,1.0,523.0,11.0,1.6666666666666667,2.2,61.0,0.0,0.16666666666666674,111.0,6.5,0.0,2,10,207.043,0
2025,15,Dutch Grand Prix,zandvoort,max_verstappen,VER,red_bull,3,2,18.0,Finished,1,0,3,0,3.0,173.0,2.0,4.0,177.0,2.0,6.0,7.6,24.0,0.2,-4.5,34.0,1.25,1.0,2,10,207.043,0
2025,15,Dutch Grand Prix,zandvoort,hadjar,HAD,rb,4,3,15.0,Finished,1,0,4,0,13.0,21.0,0.0,8.0,41.0,0.0,16.0,15.2,0.0,1.0,2.166666666666666,23.0,10.0,0.0,2,10,207.043,0
2025,15,Dutch Grand Prix,zandvoort,russell,RUS,mercedes,5,4,12.0,Finished,0,0,5,0,4.0,162.0,1.0,3.0,222.0,1.0,6.0,4.8,26.0,0.0,-4.0,38.0,10.75,0.25,2,10,207.043,0
2025,15,Dutch Grand Prix,zandvoort,albon,ALB,williams,15,5,10.0,Finished,0,0,15,0,8.0,54.0,0.0,5.0,67.0,0.0,9.666666666666666,13.2,12.0,0.6,-2.5,18.0,11.333333333333334,0.0,2,10,207.043,0
2025,15,Dutch Grand Prix,zandvoort,bearman,BEA,haas,20,6,8.0,Finished,0,0,19,0,18.0,6.0,0.0,9.0,29.0,0.0,14.0,12.8,0.0,0.6,-0.3333333333333339,9.0,10.0,0.0,2,10,207.043,0
2025,15,Dutch Grand Prix,zandvoort,stroll,STR,aston_martin,19,7,6.0,Finished,0,0,20,0,12.0,22.0,0.0,7.0,48.0,0.0,9.333333333333334,11.8,12.0,0.4,-0.5,26.0,11.5,0.0,2,10,207.043,0
2025,15,Dutch Grand Prix,zandvoort,alonso,ALO,aston_martin,10,8,4.0,Finished,0,0,10,0,10.0,26.0,0.0,7.0,48.0,0.0,10.333333333333334,9.0,12.0,0.2,0.5,26.0,6.0,0.25,2,10,207.043,0
2025,15,Dutch Grand Prix,zandvoort,tsunoda,TSU,red_bull,12,9,2.0,Finished,0,0,12,0,19.0,4.0,0.0,4.0,177.0,2.0,15.0,14.6,0.0,0.8,4.5,34.0,17.75,0.0,2,10,207.043,0
2025,15,Dutch Grand Prix,zandvoort,ocon,OCO,haas,18,10,1.0,Finished,0,0,18,0,11.0,23.0,0.0,9.0,29.0,0.0,14.666666666666666,12.6,0.0,0.6,0.33333333333333215,9.0,10.75,0.0,2,10,207.043,0
2025,15,Dutch Grand Prix,zandvoort,colapinto,COL,alpine,16,11,0.0,Finished,0,0,16,0,21.0,0.0,0.0,10.0,19.0,0.0,19.0,17.0,0.0,0.8,3.666666666666666,1.0,10.0,0.0,2,10,207.043,0
2025,15,Dutch Grand Prix,zandvoort,lawson,LAW,rb,8,12,0.0,Finished,0,0,8,0,14.0,20.0,0.0,8.0,41.0,0.0,11.666666666666666,12.0,8.0,0.4,-2.166666666666668,23.0,13.0,0.0,2,10,207.043,0
2025,15,Dutch Grand Prix,zandvoort,sainz,SAI,williams,9,13,0.0,Finished,0,0,9,0,17.0,13.0,0.0,5.0,67.0,0.0,14.666666666666666,14.8,0.0,0.6,2.5,18.0,6.25,0.0,2,10,207.043,0
2025,15,Dutch Grand Prix,zandvoort,hulkenberg,HUL,sauber,17,14,0.0,Finished,0,0,17,0,9.0,37.0,0.0,6.0,51.0,0.0,9.333333333333334,9.0,15.0,0.4,-0.8333333333333321,10.0,11.5,0.0,2,10,207.043,0
2025,15,Dutch Grand Prix,zandvoort,bortoleto,BOR,sauber,13,15,0.0,Finished,0,0,13,0,16.0,14.0,0.0,6.0,51.0,0.0,11.0,11.0,10.0,0.6,0.8333333333333339,10.0,10.0,0.0,2,10,207.043,0
2025,15,Dutch Grand Prix,zandvoort,antonelli,ANT,mercedes,11,16,0.0,Finished,0,0,11,0,7.0,60.0,0.0,3.0,222.0,1.0,14.0,12.8,1.0,0.6,4.0,38.0,10.0,0.0,2,10,207.043,0
2025,15,Dutch Grand Prix,zandvoort,gasly,GAS,alpine,14,17,0.0,Finished,0,0,14,0,15.0,19.0,0.0,10.0,19.0,0.0,11.666666666666666,12.6,9.0,0.6,-3.666666666666668,1.0,6.75,0.25,2,10,207.043,0
2025,15,Dutch Grand Prix,zandvoort,norris,NOR,mclaren,2,18,0.0,Retired,0,1,2,1,2.0,260.0,5.0,1.0,523.0,11.0,1.3333333333333333,4.6,68.0,0.2,-0.16666666666666674,111.0,6.25,0.25,2,10,207.043,0
2025,15,Dutch Grand Prix,zandvoort,leclerc,LEC,ferrari,6,19,0.0,Retired,0,1,6,0,5.0,142.0,0.0,2.0,237.0,0.0,7.0,5.8,27.0,0.0,-0.33333333333333304,33.0,7.5,0.5,2,10,207.043,0
2025,15,Dutch Grand Prix,zandvoort,hamilton,HAM,ferrari,7,20,0.0,Retired,0,1,7,0,6.0,95.0,0.0,2.0,237.0,0.0,7.666666666666667,6.6,18.0,0.2,0.3333333333333339,33.0,5.0,0.25,2,10,207.043,0
2025,16,Italian Grand Prix,monza,max_verstappen,VER,red_bull,1,1,25.0,Finished,1,0,1,1,3.0,191.0,2.0,4.0,197.0,2.0,5.0,7.6,32.0,0.2,-4.0,47.0,8.5,0.3333333333333333,2,10,207.043,0
2025,16,Italian Grand Prix,monza,norris,NOR,mclaren,2,2,18.0,Finished,1,0,2,1,2.0,260.0,5.0,1.0,548.0,12.0,7.0,4.6,43.0,0.2,2.833333333333333,101.0,5.666666666666667,0.3333333333333333,2,10,207.043,0
2025,16,Italian Grand Prix,monza,piastri,PIA,mclaren,3,3,15.0,Finished,1,0,3,0,1.0,288.0,7.0,1.0,548.0,12.0,1.3333333333333333,1.6,68.0,0.0,-2.833333333333334,101.0,7.0,0.5,2,10,207.043,0
2025,16,Italian Grand Prix,monza,leclerc,LEC,ferrari,4,4,12.0,Finished,0,0,4,0,5.0,142.0,0.0,2.0,237.0,0.0,8.666666666666666,8.6,27.0,0.2,-2.166666666666668,32.0,5.0,0.5,2,10,207.043,0
2025,16,Italian Grand Prix,monza,russell,RUS,mercedes,5,5,10.0,Finished,0,0,6,0,4.0,174.0,1.0,3.0,234.0,1.0,4.0,5.4,37.0,0.0,-5.0,40.0,8.666666666666666,0.16666666666666666,2,10,207.043,0
2025,16,Italian Grand Prix,monza,hamilton,HAM,ferrari,10,6,8.0,Finished,0,0,5,0,6.0,95.0,0.0,2.0,237.0,0.0,13.0,9.4,6.0,0.4,2.166666666666666,32.0,7.166666666666667,0.16666666666666666,2,10,207.043,0
2025,16,Italian Grand Prix,monza,albon,ALB,williams,14,7,6.0,Finished,0,0,14,0,7.0,64.0,0.0,5.0,77.0,0.0,8.666666666666666,10.2,18.0,0.4,-3.166666666666668,16.0,9.25,0.0,2,10,207.043,0
2025,16,Italian Grand Prix,monza,bortoleto,BOR,sauber,7,8,4.0,Finished,0,0,8,0,16.0,14.0,0.0,8.0,51.0,0.0,10.0,11.2,10.0,0.4,-1.5,12.0,10.0,0.0,2,10,207.043,0
2025,16,Italian Grand Prix,monza,antonelli,ANT,mercedes,6,9,2.0,Finished,0,0,7,0,8.0,60.0,0.0,3.0,234.0,1.0,14.0,15.4,1.0,0.6,5.0,40.0,10.0,0.0,2,10,207.043,1
2025,16,Italian Grand Prix,monza,hadjar,HAD,rb,19,10,1.0,Finished,0,0,16,0,10.0,36.0,0.0,7.0,56.0,0.0,11.333333333333334,12.6,15.0,0.8,1.0,20.0,10.0,0.0,2,10,207.043,0
2025,16,Italian Grand Prix,monza,sainz,SAI,williams,13,11,0.0,Finished,0,0,13,0,18.0,13.0,0.0,5.0,77.0,0.0,15.0,15.4,0.0,0.4,3.166666666666666,16.0,6.5,0.3333333333333333,2,10,207.043,0
2025,16,Italian Grand Prix,monza,bearman,BEA,haas,11,12,0.0,Finished,0,0,11,0,17.0,14.0,0.0,9.0,38.0,0.0,12.333333333333334,11.8,8.0,0.4,-0.6666666666666661,9.0,10.0,0.0,2,10,207.043,0
2025,16,Italian Grand Prix,monza,tsunoda,TSU,red_bull,9,13,0.0,Finished,0,0,10,0,19.0,6.0,0.0,4.0,197.0,2.0,13.0,14.0,2.0,0.6,4.0,47.0,18.5,0.0,2,10,207.043,0
2025,16,Italian Grand Prix,monza,lawson,LAW,rb,18,14,0.0,Finished,0,0,20,0,14.0,20.0,0.0,7.0,56.0,0.0,9.333333333333334,10.6,8.0,0.2,-1.0,20.0,11.0,0.0,2,10,207.043,0
2025,16,Italian Grand Prix,monza,ocon,OCO,haas,15,15,0.0,Lapped,0,1,15,0,13.0,24.0,0.0,9.0,38.0,0.0,13.666666666666666,12.8,1.0,0.4,0.6666666666666661,9.0,12.4,0.0,2,10,207.043,0
2025,16,Italian Grand Prix,monza,gasly,GAS,alpine,20,16,0.0,Lapped,0,1,19,0,15.0,19.0,0.0,10.0,19.0,0.0,15.333333333333334,13.0,1.0,0.4,-0.33333333333333215,0.0,11.5,0.16666666666666666,2,10,207.043,0
2025,16,Italian Grand Prix,monza,colapinto,COL,alpine,17,17,0.0,Lapped,0,1,18,0,21.0,0.0,0.0,10.0,19.0,0.0,16.0,16.6,0.0,0.6,0.3333333333333339,0.0,12.0,0.0,2,10,207.043,0
2025,16,Italian Grand Prix,monza,stroll,STR,aston_martin,16,18,0.0,Lapped,0,1,17,0,12.0,28.0,0.0,6.0,58.0,0.0,9.333333333333334,9.8,12.0,0.2,-0.33333333333333215,26.0,12.5,0.16666666666666666,2,10,207.043,0
2025,16,Italian Grand Prix,monza,alonso,ALO,aston_martin,8,19,0.0,Retired,0,1,9,0,11.0,30.0,0.0,6.0,58.0,0.0,10.0,9.2,14.0,0.2,0.3333333333333339,26.0,11.75,0.0,2,10,207.043,0
2025,16,Italian Grand Prix,monza,hulkenberg,HUL,sauber,12,20,0.0,Did not start,0,1,12,0,9.0,37.0,0.0,8.0,51.0,0.0,13.0,10.2,0.0,0.4,1.5,12.0,13.0,0.0,2,10,207.043,0
2025,17,Azerbaijan Grand Prix,baku,max_verstappen,VER,red_bull,1,1,25.0,Finished,1,0,1,1,3.0,216.0,3.0,4.0,222.0,3.0,4.0,4.2,45.0,0.0,-4.5,78.0,6.0,0.4,2,10,207.043,0
2025,17,Azerbaijan Grand Prix,baku,russell,RUS,mercedes,5,2,18.0,Finished,1,0,5,0,4.0,184.0,1.0,3.0,246.0,1.0,4.0,5.4,37.0,0.0,-3.833333333333333,54.0,9.2,0.4,2,10,207.043,0
2025,17,Azerbaijan Grand Prix,baku,sainz,SAI,williams,2,3,15.0,Finished,1,0,2,1,18.0,13.0,0.0,5.0,83.0,0.0,12.666666666666666,13.6,0.0,0.2,1.8333333333333321,31.0,11.6,0.0,2,10,207.043,0
2025,17,Azerbaijan Grand Prix,baku,antonelli,ANT,mercedes,4,4,12.0,Finished,0,0,4,0,8.0,62.0,0.0,3.0,246.0,1.0,11.666666666666666,13.4,3.0,0.4,3.833333333333333,54.0,10.0,0.0,2,10,207.043,0
2025,17,Azerbaijan Grand Prix,baku,lawson,LAW,rb,3,5,10.0,Finished,0,0,3,0,14.0,20.0,0.0,7.0,57.0,0.0,11.333333333333334,12.2,4.0,0.2,1.6666666666666679,27.0,10.0,0.0,2,10,207.043,0
2025,17,Azerbaijan Grand Prix,baku,tsunoda,TSU,red_bull,6,6,8.0,Finished,0,0,6,0,19.0,6.0,0.0,4.0,222.0,3.0,13.0,13.4,2.0,0.4,4.5,78.0,12.5,0.0,2,10,207.043,0
2025,17,Azerbaijan Grand Prix,baku,norris,NOR,mclaren,7,7,6.0,Finished,0,0,7,0,2.0,278.0,5.0,1.0,581.0,12.0,7.0,4.8,43.0,0.2,2.5,64.0,7.0,0.0,2,10,207.043,0
2025,17,Azerbaijan Grand Prix,baku,hamilton,HAM,ferrari,12,8,4.0,Finished,0,0,12,0,6.0,103.0,0.0,2.0,257.0,0.0,12.666666666666666,9.8,8.0,0.4,1.8333333333333321,26.0,7.2,0.2,2,10,207.043,0
2025,17,Azerbaijan Grand Prix,baku,leclerc,LEC,ferrari,10,9,2.0,Finished,0,0,10,0,5.0,154.0,0.0,2.0,257.0,0.0,9.0,8.8,24.0,0.2,-1.833333333333334,26.0,6.6,0.4,2,10,207.043,0
2025,17,Azerbaijan Grand Prix,baku,hadjar,HAD,rb,8,10,1.0,Finished,0,0,8,0,9.0,37.0,0.0,7.0,57.0,0.0,8.0,12.2,16.0,0.6,-1.666666666666666,27.0,10.0,0.0,2,10,207.043,0
2025,17,Azerbaijan Grand Prix,baku,bortoleto,BOR,sauber,13,11,0.0,Finished,0,0,13,0,16.0,18.0,0.0,8.0,55.0,0.0,9.666666666666666,11.2,12.0,0.2,-3.0,4.0,10.0,0.0,2,10,207.043,0
2025,17,Azerbaijan Grand Prix,baku,bearman,BEA,haas,15,12,0.0,Finished,0,0,15,0,17.0,14.0,0.0,9.0,38.0,0.0,12.666666666666666,12.0,8.0,0.2,-0.5,9.0,10.0,0.0,2,10,207.043,0
2025,17,Azerbaijan Grand Prix,baku,albon,ALB,williams,19,13,0.0,Finished,0,0,19,0,7.0,70.0,0.0,5.0,83.0,0.0,9.0,8.2,16.0,0.2,-1.833333333333334,31.0,10.5,0.0,2,10,207.043,0
2025,17,Azerbaijan Grand Prix,baku,ocon,OCO,haas,20,14,0.0,Finished,0,0,20,0,13.0,24.0,0.0,9.0,38.0,0.0,13.666666666666666,13.8,1.0,0.4,0.5,9.0,15.0,0.0,2,10,207.043,0
2025,17,Azerbaijan Grand Prix,baku,alonso,ALO,aston_martin,11,15,0.0,Finished,0,0,11,0,11.0,30.0,0.0,6.0,58.0,0.0,10.666666666666666,11.6,14.0,0.2,0.0,10.0,5.75,0.0,2,10,207.043,0
2025,17,Azerbaijan Grand Prix,baku,hulkenberg,HUL,sauber,17,16,0.0,Finished,0,0,17,0,10.0,37.0,0.0,8.0,55.0,0.0,15.666666666666666,12.4,0.0,0.4,3.0,4.0,14.0,0.0,2,10,207.043,0
2025,17,Azerbaijan Grand Prix,baku,stroll,STR,aston_martin,14,17,0.0,Finished,0,0,14,0,12.0,28.0,0.0,6.0,58.0,0.0,10.666666666666666,10.6,12.0,0.2,0.0,10.0,14.0,0.0,2,10,207.043,0
2025,17,Azerbaijan Grand Prix,baku,gasly,GAS,alpine,18,18,0.0,Lapped,0,1,18,0,15.0,19.0,0.0,10.0,19.0,0.0,17.333333333333332,13.6,0.0,0.4,1.0,0.0,10.2,0.2,2,10,207.043,0
2025,17,Azerbaijan Grand Prix,baku,colapinto,COL,alpine,16,19,0.0,Lapped,0,1,16,0,21.0,0.0,0.0,10.0,19.0,0.0,15.333333333333334,17.0,0.0,0.6,-0.9999999999999982,0.0,8.0,0.0,2,10,207.043,0
2025,17,Azerbaijan Grand Prix,baku,piastri,PIA,mclaren,9,20,0.0,Retired,0,1,9,0,1.0,303.0,7.0,1.0,581.0,12.0,2.0,1.8,58.0,0.0,-2.5,64.0,6.0,0.5,2,10,207.043,0
2025,18,Singapore Grand Prix,marina_bay,russell,RUS,mercedes,1,1,25.0,Finished,1,0,1,1,4.0,202.0,1.0,2.0,276.0,1.0,3.6666666666666665,3.8,40.0,0.0,-3.0000000000000004,77.0,13.5,0.0,2,10,207.043,0
2025,18,Singapore Grand Prix,marina_bay,max_verstappen,VER,red_bull,2,2,18.0,Finished,1,0,2,1,3.0,241.0,4.0,4.0,255.0,4.0,1.3333333333333333,3.4,68.0,0.0,-4.0,76.0,4.25,0.5,2,10,207.043,0
2025,18,Singapore Grand Prix,marina_bay,norris,NOR,mclaren,5,3,15.0,Finished,1,0,5,0,2.0,284.0,5.0,1.0,587.0,12.0,9.0,6.0,24.0,0.2,0.5,66.0,3.5,0.5,2,10,207.043,0
2025,18,Singapore Grand Prix,marina_bay,piastri,PIA,mclaren,3,4,12.0,Finished,0,0,3,0,1.0,303.0,7.0,1.0,587.0,12.0,8.0,5.4,40.0,0.2,-0.5,66.0,5.0,0.5,2,10,207.043,0
2025,18,Singapore Grand Prix,marina_bay,antonelli,ANT,mercedes,4,5,10.0,Finished,0,0,4,0,7.0,74.0,0.0,2.0,276.0,1.0,9.666666666666666,11.0,14.0,0.2,2.999999999999999,77.0,10.0,0.0,2,10,207.043,0
2025,18,Singapore Grand Prix,marina_bay,leclerc,LEC,ferrari,7,6,8.0,Finished,0,0,7,0,5.0,156.0,0.0,3.0,263.0,0.0,10.666666666666666,7.8,14.0,0.2,-0.3333333333333339,38.0,3.25,0.5,2,10,207.043,0
2025,18,Singapore Grand Prix,marina_bay,alonso,ALO,aston_martin,10,7,6.0,Finished,0,0,10,0,12.0,30.0,0.0,7.0,58.0,0.0,14.0,12.8,4.0,0.2,0.0,6.0,13.666666666666666,0.0,2,10,207.043,0
2025,18,Singapore Grand Prix,marina_bay,hamilton,HAM,ferrari,6,8,4.0,Finished,0,0,6,0,6.0,107.0,0.0,3.0,263.0,0.0,11.333333333333334,10.6,12.0,0.4,0.3333333333333339,38.0,5.5,0.25,2,10,207.043,0
2025,18,Singapore Grand Prix,marina_bay,bearman,BEA,haas,9,9,2.0,Finished,0,0,9,0,18.0,14.0,0.0,9.0,38.0,0.0,10.0,12.2,8.0,0.2,-1.5,2.0,10.0,0.0,2,10,207.043,0
2025,18,Singapore Grand Prix,marina_bay,sainz,SAI,williams,18,10,1.0,Lapped,0,1,20,0,14.0,28.0,0.0,5.0,98.0,0.0,9.0,11.8,15.0,0.2,0.3333333333333339,22.0,5.75,0.5,2,10,207.043,0
2025,18,Singapore Grand Prix,marina_bay,hadjar,HAD,rb,8,11,0.0,Lapped,0,1,8,0,9.0,38.0,0.0,6.0,68.0,0.0,7.666666666666667,10.8,17.0,0.4,-1.333333333333333,12.0,10.0,0.0,2,10,207.043,0
2025,18,Singapore Grand Prix,marina_bay,tsunoda,TSU,red_bull,13,12,0.0,Lapped,0,1,13,0,19.0,14.0,0.0,4.0,255.0,4.0,9.333333333333334,11.6,10.0,0.2,4.000000000000001,76.0,15.333333333333334,0.0,2,10,207.043,0
2025,18,Singapore Grand Prix,marina_bay,stroll,STR,aston_martin,15,13,0.0,Lapped,0,1,15,0,13.0,28.0,0.0,7.0,58.0,0.0,14.0,12.6,6.0,0.2,0.0,6.0,13.25,0.0,2,10,207.043,0
2025,18,Singapore Grand Prix,marina_bay,albon,ALB,williams,20,14,0.0,Lapped,0,1,19,0,8.0,70.0,0.0,5.0,98.0,0.0,8.333333333333334,9.2,16.0,0.2,-0.33333333333333215,22.0,13.5,0.0,2,10,207.043,0
2025,18,Singapore Grand Prix,marina_bay,lawson,LAW,rb,12,15,0.0,Lapped,0,1,12,0,11.0,30.0,0.0,6.0,68.0,0.0,10.333333333333334,9.4,10.0,0.0,1.333333333333334,12.0,9.0,0.0,2,10,207.043,0
2025,18,Singapore Grand Prix,marina_bay,colapinto,COL,alpine,16,16,0.0,Lapped,0,1,16,0,21.0,0.0,0.0,10.0,19.0,0.0,15.666666666666666,16.8,0.0,0.6,-0.6666666666666661,0.0,11.0,0.0,2,10,207.043,0
2025,18,Singapore Grand Prix,marina_bay,bortoleto,BOR,sauber,14,17,0.0,Lapped,0,1,14,0,17.0,18.0,0.0,8.0,55.0,0.0,11.333333333333334,9.8,4.0,0.0,-2.666666666666666,4.0,10.0,0.0,2,10,207.043,0
2025,18,Singapore Grand Prix,marina_bay,ocon,OCO,haas,17,18,0.0,Lapped,0,1,17,0,15.0,24.0,0.0,9.0,38.0,0.0,13.0,14.0,1.0,0.4,1.5,2.0,15.666666666666666,0.0,2,10,207.043,0
2025,18,Singapore Grand Prix,marina_bay,gasly,GAS,alpine,19,19,0.0,Lapped,0,1,18,0,16.0,19.0,0.0,10.0,19.0,0.0,17.0,16.0,0.0,0.6,0.6666666666666679,0.0,10.25,0.0,2,10,207.043,0
2025,18,Singapore Grand Prix,marina_bay,hulkenberg,HUL,sauber,11,20,0.0,Lapped,0,1,11,0,10.0,37.0,0.0,8.0,55.0,0.0,16.666666666666668,15.0,0.0,0.4,2.666666666666668,4.0,10.333333333333334,0.0,2,10,207.043,0
2025,19,United States Grand Prix,americas,max_verstappen,VER,red_bull,1,1,25.0,Finished,1,0,1,1,3.0,259.0,4.0,4.0,273.0,4.0,1.3333333333333333,3.0,68.0,0.0,-4.5,82.0,1.8,1.0,2,10,207.043,0
2025,19,United States Grand Prix,americas,norris,NOR,mclaren,2,2,18.0,Finished,1,0,2,1,2.0,299.0,5.0,1.0,614.0,12.0,4.0,6.2,39.0,0.2,-2.5,61.0,5.4,0.2,2,10,207.043,0
2025,19,United States Grand Prix,americas,leclerc,LEC,ferrari,3,3,15.0,Finished,1,0,3,0,5.0,164.0,0.0,3.0,275.0,0.0,6.333333333333333,8.4,22.0,0.2,-0.5,45.0,6.4,0.4,2,10,207.043,0
2025,19,United States Grand Prix,americas,hamilton,HAM,ferrari,5,4,12.0,Finished,0,0,5,0,6.0,111.0,0.0,3.0,275.0,0.0,7.333333333333333,10.8,16.0,0.4,0.5,45.0,9.0,0.6,2,10,207.043,0
2025,19,United States Grand Prix,americas,piastri,PIA,mclaren,6,5,10.0,Finished,0,0,6,0,1.0,315.0,7.0,1.0,614.0,12.0,9.0,6.0,27.0,0.2,2.5,61.0,11.0,0.0,2,10,207.043,0
2025,19,United States Grand Prix,americas,russell,RUS,mercedes,4,6,8.0,Finished,0,0,4,0,4.0,227.0,2.0,2.0,311.0,2.0,2.6666666666666665,3.0,53.0,0.0,-1.6666666666666665,73.0,9.4,0.0,2,10,207.043,0
2025,19,United States Grand Prix,americas,tsunoda,TSU,red_bull,13,7,6.0,Finished,0,0,13,0,19.0,14.0,0.0,4.0,273.0,4.0,10.333333333333334,11.4,8.0,0.4,4.500000000000001,82.0,10.25,0.0,2,10,207.043,0
2025,19,United States Grand Prix,americas,hulkenberg,HUL,sauber,11,8,4.0,Finished,0,0,11,0,10.0,37.0,0.0,8.0,55.0,0.0,18.666666666666668,16.6,0.0,0.6,3.333333333333334,4.0,9.333333333333334,0.0,2,10,207.043,0
2025,19,United States Grand Prix,americas,bearman,BEA,haas,8,9,2.0,Finished,0,0,8,0,18.0,16.0,0.0,9.0,40.0,0.0,11.0,11.8,2.0,0.2,-2.333333333333334,4.0,10.0,0.0,2,10,207.043,0
2025,19,United States Grand Prix,americas,alonso,ALO,aston_martin,10,10,1.0,Finished,0,0,10,0,11.0,36.0,0.0,7.0,64.0,0.0,13.666666666666666,10.8,6.0,0.2,-1.1666666666666679,7.0,13.5,0.0,2,10,207.043,0
2025,19,United States Grand Prix,americas,lawson,LAW,rb,12,11,0.0,Finished,0,0,12,0,12.0,30.0,0.0,6.0,68.0,0.0,11.333333333333334,10.8,10.0,0.2,0.5,11.0,9.0,0.0,2,10,207.043,0
2025,19,United States Grand Prix,americas,stroll,STR,aston_martin,19,12,0.0,Finished,0,0,18,0,14.0,28.0,0.0,7.0,64.0,0.0,16.0,12.4,0.0,0.4,1.166666666666666,7.0,13.0,0.0,2,10,207.043,0
2025,19,United States Grand Prix,americas,antonelli,ANT,mercedes,7,13,0.0,Finished,0,0,7,0,7.0,84.0,0.0,2.0,311.0,2.0,6.0,8.8,24.0,0.2,1.666666666666667,73.0,10.0,0.0,2,10,207.043,0
2025,19,United States Grand Prix,americas,albon,ALB,williams,18,14,0.0,Finished,0,0,19,0,8.0,70.0,0.0,5.0,99.0,0.0,11.333333333333334,10.8,6.0,0.4,1.6666666666666679,16.0,10.75,0.0,2,10,207.043,0
2025,19,United States Grand Prix,americas,ocon,OCO,haas,17,15,0.0,Finished,0,0,17,0,15.0,24.0,0.0,9.0,40.0,0.0,15.666666666666666,14.6,0.0,0.6,2.333333333333332,4.0,16.5,0.0,2,10,207.043,0
2025,19,United States Grand Prix,americas,hadjar,HAD,rb,20,16,0.0,Finished,0,0,20,0,9.0,38.0,0.0,6.0,68.0,0.0,10.333333333333334,9.0,2.0,0.4,-0.5,11.0,10.0,0.0,2,10,207.043,0
2025,19,United States Grand Prix,americas,colapinto,COL,alpine,15,17,0.0,Lapped,0,1,15,0,21.0,0.0,0.0,10.0,19.0,0.0,17.333333333333332,16.2,0.0,0.8,-0.16666666666666785,0.0,10.0,0.0,2,10,207.043,0
2025,19,United States Grand Prix,americas,bortoleto,BOR,sauber,16,18,0.0,Lapped,0,1,16,0,17.0,18.0,0.0,8.0,55.0,0.0,12.0,11.4,4.0,0.2,-3.333333333333334,4.0,10.0,0.0,2,10,207.043,0
2025,19,United States Grand Prix,americas,gasly,GAS,alpine,14,19,0.0,Lapped,0,1,14,0,16.0,19.0,0.0,10.0,19.0,0.0,17.666666666666668,17.8,0.0,0.8,0.16666666666666785,0.0,13.6,0.0,2,10,207.043,0
2025,19,United States Grand Prix,americas,sainz,SAI,williams,9,20,0.0,Retired,0,1,9,0,13.0,29.0,0.0,5.0,99.0,0.0,8.0,10.2,16.0,0.4,-1.666666666666666,16.0,8.0,0.4,2,10,207.043,0
2025,20,Mexico City Grand Prix,rodriguez,norris,NOR,mclaren,1,1,25.0,Finished,1,0,1,1,2.0,317.0,5.0,1.0,642.0,12.0,4.0,6.4,39.0,0.2,-2.833333333333333,90.0,9.2,0.2,2,10,207.043,0
2025,20,Mexico City Grand Prix,rodriguez,leclerc,LEC,ferrari,2,2,18.0,Finished,1,0,2,1,5.0,179.0,0.0,4.0,302.0,0.0,6.0,8.2,25.0,0.2,-0.33333333333333304,61.0,4.2,0.4,2,10,207.043,0
2025,20,Mexico City Grand Prix,rodriguez,max_verstappen,VER,red_bull,5,3,15.0,Finished,1,0,5,0,3.0,284.0,5.0,3.0,304.0,5.0,1.3333333333333333,1.4,68.0,0.0,-3.5,64.0,3.0,0.6,2,10,207.043,0
2025,20,Mexico City Grand Prix,rodriguez,bearman,BEA,haas,9,4,12.0,Finished,0,0,10,0,19.0,18.0,0.0,9.0,42.0,0.0,10.0,9.6,4.0,0.0,-2.833333333333334,18.0,10.0,0.0,2,10,207.043,0
2025,20,Mexico City Grand Prix,rodriguez,piastri,PIA,mclaren,7,5,10.0,Finished,0,0,8,0,1.0,325.0,7.0,1.0,642.0,12.0,9.666666666666666,6.6,22.0,0.2,2.833333333333333,90.0,8.0,0.0,2,10,207.043,0
2025,20,Mexico City Grand Prix,rodriguez,antonelli,ANT,mercedes,6,6,8.0,Finished,0,0,6,0,7.0,84.0,0.0,2.0,319.0,2.0,7.333333333333333,9.4,22.0,0.0,2.166666666666666,57.0,10.0,0.0,2,10,207.043,0
2025,20,Mexico City Grand Prix,rodriguez,russell,RUS,mercedes,4,7,6.0,Finished,0,0,4,0,4.0,235.0,2.0,2.0,319.0,2.0,3.0,3.6,51.0,0.0,-2.166666666666667,57.0,9.4,0.0,2,10,207.043,0
2025,20,Mexico City Grand Prix,rodriguez,hamilton,HAM,ferrari,3,8,4.0,Finished,0,0,3,0,6.0,123.0,0.0,4.0,302.0,0.0,6.666666666666667,9.2,20.0,0.2,0.3333333333333339,61.0,2.2,0.8,2,10,207.043,0
2025,20,Mexico City Grand Prix,rodriguez,ocon,OCO,haas,11,9,2.0,Finished,0,0,12,0,15.0,24.0,0.0,9.0,42.0,0.0,15.666666666666666,14.4,0.0,0.4,2.833333333333332,18.0,11.0,0.0,2,10,207.043,0
2025,20,Mexico City Grand Prix,rodriguez,bortoleto,BOR,sauber,16,10,1.0,Finished,0,0,16,0,18.0,18.0,0.0,8.0,59.0,0.0,15.333333333333334,13.8,0.0,0.4,0.3333333333333339,5.0,10.0,0.0,2,10,207.043,0
2025,20,Mexico City Grand Prix,rodriguez,tsunoda,TSU,red_bull,10,11,0.0,Finished,0,0,11,0,16.0,20.0,0.0,3.0,304.0,5.0,8.333333333333334,9.4,14.0,0.2,3.500000000000001,64.0,18.0,0.0,2,10,207.043,0
2025,20,Mexico City Grand Prix,rodriguez,albon,ALB,williams,17,12,0.0,Lapped,0,1,17,0,8.0,70.0,0.0,5.0,99.0,0.0,13.666666666666666,10.6,0.0,0.2,1.3333333333333321,1.0,11.25,0.0,2,10,207.043,0
2025,20,Mexico City Grand Prix,rodriguez,hadjar,HAD,rb,8,13,0.0,Lapped,0,1,9,0,10.0,38.0,0.0,6.0,68.0,0.0,12.333333333333334,10.0,1.0,0.2,1.0,0.0,10.0,0.0,2,10,207.043,0
2025,20,Mexico City Grand Prix,rodriguez,stroll,STR,aston_martin,19,14,0.0,Lapped,0,1,19,0,14.0,28.0,0.0,7.0,65.0,0.0,14.0,13.4,0.0,0.4,1.666666666666666,7.0,13.8,0.0,2,10,207.043,0
2025,20,Mexico City Grand Prix,rodriguez,gasly,GAS,alpine,18,15,0.0,Lapped,0,1,18,0,17.0,19.0,0.0,10.0,19.0,0.0,18.666666666666668,17.8,0.0,0.8,0.6666666666666679,0.0,9.0,0.0,2,10,207.043,0
2025,20,Mexico City Grand Prix,rodriguez,colapinto,COL,alpine,20,16,0.0,Lapped,0,1,20,0,21.0,0.0,0.0,10.0,19.0,0.0,17.333333333333332,16.0,0.0,0.8,-0.6666666666666679,0.0,12.0,0.0,2,10,207.043,0
2025,20,Mexico City Grand Prix,rodriguez,sainz,SAI,williams,12,17,0.0,Retired,0,1,7,0,13.0,29.0,0.0,5.0,99.0,0.0,11.0,11.4,16.0,0.4,-1.333333333333334,1.0,5.8,0.2,2,10,207.043,0
2025,20,Mexico City Grand Prix,rodriguez,alonso,ALO,aston_martin,14,18,0.0,Retired,0,1,14,0,11.0,37.0,0.0,7.0,65.0,0.0,10.666666666666666,11.8,7.0,0.2,-1.6666666666666679,7.0,16.0,0.0,2,10,207.043,0
2025,20,Mexico City Grand Prix,rodriguez,hulkenberg,HUL,sauber,13,19,0.0,Retired,0,1,13,0,9.0,41.0,0.0,8.0,59.0,0.0,14.666666666666666,15.6,4.0,0.4,-0.3333333333333339,5.0,10.666666666666666,0.0,2,10,207.043,0
2025,20,Mexico City Grand Prix,rodriguez,lawson,LAW,rb,15,20,0.0,Retired,0,1,15,0,12.0,30.0,0.0,6.0,68.0,0.0,10.333333333333334,11.4,10.0,0.2,-1.0,0.0,16.0,0.0,2,10,207.043,0
2025,21,São Paulo Grand Prix,interlagos,norris,NOR,mclaren,1,1,25.0,Finished,1,0,1,1,1.0,342.0,6.0,1.0,677.0,13.0,2.0,3.0,58.0,0.0,-1.3333333333333335,98.0,8.8,0.2,2,10,207.043,0
2025,21,São Paulo Grand Prix,interlagos,antonelli,ANT,mercedes,2,2,18.0,Finished,1,0,2,1,7.0,92.0,0.0,2.0,333.0,2.0,8.0,7.4,18.0,0.0,1.666666666666667,52.0,10.0,0.0,2,10,207.043,0
2025,21,São Paulo Grand Prix,interlagos,max_verstappen,VER,red_bull,19,3,15.0,Finished,1,0,16,0,3.0,299.0,5.0,4.0,319.0,5.0,2.0,1.6,58.0,0.0,-4.0,61.0,2.2,0.8,2,10,207.043,0
2025,21,São Paulo Grand Prix,interlagos,russell,RUS,mercedes,6,4,12.0,Finished,0,0,6,0,4.0,241.0,2.0,2.0,333.0,2.0,4.666666666666667,4.2,39.0,0.0,-1.666666666666666,52.0,9.0,0.2,2,10,207.043,0
2025,21,São Paulo Grand Prix,interlagos,piastri,PIA,mclaren,4,5,10.0,Finished,0,0,4,0,2.0,335.0,7.0,1.0,677.0,13.0,4.666666666666667,7.4,32.0,0.2,1.3333333333333335,98.0,11.0,0.0,2,10,207.043,0
2025,21,São Paulo Grand Prix,interlagos,bearman,BEA,haas,8,6,8.0,Finished,0,0,8,0,13.0,30.0,0.0,9.0,56.0,0.0,7.333333333333333,9.2,16.0,0.0,-3.333333333333333,24.0,12.0,0.0,2,10,207.043,0
2025,21,São Paulo Grand Prix,interlagos,lawson,LAW,rb,7,7,6.0,Finished,0,0,7,0,12.0,30.0,0.0,6.0,68.0,0.0,15.333333333333334,13.0,0.0,0.4,1.0,10.0,9.0,0.0,2,10,207.043,0
2025,21,São Paulo Grand Prix,interlagos,hadjar,HAD,rb,5,8,4.0,Finished,0,0,5,0,10.0,38.0,0.0,6.0,68.0,0.0,13.333333333333334,12.0,0.0,0.4,-1.0,10.0,10.0,0.0,2,10,207.043,0
2025,21,São Paulo Grand Prix,interlagos,hulkenberg,HUL,sauber,10,9,2.0,Finished,0,0,10,0,9.0,41.0,0.0,8.0,60.0,0.0,15.666666666666666,16.6,4.0,0.6,0.33333333333333215,7.0,15.666666666666666,0.0,2,10,207.043,0
2025,21,São Paulo Grand Prix,interlagos,gasly,GAS,alpine,9,10,1.0,Finished,0,0,9,0,19.0,19.0,0.0,10.0,19.0,0.0,17.666666666666668,17.4,0.0,1.0,0.6666666666666679,1.0,6.6,0.4,2,10,207.043,0
2025,21,São Paulo Grand Prix,interlagos,albon,ALB,williams,12,11,0.0,Finished,0,0,12,0,8.0,70.0,0.0,5.0,99.0,0.0,13.333333333333334,12.0,0.0,0.4,-1.166666666666666,0.0,16.5,0.0,2,10,207.043,0
2025,21,São Paulo Grand Prix,interlagos,ocon,OCO,haas,20,12,0.0,Finished,0,0,17,0,16.0,26.0,0.0,9.0,56.0,0.0,14.0,14.2,2.0,0.4,3.333333333333334,24.0,7.0,0.25,2,10,207.043,0
2025,21,São Paulo Grand Prix,interlagos,sainz,SAI,williams,15,13,0.0,Finished,0,0,15,0,14.0,29.0,0.0,5.0,99.0,0.0,15.666666666666666,12.2,1.0,0.6,1.166666666666666,0.0,6.8,0.4,2,10,207.043,0
2025,21,São Paulo Grand Prix,interlagos,alonso,ALO,aston_martin,11,14,0.0,Finished,0,0,11,0,11.0,37.0,0.0,7.0,65.0,0.0,11.666666666666666,13.8,7.0,0.4,-0.6666666666666679,1.0,7.75,0.25,2,10,207.043,0
2025,21,São Paulo Grand Prix,interlagos,colapinto,COL,alpine,16,15,0.0,Finished,0,0,18,0,21.0,0.0,0.0,10.0,19.0,0.0,16.333333333333332,17.0,0.0,1.0,-0.6666666666666679,1.0,17.0,0.0,2,10,207.043,0
2025,21,São Paulo Grand Prix,interlagos,stroll,STR,aston_martin,14,16,0.0,Finished,0,0,14,0,15.0,28.0,0.0,7.0,65.0,0.0,13.0,14.8,0.0,0.6,0.6666666666666661,1.0,14.6,0.0,2,10,207.043,0
2025,21,São Paulo Grand Prix,interlagos,tsunoda,TSU,red_bull,17,17,0.0,Finished,0,0,19,0,17.0,20.0,0.0,4.0,319.0,5.0,10.0,9.8,6.0,0.2,4.0,61.0,12.0,0.0,2,10,207.043,0
2025,21,São Paulo Grand Prix,interlagos,hamilton,HAM,ferrari,13,18,0.0,Retired,0,1,13,0,6.0,127.0,0.0,3.0,324.0,0.0,6.666666666666667,6.8,20.0,0.0,1.5,49.0,5.6,0.4,2,10,207.043,0
2025,21,São Paulo Grand Prix,interlagos,leclerc,LEC,ferrari,3,19,0.0,Retired,0,1,3,0,5.0,197.0,0.0,3.0,324.0,0.0,3.6666666666666665,4.8,41.0,0.0,-1.5000000000000004,49.0,10.4,0.0,2,10,207.043,0
2025,21,São Paulo Grand Prix,interlagos,bortoleto,BOR,sauber,18,20,0.0,Retired,0,1,20,0,18.0,19.0,0.0,8.0,60.0,0.0,15.0,12.8,1.0,0.4,-0.3333333333333339,7.0,10.0,0.0,2,10,207.043,0
2025,22,Las Vegas Grand Prix,vegas,max_verstappen,VER,red_bull,2,1,25.0,Finished,1,0,2,1,3.0,314.0,5.0,3.0,334.0,5.0,2.3333333333333335,2.0,55.0,0.0,-4.666666666666666,55.0,3.0,0.5,2,10,207.043,0
2025,22,Las Vegas Grand Prix,vegas,russell,RUS,mercedes,4,2,18.0,Finished,1,0,4,0,4.0,253.0,2.0,2.0,363.0,2.0,5.666666666666667,4.0,26.0,0.0,-0.6666666666666661,77.0,4.5,0.5,2,10,207.043,0
2025,22,Las Vegas Grand Prix,vegas,antonelli,ANT,mercedes,17,3,15.0,Finished,1,0,17,0,7.0,110.0,0.0,2.0,363.0,2.0,7.0,6.0,26.0,0.0,0.666666666666667,77.0,10.0,0.0,2,10,207.043,0
2025,22,Las Vegas Grand Prix,vegas,leclerc,LEC,ferrari,9,4,12.0,Finished,0,0,9,0,5.0,197.0,0.0,4.0,324.0,0.0,8.0,7.8,33.0,0.2,-1.0,38.0,3.0,0.5,2,10,207.043,0
2025,22,Las Vegas Grand Prix,vegas,sainz,SAI,williams,3,5,10.0,Finished,0,0,3,0,14.0,29.0,0.0,5.0,99.0,0.0,16.666666666666668,12.6,0.0,0.6,2.166666666666668,10.0,4.5,0.5,2,10,207.043,0
2025,22,Las Vegas Grand Prix,vegas,hadjar,HAD,rb,8,6,8.0,Finished,0,0,8,0,10.0,42.0,0.0,6.0,78.0,0.0,12.333333333333334,11.6,4.0,0.4,-0.16666666666666607,18.0,10.0,0.0,2,10,207.043,0
2025,22,Las Vegas Grand Prix,vegas,hulkenberg,HUL,sauber,11,7,6.0,Finished,0,0,11,0,9.0,43.0,0.0,9.0,62.0,0.0,12.0,14.4,6.0,0.4,-2.0,9.0,13.5,0.0,2,10,207.043,0
2025,22,Las Vegas Grand Prix,vegas,hamilton,HAM,ferrari,19,8,4.0,Finished,0,0,20,0,6.0,127.0,0.0,4.0,324.0,0.0,10.0,9.2,16.0,0.2,1.0,38.0,4.5,0.5,2,10,207.043,0
2025,22,Las Vegas Grand Prix,vegas,ocon,OCO,haas,13,9,2.0,Finished,0,0,13,0,16.0,26.0,0.0,8.0,64.0,0.0,12.0,13.6,2.0,0.2,2.833333333333334,25.0,10.5,0.0,2,10,207.043,0
2025,22,Las Vegas Grand Prix,vegas,bearman,BEA,haas,14,10,1.0,Finished,0,0,14,0,11.0,38.0,0.0,8.0,64.0,0.0,6.333333333333333,8.0,22.0,0.0,-2.833333333333333,25.0,10.0,0.0,2,10,207.043,0
2025,22,Las Vegas Grand Prix,vegas,alonso,ALO,aston_martin,7,11,0.0,Finished,0,0,7,0,12.0,37.0,0.0,7.0,65.0,0.0,14.0,12.8,1.0,0.2,0.0,0.0,10.0,0.0,2,10,207.043,0
2025,22,Las Vegas Grand Prix,vegas,tsunoda,TSU,red_bull,20,12,0.0,Finished,0,0,19,0,18.0,20.0,0.0,3.0,334.0,5.0,11.666666666666666,10.6,6.0,0.2,4.666666666666666,55.0,13.5,0.0,2,10,207.043,0
2025,22,Las Vegas Grand Prix,vegas,gasly,GAS,alpine,10,13,0.0,Finished,0,0,10,0,17.0,20.0,0.0,10.0,20.0,0.0,14.666666666666666,16.2,1.0,0.8,-0.6666666666666679,1.0,15.5,0.0,2,10,207.043,0
2025,22,Las Vegas Grand Prix,vegas,lawson,LAW,rb,6,14,0.0,Lapped,0,1,6,0,13.0,36.0,0.0,6.0,78.0,0.0,12.666666666666666,11.6,6.0,0.4,0.16666666666666607,18.0,16.0,0.0,2,10,207.043,0
2025,22,Las Vegas Grand Prix,vegas,colapinto,COL,alpine,15,15,0.0,Lapped,0,1,15,0,21.0,0.0,0.0,10.0,20.0,0.0,16.0,16.6,0.0,0.8,0.6666666666666661,1.0,14.0,0.0,2,10,207.043,0
2025,22,Las Vegas Grand Prix,vegas,albon,ALB,williams,16,16,0.0,Retired,0,1,16,0,8.0,70.0,0.0,5.0,99.0,0.0,12.333333333333334,12.8,0.0,0.4,-2.166666666666666,10.0,15.5,0.0,2,10,207.043,0
2025,22,Las Vegas Grand Prix,vegas,bortoleto,BOR,sauber,18,17,0.0,Retired,0,1,18,0,19.0,19.0,0.0,9.0,62.0,0.0,16.0,15.2,1.0,0.6,2.0,9.0,10.0,0.0,2,10,207.043,0
2025,22,Las Vegas Grand Prix,vegas,stroll,STR,aston_martin,12,18,0.0,Retired,0,1,12,0,15.0,28.0,0.0,7.0,65.0,0.0,14.0,14.4,0.0,0.4,0.0,0.0,10.0,0.0,2,10,207.043,0
2025,22,Las Vegas Grand Prix,vegas,norris,NOR,mclaren,1,19,0.0,Disqualified,0,1,1,1,1.0,367.0,7.0,1.0,712.0,14.0,1.3333333333333333,2.8,68.0,0.0,-1.8333333333333333,70.0,13.0,0.0,2,10,207.043,0
2025,22,Las Vegas Grand Prix,vegas,piastri,PIA,mclaren,5,20,0.0,Disqualified,0,1,5,0,2.0,345.0,7.0,1.0,712.0,14.0,5.0,7.8,30.0,0.2,1.8333333333333335,70.0,8.5,0.0,2,10,207.043,0
2025,23,Qatar Grand Prix,losail,max_verstappen,VER,red_bull,3,1,25.0,Finished,1,0,3,0,3.0,339.0,6.0,3.0,359.0,6.0,2.3333333333333335,2.0,55.0,0.0,-5.5,66.0,1.3333333333333333,1.0,2,10,207.043,0
2025,23,Qatar Grand Prix,losail,piastri,PIA,mclaren,1,2,18.0,Finished,1,0,1,1,2.0,345.0,7.0,1.0,712.0,14.0,10.0,7.8,20.0,0.2,1.5,65.0,2.5,1.0,2,10,207.043,0
2025,23,Qatar Grand Prix,losail,sainz,SAI,williams,7,3,15.0,Finished,1,0,7,0,11.0,39.0,0.0,5.0,109.0,0.0,11.666666666666666,13.0,10.0,0.6,-0.6666666666666679,25.0,11.0,0.0,2,10,207.043,0
2025,23,Qatar Grand Prix,losail,norris,NOR,mclaren,2,4,12.0,Finished,0,0,2,1,1.0,367.0,7.0,1.0,712.0,14.0,7.0,5.2,50.0,0.2,-1.5,65.0,7.333333333333333,0.3333333333333333,2,10,207.043,0
2025,23,Qatar Grand Prix,losail,antonelli,ANT,mercedes,5,5,10.0,Finished,0,0,5,0,7.0,125.0,0.0,2.0,396.0,2.0,3.6666666666666665,5.8,41.0,0.0,-0.3333333333333335,81.0,10.0,0.0,2,10,207.043,0
2025,23,Qatar Grand Prix,losail,russell,RUS,mercedes,4,6,8.0,Finished,0,0,4,0,4.0,271.0,2.0,2.0,396.0,2.0,4.333333333333333,4.0,36.0,0.0,0.33333333333333304,81.0,8.333333333333334,0.0,2,10,207.043,0
2025,23,Qatar Grand Prix,losail,alonso,ALO,aston_martin,8,7,6.0,Finished,0,0,8,0,13.0,37.0,0.0,9.0,65.0,0.0,14.333333333333334,12.0,0.0,0.2,-0.8333333333333321,6.0,5.333333333333333,0.3333333333333333,2,10,207.043,0
2025,23,Qatar Grand Prix,losail,leclerc,LEC,ferrari,10,8,4.0,Finished,0,0,10,0,5.0,209.0,0.0,4.0,340.0,0.0,8.333333333333334,6.8,30.0,0.2,-1.5,20.0,5.0,0.3333333333333333,2,10,207.043,0
2025,23,Qatar Grand Prix,losail,lawson,LAW,rb,12,9,2.0,Finished,0,0,12,0,14.0,36.0,0.0,6.0,86.0,0.0,13.666666666666666,13.4,6.0,0.6,2.333333333333332,20.0,15.5,0.0,2,10,207.043,0
2025,23,Qatar Grand Prix,losail,tsunoda,TSU,red_bull,15,10,1.0,Finished,0,0,16,0,18.0,20.0,0.0,3.0,359.0,6.0,13.333333333333334,11.8,0.0,0.2,5.500000000000001,66.0,13.666666666666666,0.0,2,10,207.043,0
2025,23,Qatar Grand Prix,losail,albon,ALB,williams,14,11,0.0,Finished,0,0,15,0,8.0,70.0,0.0,5.0,109.0,0.0,13.0,13.4,0.0,0.6,0.6666666666666661,25.0,14.0,0.0,2,10,207.043,0
2025,23,Qatar Grand Prix,losail,hamilton,HAM,ferrari,17,12,0.0,Finished,0,0,18,0,6.0,131.0,0.0,4.0,340.0,0.0,11.333333333333334,9.2,8.0,0.2,1.5,20.0,10.666666666666666,0.3333333333333333,2,10,207.043,0
2025,23,Qatar Grand Prix,losail,bortoleto,BOR,sauber,19,13,0.0,Finished,0,0,14,0,19.0,19.0,0.0,7.0,68.0,0.0,15.666666666666666,16.4,1.0,0.8,2.0,8.0,10.0,0.0,2,10,207.043,0
2025,23,Qatar Grand Prix,losail,colapinto,COL,alpine,20,14,0.0,Lapped,0,1,20,0,21.0,0.0,0.0,10.0,20.0,0.0,15.333333333333334,15.8,0.0,0.8,1.333333333333334,1.0,19.0,0.0,2,10,207.043,0
2025,23,Qatar Grand Prix,losail,ocon,OCO,haas,16,15,0.0,Lapped,0,1,17,0,16.0,28.0,0.0,8.0,67.0,0.0,10.0,12.6,4.0,0.2,1.666666666666666,11.0,10.666666666666666,0.0,2,10,207.043,0
2025,23,Qatar Grand Prix,losail,gasly,GAS,alpine,9,16,0.0,Lapped,0,1,9,0,17.0,20.0,0.0,10.0,20.0,0.0,12.666666666666666,15.2,1.0,0.6,-1.333333333333334,1.0,9.333333333333334,0.0,2,10,207.043,0
2025,23,Qatar Grand Prix,losail,stroll,STR,aston_martin,18,17,0.0,Retired,0,1,19,0,15.0,28.0,0.0,9.0,65.0,0.0,16.0,14.6,0.0,0.6,0.8333333333333339,6.0,11.666666666666666,0.0,2,10,207.043,0
2025,23,Qatar Grand Prix,losail,hadjar,HAD,rb,6,18,0.0,Retired,0,1,6,0,9.0,50.0,0.0,6.0,86.0,0.0,9.0,10.8,12.0,0.4,-2.333333333333334,20.0,10.0,0.0,2,10,207.043,0
2025,23,Qatar Grand Prix,losail,bearman,BEA,haas,13,19,0.0,Retired,0,1,13,0,12.0,39.0,0.0,8.0,67.0,0.0,6.666666666666667,7.6,21.0,0.0,-1.666666666666667,11.0,10.0,0.0,2,10,207.043,0
2025,23,Qatar Grand Prix,losail,hulkenberg,HUL,sauber,11,20,0.0,Retired,0,1,11,0,10.0,49.0,0.0,7.0,68.0,0.0,11.666666666666666,12.6,8.0,0.4,-2.0,8.0,16.0,0.0,2,10,207.043,0
2025,24,Abu Dhabi Grand Prix,yas_marina,max_verstappen,VER,red_bull,1,1,25.0,Finished,1,0,1,1,2.0,364.0,7.0,3.0,385.0,7.0,1.6666666666666667,1.8,65.0,0.0,-5.666666666666666,76.0,2.0,0.8333333333333334,2,10,207.043,0
2025,24,Abu Dhabi Grand Prix,yas_marina,piastri,PIA,mclaren,3,2,18.0,Finished,1,0,3,0,3.0,363.0,7.0,1.0,742.0,14.0,9.0,7.4,28.0,0.2,0.5,63.0,8.0,0.0,2,10,207.043,0
2025,24,Abu Dhabi Grand Prix,yas_marina,norris,NOR,mclaren,2,3,15.0,Finished,1,0,2,1,1.0,379.0,7.0,1.0,742.0,14.0,8.0,5.4,37.0,0.2,-0.5,63.0,5.333333333333333,0.16666666666666666,2,10,207.043,0
2025,24,Abu Dhabi Grand Prix,yas_marina,leclerc,LEC,ferrari,5,4,12.0,Finished,0,0,5,0,5.0,213.0,0.0,4.0,344.0,0.0,10.333333333333334,7.2,16.0,0.2,-1.166666666666666,36.0,5.5,0.6666666666666666,2,10,207.043,0
2025,24,Abu Dhabi Grand Prix,yas_marina,russell,RUS,mercedes,4,5,10.0,Finished,0,0,4,0,4.0,279.0,2.0,2.0,414.0,2.0,4.0,5.0,38.0,0.0,0.3333333333333335,61.0,10.5,0.16666666666666666,2,10,207.043,0
2025,24,Abu Dhabi Grand Prix,yas_marina,alonso,ALO,aston_martin,6,6,8.0,Finished,0,0,6,0,12.0,43.0,0.0,7.0,71.0,0.0,10.666666666666666,12.0,6.0,0.2,-3.166666666666668,15.0,11.0,0.0,2,10,207.043,0
2025,24,Abu Dhabi Grand Prix,yas_marina,ocon,OCO,haas,8,7,6.0,Finished,0,0,8,0,16.0,28.0,0.0,9.0,67.0,0.0,12.0,12.0,2.0,0.2,0.16666666666666607,9.0,9.25,0.0,2,10,207.043,0
2025,24,Abu Dhabi Grand Prix,yas_marina,hamilton,HAM,ferrari,16,8,4.0,Finished,0,0,16,0,7.0,131.0,0.0,4.0,344.0,0.0,12.666666666666666,10.0,4.0,0.2,1.166666666666666,36.0,6.166666666666667,0.5,2,10,207.043,0
2025,24,Abu Dhabi Grand Prix,yas_marina,hulkenberg,HUL,sauber,18,9,2.0,Finished,0,0,18,0,11.0,49.0,0.0,8.0,68.0,0.0,12.0,12.6,8.0,0.4,-2.333333333333334,8.0,11.666666666666666,0.0,2,10,207.043,0
2025,24,Abu Dhabi Grand Prix,yas_marina,stroll,STR,aston_martin,15,10,1.0,Finished,0,0,15,0,15.0,28.0,0.0,7.0,71.0,0.0,17.0,15.4,0.0,0.6,3.166666666666666,15.0,12.5,0.0,2,10,207.043,0
2025,24,Abu Dhabi Grand Prix,yas_marina,bortoleto,BOR,sauber,7,11,0.0,Finished,0,0,7,0,19.0,19.0,0.0,8.0,68.0,0.0,16.666666666666668,15.6,0.0,0.6,2.333333333333334,8.0,10.0,0.0,2,10,207.043,0
2025,24,Abu Dhabi Grand Prix,yas_marina,bearman,BEA,haas,11,12,0.0,Finished,0,0,11,0,13.0,39.0,0.0,9.0,67.0,0.0,11.666666666666666,9.6,9.0,0.2,-0.16666666666666785,9.0,10.0,0.0,2,10,207.043,0
2025,24,Abu Dhabi Grand Prix,yas_marina,sainz,SAI,williams,12,13,0.0,Finished,0,0,12,0,9.0,54.0,0.0,5.0,124.0,0.0,7.0,11.6,25.0,0.4,-2.833333333333334,25.0,7.166666666666667,0.3333333333333333,2,10,207.043,0
2025,24,Abu Dhabi Grand Prix,yas_marina,tsunoda,TSU,red_bull,10,14,0.0,Finished,0,0,10,0,17.0,21.0,0.0,3.0,385.0,7.0,13.0,11.4,1.0,0.0,5.666666666666667,76.0,8.75,0.0,2,10,207.043,0
2025,24,Abu Dhabi Grand Prix,yas_marina,antonelli,ANT,mercedes,14,15,0.0,Finished,0,0,14,0,6.0,135.0,0.0,2.0,414.0,2.0,3.3333333333333335,5.8,43.0,0.0,-0.33333333333333304,61.0,10.0,0.0,2,10,207.043,0
2025,24,Abu Dhabi Grand Prix,yas_marina,albon,ALB,williams,17,16,0.0,Finished,0,0,17,0,8.0,70.0,0.0,5.0,124.0,0.0,12.666666666666666,12.8,0.0,0.4,2.833333333333332,25.0,9.6,0.0,2,10,207.043,0
2025,24,Abu Dhabi Grand Prix,yas_marina,hadjar,HAD,rb,9,17,0.0,Lapped,0,1,9,0,10.0,50.0,0.0,6.0,88.0,0.0,10.666666666666666,12.2,12.0,0.4,0.33333333333333215,10.0,10.0,0.0,2,10,207.043,0
2025,24,Abu Dhabi Grand Prix,yas_marina,lawson,LAW,rb,13,18,0.0,Lapped,0,1,13,0,14.0,38.0,0.0,6.0,88.0,0.0,10.0,12.2,8.0,0.4,-0.3333333333333339,10.0,17.0,0.0,2,10,207.043,0
2025,24,Abu Dhabi Grand Prix,yas_marina,gasly,GAS,alpine,19,19,0.0,Lapped,0,1,19,0,18.0,20.0,0.0,10.0,20.0,0.0,13.0,14.6,1.0,0.6,-0.8333333333333339,0.0,10.833333333333334,0.0,2,10,207.043,0
2025,24,Abu Dhabi Grand Prix,yas_marina,colapinto,COL,alpine,20,20,0.0,Lapped,0,1,20,0,21.0,0.0,0.0,10.0,20.0,0.0,14.666666666666666,15.4,0.0,0.8,0.8333333333333321,0.0,19.0,0.0,2,10,207.043,0
2026,1,Australian Grand Prix,albert_park,russell,RUS,mercedes,1,1,25.0,Finished,1,0,1,1,10.0,0.0,0.0,5.0,0.0,0.0,4.333333333333333,4.8,36.0,0.0,-1.666666666666667,0.0,11.4,0.4,1,6,0.0,0
2026,1,Australian Grand Prix,albert_park,antonelli,ANT,mercedes,2,2,18.0,Finished,1,0,2,1,10.0,0.0,0.0,5.0,0.0,0.0,7.666666666666667,6.2,25.0,0.0,1.666666666666667,0.0,4.0,0.0,1,3,0.0,0
2026,1,Australian Grand Prix,albert_park,leclerc,LEC,ferrari,4,3,15.0,Finished,1,0,4,0,10.0,0.0,0.0,5.0,0.0,0.0,5.333333333333333,7.4,28.0,0.2,-2.0,0.0,7.2,0.4,1,5,0.0,0
2026,1,Australian Grand Prix,albert_park,hamilton,HAM,ferrari,7,4,12.0,Finished,0,0,7,0,10.0,0.0,0.0,5.0,0.0,0.0,9.333333333333334,10.8,8.0,0.2,2.000000000000001,0.0,7.2,0.4,1,4,0.0,0
2026,1,Australian Grand Prix,albert_park,norris,NOR,mclaren,6,5,10.0,Finished,0,0,6,0,10.0,0.0,0.0,5.0,0.0,0.0,8.666666666666666,5.6,27.0,0.2,0.33333333333333215,0.0,5.4,0.4,2,2,0.0,0
2026,1,Australian Grand Prix,albert_park,max_verstappen,VER,red_bull,20,6,8.0,Finished,0,0,20,0,10.0,0.0,0.0,5.0,0.0,0.0,1.0,1.8,75.0,0.0,-5.5,0.0,8.6,0.6,2,1,0.0,0
2026,1,Australian Grand Prix,albert_park,bearman,BEA,haas,12,7,6.0,Lapped,0,1,12,0,10.0,0.0,0.0,5.0,0.0,0.0,13.666666666666666,10.2,1.0,0.2,1.666666666666666,0.0,14.0,0.0,1,11,0.0,0
2026,1,Australian Grand Prix,albert_park,arvid_lindblad,LIN,rb,9,8,4.0,Lapped,0,1,9,0,10.0,0.0,0.0,5.0,0.0,0.0,,,,,0.0,0.0,10.0,0.0,1,12,0.0,0
2026,1,Australian Grand Prix,albert_park,bortoleto,BOR,audi,10,9,2.0,Lapped,0,1,10,0,10.0,0.0,0.0,5.0,0.0,0.0,13.666666666666666,14.2,0.0,0.4,0.0,0.0,16.0,0.0,2,8,0.0,0
2026,1,Australian Grand Prix,albert_park,gasly,GAS,alpine,14,10,1.0,Lapped,0,1,14,0,10.0,0.0,0.0,5.0,0.0,0.0,16.0,14.6,0.0,0.6,-0.16666666666666785,0.0,11.4,0.0,1,15,0.0,0
2026,1,Australian Grand Prix,albert_park,ocon,OCO,haas,13,11,0.0,Lapped,0,1,13,0,10.0,0.0,0.0,5.0,0.0,0.0,10.333333333333334,10.4,8.0,0.2,-1.666666666666666,0.0,12.5,0.0,1,14,0.0,0
2026,1,Australian Grand Prix,albert_park,albon,ALB,williams,15,12,0.0,Lapped,0,1,15,0,10.0,0.0,0.0,5.0,0.0,0.0,14.333333333333334,13.2,0.0,0.4,3.666666666666668,0.0,11.8,0.0,2,13,0.0,0
2026,1,Australian Grand Prix,albert_park,lawson,LAW,rb,8,13,0.0,Lapped,0,1,8,0,10.0,0.0,0.0,5.0,0.0,0.0,13.666666666666666,13.6,2.0,0.6,0.0,0.0,15.0,0.0,2,10,0.0,0
2026,1,Australian Grand Prix,albert_park,colapinto,COL,alpine,16,14,0.0,Lapped,0,1,16,0,10.0,0.0,0.0,5.0,0.0,0.0,16.333333333333332,16.0,0.0,0.8,0.1666666666666643,0.0,10.0,0.0,2,7,0.0,0
2026,1,Australian Grand Prix,albert_park,sainz,SAI,williams,21,15,0.0,Lapped,0,1,20,0,10.0,0.0,0.0,5.0,0.0,0.0,7.0,10.2,25.0,0.2,-3.666666666666666,0.0,14.2,0.2,3,9,0.0,0
2026,1,Australian Grand Prix,albert_park,perez,PER,cadillac,18,16,0.0,Lapped,0,1,18,0,10.0,0.0,0.0,5.0,0.0,0.0,15.666666666666666,15.0,1.0,0.6,0.0,0.0,6.25,0.25,2,19,0.0,0
2026,1,Australian Grand Prix,albert_park,stroll,STR,aston_martin,22,17,0.0,Lapped,0,1,20,0,10.0,0.0,0.0,5.0,0.0,0.0,15.0,15.0,1.0,0.6,3.5,0.0,7.4,0.0,4,17,0.0,0
2026,1,Australian Grand Prix,albert_park,alonso,ALO,aston_martin,17,18,0.0,Retired,0,1,17,0,10.0,0.0,0.0,5.0,0.0,0.0,8.0,11.2,14.0,0.2,-3.5,0.0,11.25,0.25,2,18,0.0,0
2026,1,Australian Grand Prix,albert_park,bottas,BOT,cadillac,19,19,0.0,Retired,0,1,19,0,10.0,0.0,0.0,5.0,0.0,0.0,15.666666666666666,14.8,0.0,0.6,0.0,0.0,8.5,0.25,1,20,0.0,0
2026,1,Australian Grand Prix,albert_park,hadjar,HAD,red_bull,3,20,0.0,Retired,0,1,3,0,10.0,0.0,0.0,5.0,0.0,0.0,13.666666666666666,12.4,8.0,0.6,7.166666666666666,0.0,20.0,0.0,2,16,0.0,0
2026,1,Australian Grand Prix,albert_park,piastri,PIA,mclaren,5,21,0.0,Did not start,0,1,5,0,10.0,0.0,0.0,5.0,0.0,0.0,8.0,6.8,36.0,0.2,-0.3333333333333339,0.0,7.0,0.0,2,10,207.043,0
2026,1,Australian Grand Prix,albert_park,hulkenberg,HUL,audi,11,22,0.0,Did not start,0,1,11,0,10.0,0.0,0.0,5.0,0.0,0.0,12.0,12.8,8.0,0.4,0.0,0.0,7.5,0.0,2,10,207.043,0
2026,2,Chinese Grand Prix,shanghai,antonelli,ANT,mercedes,1,1,25.0,Finished,1,0,1,1,2.0,18.0,0.0,1.0,43.0,1.0,7.333333333333333,5.4,28.0,0.0,1.666666666666666,0.0,6.0,0.0,2,1,0.0,0
2026,2,Chinese Grand Prix,shanghai,russell,RUS,mercedes,2,2,18.0,Finished,1,0,2,1,1.0,25.0,1.0,1.0,43.0,1.0,4.0,3.6,43.0,0.0,-1.666666666666667,0.0,8.333333333333334,0.3333333333333333,2,2,0.0,0
2026,2,Chinese Grand Prix,shanghai,hamilton,HAM,ferrari,3,3,15.0,Finished,1,0,3,0,4.0,12.0,0.0,2.0,27.0,0.0,8.0,10.0,16.0,0.2,1.5,0.0,9.666666666666666,0.3333333333333333,2,5,0.0,0
2026,2,Chinese Grand Prix,shanghai,leclerc,LEC,ferrari,4,4,12.0,Finished,0,0,4,0,3.0,15.0,0.0,2.0,27.0,0.0,5.0,7.6,31.0,0.2,-1.5,0.0,9.0,0.0,2,4,0.0,0
2026,2,Chinese Grand Prix,shanghai,bearman,BEA,haas,10,5,10.0,Finished,0,0,10,0,7.0,6.0,0.0,5.0,6.0,0.0,12.666666666666666,10.8,6.0,0.4,0.8333333333333321,0.0,8.0,0.0,2,8,0.0,0
2026,2,Chinese Grand Prix,shanghai,gasly,GAS,alpine,7,6,8.0,Finished,0,0,7,0,10.0,1.0,0.0,8.0,1.0,0.0,15.0,13.6,1.0,0.6,-0.5,0.0,13.0,0.0,2,9,0.0,0
2026,2,Chinese Grand Prix,shanghai,lawson,LAW,rb,14,7,6.0,Finished,0,0,14,0,15.0,0.0,0.0,6.0,4.0,0.0,13.333333333333334,12.2,2.0,0.6,-0.5,0.0,12.0,0.0,2,12,0.0,0
2026,2,Chinese Grand Prix,shanghai,hadjar,HAD,red_bull,9,8,4.0,Finished,0,0,9,0,13.0,0.0,0.0,4.0,8.0,0.0,18.333333333333332,13.8,0.0,0.6,9.666666666666666,0.0,11.0,0.0,2,13,0.0,0
2026,2,Chinese Grand Prix,shanghai,sainz,SAI,williams,17,9,2.0,Lapped,0,1,17,0,21.0,0.0,0.0,11.0,0.0,0.0,10.333333333333334,9.8,15.0,0.2,-1.3333333333333321,0.0,9.666666666666666,0.0,2,14,0.0,0
2026,2,Chinese Grand Prix,shanghai,colapinto,COL,alpine,12,10,1.0,Lapped,0,1,12,0,17.0,0.0,0.0,8.0,1.0,0.0,16.0,15.6,0.0,0.8,0.5,0.0,10.0,0.0,2,10,0.0,0
2026,2,Chinese Grand Prix,shanghai,hulkenberg,HUL,audi,11,11,0.0,Lapped,0,1,11,0,16.0,0.0,0.0,7.0,2.0,0.0,17.0,13.4,2.0,0.4,1.5,0.0,15.0,0.0,2,7,0.0,0
2026,2,Chinese Grand Prix,shanghai,arvid_lindblad,LIN,rb,15,12,0.0,Lapped,0,1,15,0,8.0,4.0,0.0,6.0,4.0,0.0,8.0,8.0,4.0,1.0,-5.833333333333334,0.0,10.0,0.0,2,6,0.0,0
2026,2,Chinese Grand Prix,shanghai,bottas,BOT,cadillac,19,13,0.0,Lapped,0,1,20,0,14.0,0.0,0.0,10.0,0.0,0.0,16.0,15.8,0.0,0.6,-1.5,0.0,11.0,0.5,2,15,0.0,0
2026,2,Chinese Grand Prix,shanghai,ocon,OCO,haas,13,14,0.0,Lapped,0,1,13,0,18.0,0.0,0.0,5.0,6.0,0.0,11.0,10.8,6.0,0.4,-0.8333333333333339,0.0,8.0,0.0,2,3,0.0,0
2026,2,Chinese Grand Prix,shanghai,perez,PER,cadillac,21,15,0.0,Lapped,0,1,22,0,19.0,0.0,0.0,10.0,0.0,0.0,17.666666666666668,14.8,0.0,0.6,0.16666666666666785,0.0,5.5,0.5,2,16,0.0,0
2026,2,Chinese Grand Prix,shanghai,max_verstappen,VER,red_bull,8,16,0.0,Retired,0,1,8,0,6.0,8.0,0.0,4.0,8.0,0.0,2.6666666666666665,2.4,58.0,0.0,-6.0,0.0,3.0,0.3333333333333333,2,11,0.0,0
2026,2,Chinese Grand Prix,shanghai,alonso,ALO,aston_martin,18,17,0.0,Retired,0,1,19,0,12.0,0.0,0.0,9.0,0.0,0.0,10.333333333333334,11.2,14.0,0.2,-2.166666666666666,0.0,12.0,0.0,2,17,0.0,0
2026,2,Chinese Grand Prix,shanghai,stroll,STR,aston_martin,20,18,0.0,Retired,0,1,21,0,22.0,0.0,0.0,9.0,0.0,0.0,14.666666666666666,15.6,1.0,0.6,2.166666666666666,0.0,12.0,0.0,2,18,0.0,0
2026,2,Chinese Grand Prix,shanghai,piastri,PIA,mclaren,5,19,0.0,Did not start,0,1,5,0,20.0,0.0,0.0,3.0,10.0,0.0,8.333333333333334,10.0,36.0,0.4,2.166666666666667,0.0,4.5,0.5,2,10,207.043,0
2026,2,Chinese Grand Prix,shanghai,norris,NOR,mclaren,6,20,0.0,Did not start,0,1,6,0,5.0,10.0,0.0,3.0,10.0,0.0,4.0,6.4,37.0,0.2,-2.166666666666667,0.0,7.333333333333333,0.6666666666666666,2,10,207.043,0
2026,2,Chinese Grand Prix,shanghai,bortoleto,BOR,audi,16,21,0.0,Did not start,0,1,16,0,9.0,2.0,0.0,7.0,2.0,0.0,11.0,14.0,2.0,0.6,-4.5,0.0,14.0,0.0,2,10,207.043,0
2026,2,Chinese Grand Prix,shanghai,albon,ALB,williams,22,22,0.0,Did not start,0,1,18,0,11.0,0.0,0.0,11.0,0.0,0.0,13.0,13.2,0.0,0.4,1.333333333333334,0.0,9.666666666666666,0.0,2,10,207.043,0
2026,3,Japanese Grand Prix,suzuka,antonelli,ANT,mercedes,1,1,25.0,Finished,1,0,1,1,1.0,43.0,1.0,1.0,86.0,2.0,6.0,5.2,43.0,0.0,1.666666666666667,0.0,6.0,0.0,1,1,0.0,0
2026,3,Japanese Grand Prix,suzuka,piastri,PIA,mclaren,3,2,18.0,Finished,1,0,3,0,21.0,0.0,0.0,7.0,10.0,0.0,14.0,12.8,18.0,0.6,2.333333333333334,0.0,4.666666666666667,0.6666666666666666,1,5,0.0,0
2026,3,Japanese Grand Prix,suzuka,leclerc,LEC,ferrari,4,3,15.0,Finished,1,0,4,0,3.0,27.0,0.0,2.0,54.0,0.0,3.6666666666666665,4.6,39.0,0.0,-0.6666666666666665,0.0,4.2,0.2,1,3,0.0,0
2026,3,Japanese Grand Prix,suzuka,russell,RUS,mercedes,2,4,12.0,Finished,0,0,2,1,2.0,43.0,1.0,1.0,86.0,2.0,2.6666666666666665,3.2,53.0,0.0,-1.6666666666666665,0.0,8.6,0.0,1,2,0.0,0
2026,3,Japanese Grand Prix,suzuka,norris,NOR,mclaren,5,5,10.0,Finished,0,0,5,0,6.0,10.0,0.0,7.0,10.0,0.0,9.333333333333334,10.2,25.0,0.4,-2.333333333333332,0.0,6.0,0.4,1,6,0.0,0
2026,3,Japanese Grand Prix,suzuka,hamilton,HAM,ferrari,6,6,8.0,Finished,0,0,6,0,4.0,27.0,0.0,2.0,54.0,0.0,5.0,7.0,31.0,0.0,0.666666666666667,0.0,5.8,0.2,1,4,0.0,0
2026,3,Japanese Grand Prix,suzuka,gasly,GAS,alpine,7,7,6.0,Finished,0,0,7,0,7.0,9.0,0.0,6.0,10.0,0.0,11.666666666666666,12.8,9.0,0.6,-1.5,0.0,12.8,0.0,1,9,0.0,0
2026,3,Japanese Grand Prix,suzuka,max_verstappen,VER,red_bull,11,8,4.0,Finished,0,0,11,0,8.0,8.0,0.0,4.0,12.0,0.0,7.666666666666667,5.0,33.0,0.2,-3.166666666666667,0.0,4.4,0.8,1,8,0.0,0
2026,3,Japanese Grand Prix,suzuka,lawson,LAW,rb,14,9,2.0,Finished,0,0,14,0,9.0,6.0,0.0,5.0,10.0,0.0,12.666666666666666,12.2,6.0,0.6,0.16666666666666607,0.0,14.0,0.0,1,13,0.0,0
2026,3,Japanese Grand Prix,suzuka,ocon,OCO,haas,12,10,1.0,Finished,0,0,12,0,20.0,0.0,0.0,3.0,16.0,0.0,10.666666666666666,11.2,6.0,0.6,1.3333333333333321,0.0,11.5,0.0,1,14,0.0,0
2026,3,Japanese Grand Prix,suzuka,hulkenberg,HUL,audi,13,11,0.0,Finished,0,0,13,0,17.0,0.0,0.0,9.0,2.0,0.0,14.0,13.8,2.0,0.6,-1.75,0.0,15.25,0.0,1,10,0.0,0
2026,3,Japanese Grand Prix,suzuka,hadjar,HAD,red_bull,8,12,0.0,Finished,0,0,8,0,11.0,4.0,0.0,4.0,12.0,0.0,15.0,13.8,4.0,0.6,4.166666666666666,0.0,8.0,0.0,1,11,0.0,0
2026,3,Japanese Grand Prix,suzuka,bortoleto,BOR,audi,9,13,0.0,Finished,0,0,9,0,13.0,2.0,0.0,9.0,2.0,0.0,13.666666666666666,14.2,2.0,0.6,-2.083333333333334,0.0,19.0,0.0,1,12,0.0,0
2026,3,Japanese Grand Prix,suzuka,arvid_lindblad,LIN,rb,10,14,0.0,Finished,0,0,10,0,10.0,4.0,0.0,5.0,10.0,0.0,10.0,10.0,4.0,1.0,-2.5,0.0,10.0,0.0,1,15,0.0,0
2026,3,Japanese Grand Prix,suzuka,sainz,SAI,williams,16,15,0.0,Finished,0,0,16,0,12.0,2.0,0.0,8.0,2.0,0.0,12.333333333333334,9.0,2.0,0.4,-2.166666666666666,0.0,9.4,0.2,1,17,0.0,0
2026,3,Japanese Grand Prix,suzuka,colapinto,COL,alpine,15,16,0.0,Finished,0,0,15,0,14.0,1.0,0.0,6.0,10.0,0.0,14.666666666666666,14.6,1.0,1.0,1.5,0.0,10.0,0.0,1,16,0.0,0
2026,3,Japanese Grand Prix,suzuka,perez,PER,cadillac,19,17,0.0,Finished,0,0,19,0,19.0,0.0,0.0,11.0,0.0,0.0,17.0,15.6,0.0,0.8,1.25,0.0,7.75,0.5,1,19,0.0,0
2026,3,Japanese Grand Prix,suzuka,alonso,ALO,aston_martin,21,18,0.0,Lapped,0,1,21,0,16.0,0.0,0.0,10.0,0.0,0.0,13.666666666666666,11.8,8.0,0.4,-0.6666666666666679,0.0,8.0,0.0,2,20,0.0,0
2026,3,Japanese Grand Prix,suzuka,bottas,BOT,cadillac,20,19,0.0,Lapped,0,1,20,0,18.0,0.0,0.0,11.0,0.0,0.0,16.666666666666668,15.8,0.0,0.8,0.9166666666666679,0.0,12.5,0.25,1,21,0.0,0
2026,3,Japanese Grand Prix,suzuka,albon,ALB,williams,17,20,0.0,Lapped,0,1,17,0,15.0,0.0,0.0,8.0,2.0,0.0,16.666666666666668,15.4,0.0,0.6,2.166666666666668,0.0,13.8,0.0,6,7,0.0,0
2026,3,Japanese Grand Prix,suzuka,stroll,STR,aston_martin,22,21,0.0,Retired,0,1,22,0,22.0,0.0,0.0,10.0,0.0,0.0,15.0,16.0,1.0,0.8,0.6666666666666661,0.0,14.2,0.0,2,22,0.0,0
2026,3,Japanese Grand Prix,suzuka,bearman,BEA,haas,18,22,0.0,Retired,0,1,18,0,5.0,16.0,0.0,3.0,16.0,0.0,8.0,10.6,16.0,0.4,-1.333333333333334,0.0,10.0,0.0,1,18,0.0,0
2026,4,Miami Grand Prix,miami,antonelli,ANT,mercedes,1,1,25.0,Finished,1,0,1,1,1.0,68.0,2.0,1.0,123.0,3.0,1.3333333333333333,4.8,68.0,0.0,-0.5,117.0,6.0,0.0,2,3,0.0,0
2026,4,Miami Grand Prix,miami,norris,NOR,mclaren,4,2,18.0,Finished,1,0,4,0,5.0,20.0,0.0,3.0,38.0,0.0,10.0,7.4,20.0,0.2,-2.0,61.0,9.75,0.5,2,1,0.0,0
2026,4,Miami Grand Prix,miami,piastri,PIA,mclaren,7,3,15.0,Finished,1,0,7,0,6.0,18.0,0.0,3.0,38.0,0.0,14.0,9.2,18.0,0.4,2.0,61.0,11.0,0.3333333333333333,2,2,0.0,0
2026,4,Miami Grand Prix,miami,russell,RUS,mercedes,5,4,12.0,Finished,0,0,5,0,2.0,55.0,1.0,1.0,123.0,3.0,2.3333333333333335,3.6,55.0,0.0,0.5000000000000002,117.0,5.0,0.25,2,4,0.0,0
2026,4,Miami Grand Prix,miami,max_verstappen,VER,red_bull,2,5,10.0,Finished,0,0,2,1,9.0,12.0,0.0,5.0,16.0,0.0,10.0,6.4,12.0,0.2,-1.666666666666666,18.0,2.0,0.75,2,9,0.0,0
2026,4,Miami Grand Prix,miami,hamilton,HAM,ferrari,6,6,8.0,Finished,0,0,6,0,4.0,35.0,0.0,2.0,77.0,0.0,4.333333333333333,6.6,35.0,0.0,0.49999999999999956,62.0,6.5,0.0,2,6,0.0,0
2026,4,Miami Grand Prix,miami,colapinto,COL,alpine,8,7,6.0,Finished,0,0,8,0,15.0,1.0,0.0,6.0,16.0,0.0,13.333333333333334,14.8,1.0,0.8,2.833333333333334,21.0,10.0,0.0,2,8,0.0,0
2026,4,Miami Grand Prix,miami,leclerc,LEC,ferrari,3,8,4.0,Finished,0,0,3,0,3.0,42.0,0.0,2.0,77.0,0.0,3.3333333333333335,4.4,42.0,0.0,-0.5,62.0,4.75,0.5,2,5,0.0,0
2026,4,Miami Grand Prix,miami,sainz,SAI,williams,13,9,2.0,Finished,0,0,13,0,14.0,2.0,0.0,8.0,2.0,0.0,13.0,11.0,2.0,0.4,-2.5,5.0,5.5,0.25,2,7,0.0,0
2026,4,Miami Grand Prix,miami,albon,ALB,williams,15,10,1.0,Finished,0,0,15,0,17.0,0.0,0.0,8.0,2.0,0.0,18.0,16.2,0.0,0.6,2.5,5.0,11.5,0.0,2,13,0.0,0
2026,4,Miami Grand Prix,miami,bearman,BEA,haas,12,11,0.0,Lapped,0,1,12,0,7.0,16.0,0.0,4.0,17.0,0.0,11.333333333333334,13.0,16.0,0.6,-0.16666666666666607,11.0,19.0,0.0,2,12,0.0,0
2026,4,Miami Grand Prix,miami,bortoleto,BOR,audi,21,12,0.0,Lapped,0,1,21,0,13.0,2.0,0.0,9.0,2.0,0.0,14.333333333333334,13.4,2.0,0.4,-0.16666666666666607,0.0,18.0,0.0,2,10,0.0,0
2026,4,Miami Grand Prix,miami,ocon,OCO,haas,14,13,0.0,Lapped,0,1,14,0,16.0,1.0,0.0,4.0,17.0,0.0,11.666666666666666,11.4,1.0,0.6,0.16666666666666607,11.0,9.75,0.0,2,11,0.0,0
2026,4,Miami Grand Prix,miami,arvid_lindblad,LIN,rb,16,14,0.0,Lapped,0,1,16,0,12.0,4.0,0.0,7.0,12.0,0.0,11.333333333333334,11.333333333333334,4.0,0.6666666666666666,0.8333333333333339,8.0,10.0,0.0,2,14,0.0,0
2026,4,Miami Grand Prix,miami,alonso,ALO,aston_martin,17,15,0.0,Lapped,0,1,17,0,18.0,0.0,0.0,10.0,0.0,0.0,17.666666666666668,13.2,0.0,0.6,-0.5,0.0,9.5,0.25,2,16,0.0,0
2026,4,Miami Grand Prix,miami,perez,PER,cadillac,20,16,0.0,Lapped,0,1,20,0,21.0,0.0,0.0,11.0,0.0,0.0,16.0,17.0,0.0,0.8,-0.5,0.0,3.3333333333333335,0.3333333333333333,2,21,0.0,0
2026,4,Miami Grand Prix,miami,stroll,STR,aston_martin,18,17,0.0,Lapped,0,1,18,0,22.0,0.0,0.0,10.0,0.0,0.0,18.666666666666668,16.6,0.0,0.8,0.5,0.0,13.75,0.0,2,17,0.0,0
2026,4,Miami Grand Prix,miami,bottas,BOT,cadillac,19,18,0.0,Lapped,0,1,19,0,20.0,0.0,0.0,11.0,0.0,0.0,17.0,16.0,0.0,0.8,0.5,0.0,12.0,0.0,2,22,0.0,0
2026,4,Miami Grand Prix,miami,hulkenberg,HUL,audi,10,19,0.0,Retired,0,1,10,0,19.0,0.0,0.0,9.0,2.0,0.0,14.666666666666666,14.6,0.0,0.6,0.16666666666666607,0.0,13.333333333333334,0.0,2,15,0.0,0
2026,4,Miami Grand Prix,miami,lawson,LAW,rb,11,20,0.0,Retired,0,1,11,0,10.0,8.0,0.0,7.0,12.0,0.0,9.666666666666666,11.2,8.0,0.4,-0.8333333333333339,8.0,17.0,0.0,2,18,0.0,0
2026,4,Miami Grand Prix,miami,gasly,GAS,alpine,9,21,0.0,Retired,0,1,9,0,8.0,15.0,0.0,6.0,16.0,0.0,7.666666666666667,11.6,15.0,0.6,-2.833333333333333,21.0,12.75,0.0,2,20,0.0,0
2026,4,Miami Grand Prix,miami,hadjar,HAD,red_bull,22,22,0.0,Retired,0,1,22,0,11.0,4.0,0.0,5.0,16.0,0.0,13.333333333333334,15.0,4.0,0.6,1.6666666666666679,18.0,11.0,0.0,2,19,0.0,0
2026,5,Canadian Grand Prix,villeneuve,antonelli,ANT,mercedes,2,1,25.0,Finished,1,0,2,1,1.0,93.0,3.0,1.0,160.0,4.0,1.0,4.0,75.0,0.0,-1.1666666666666665,99.0,3.0,1.0,1,1,0.0,0
2026,5,Canadian Grand Prix,villeneuve,hamilton,HAM,ferrari,5,2,18.0,Finished,1,0,5,0,4.0,43.0,0.0,2.0,89.0,0.0,5.0,5.4,31.0,0.0,0.0,65.0,3.4,0.6,1,3,0.0,0
2026,5,Canadian Grand Prix,villeneuve,max_verstappen,VER,red_bull,6,3,15.0,Finished,1,0,6,0,7.0,22.0,0.0,4.0,26.0,0.0,9.666666666666666,7.2,14.0,0.2,-2.166666666666668,39.0,2.0,0.8,1,2,0.0,0
2026,5,Canadian Grand Prix,villeneuve,leclerc,LEC,ferrari,8,4,12.0,Finished,0,0,8,0,3.0,46.0,0.0,2.0,89.0,0.0,5.0,4.4,31.0,0.0,0.0,65.0,7.2,0.2,1,5,0.0,0
2026,5,Canadian Grand Prix,villeneuve,hadjar,HAD,red_bull,7,5,10.0,Lapped,0,1,7,0,13.0,4.0,0.0,4.0,26.0,0.0,14.0,15.8,4.0,0.6,2.166666666666666,39.0,16.0,0.0,3,4,0.0,0
2026,5,Canadian Grand Prix,villeneuve,colapinto,COL,alpine,10,6,8.0,Lapped,0,1,10,0,11.0,7.0,0.0,5.0,22.0,0.0,11.0,13.4,7.0,0.6,-0.16666666666666607,24.0,13.0,0.0,1,8,0.0,0
2026,5,Canadian Grand Prix,villeneuve,lawson,LAW,rb,12,7,6.0,Lapped,0,1,12,0,10.0,8.0,0.0,7.0,12.0,0.0,12.0,13.4,8.0,0.6,-0.6666666666666661,8.0,19.0,0.0,1,10,0.0,0
2026,5,Canadian Grand Prix,villeneuve,gasly,GAS,alpine,14,8,4.0,Lapped,0,1,14,0,9.0,15.0,0.0,5.0,22.0,0.0,11.333333333333334,12.6,14.0,0.6,0.16666666666666785,24.0,11.6,0.0,1,6,0.0,0
2026,5,Canadian Grand Prix,villeneuve,sainz,SAI,williams,15,9,2.0,Lapped,0,1,15,0,12.0,4.0,0.0,8.0,5.0,0.0,11.0,12.2,4.0,0.4,-3.166666666666666,5.0,8.8,0.2,2,12,0.0,0
2026,5,Canadian Grand Prix,villeneuve,bearman,BEA,haas,16,10,1.0,Lapped,0,1,16,0,8.0,16.0,0.0,6.0,17.0,0.0,12.666666666666666,11.4,10.0,0.6,0.16666666666666607,2.0,11.0,0.0,1,13,0.0,0
2026,5,Canadian Grand Prix,villeneuve,piastri,PIA,mclaren,4,11,0.0,Lapped,0,1,4,0,6.0,33.0,0.0,3.0,71.0,0.0,8.0,9.4,33.0,0.4,-0.5,61.0,6.666666666666667,0.0,3,7,0.0,0
2026,5,Canadian Grand Prix,villeneuve,hulkenberg,HUL,audi,11,12,0.0,Lapped,0,1,11,0,19.0,0.0,0.0,9.0,2.0,0.0,13.666666666666666,14.4,0.0,0.6,-0.8333333333333339,0.0,10.25,0.0,2,15,0.0,0
2026,5,Canadian Grand Prix,villeneuve,bortoleto,BOR,audi,13,13,0.0,Lapped,0,1,13,0,15.0,2.0,0.0,9.0,2.0,0.0,15.333333333333334,13.2,0.0,0.6,0.8333333333333339,0.0,14.0,0.0,2,10,207.043,0
2026,5,Canadian Grand Prix,villeneuve,ocon,OCO,haas,17,14,0.0,Lapped,0,1,17,0,17.0,1.0,0.0,6.0,17.0,0.0,12.333333333333334,11.0,1.0,0.6,-0.16666666666666607,2.0,8.25,0.0,2,10,207.043,0
2026,5,Canadian Grand Prix,villeneuve,stroll,STR,aston_martin,22,15,0.0,Lapped,0,1,21,0,22.0,0.0,0.0,10.0,0.0,0.0,18.666666666666668,16.6,0.0,0.8,1.0,0.0,10.4,0.0,2,10,207.043,1
2026,5,Canadian Grand Prix,villeneuve,bottas,BOT,cadillac,21,16,0.0,Lapped,0,1,22,0,20.0,0.0,0.0,11.0,0.0,0.0,16.666666666666668,17.4,0.0,1.0,0.3333333333333357,0.0,8.5,0.0,4,10,207.043,0
2026,5,Canadian Grand Prix,villeneuve,perez,PER,cadillac,20,17,0.0,Retired,0,1,20,0,21.0,0.0,0.0,11.0,0.0,0.0,16.0,16.8,0.0,0.8,-0.33333333333333215,0.0,14.0,0.0,3,10,207.043,0
2026,5,Canadian Grand Prix,villeneuve,norris,NOR,mclaren,3,18,0.0,Retired,0,1,3,0,5.0,38.0,0.0,3.0,71.0,0.0,9.0,7.0,28.0,0.2,0.5,61.0,13.6,0.2,2,10,207.043,0
2026,5,Canadian Grand Prix,villeneuve,russell,RUS,mercedes,1,19,0.0,Retired,0,1,1,1,2.0,67.0,1.0,1.0,160.0,4.0,3.3333333333333335,3.2,42.0,0.0,1.166666666666667,99.0,8.6,0.4,2,10,207.043,0
2026,5,Canadian Grand Prix,villeneuve,alonso,ALO,aston_martin,19,20,0.0,Retired,0,1,19,0,18.0,0.0,0.0,10.0,0.0,0.0,16.666666666666668,14.8,0.0,0.8,-1.0,0.0,6.0,0.25,1,10,207.043,0
2026,5,Canadian Grand Prix,villeneuve,albon,ALB,williams,18,21,0.0,Retired,0,1,18,0,16.0,1.0,0.0,8.0,5.0,0.0,17.333333333333332,16.0,1.0,0.6,3.166666666666666,5.0,15.2,0.0,2,10,207.043,0
2026,5,Canadian Grand Prix,villeneuve,arvid_lindblad,LIN,rb,9,22,0.0,Did not start,0,1,9,0,14.0,4.0,0.0,7.0,12.0,0.0,13.333333333333334,12.0,0.0,0.75,0.6666666666666679,8.0,10.0,0.0,2,10,207.043,0
